"Workout #";"Date";"Workout Name";"Duration (sec)";"Exercise Name";"Set Order";"Weight (kg)";"Reps";"RPE";"Distance (meters)";"Seconds";"Notes";"Workout Notes"
"1";"2026-01-12 19:06:55";"Push";"6672";"Bench Press (Barbell)";"W";"40.0";"10";"";"";"";"";""
"1";"2026-01-12 19:06:55";"Push";"6672";"Bench Press (Barbell)";"1";"60.0";"10";"";"";"";"";""
"1";"2026-01-12 19:06:55";"Push";"6672";"Bench Press (Barbell)";"Rest Timer";"";"";"";"";"120.0";"";""
"1";"2026-01-12 19:06:55";"Push";"6672";"Bench Press (Barbell)";"2";"70.0";"10";"";"";"";"";""
"1";"2026-01-12 19:06:55";"Push";"6672";"Bench Press (Barbell)";"Rest Timer";"";"";"";"";"120.0";"";""
"1";"2026-01-12 19:06:55";"Push";"6672";"Bench Press (Barbell)";"3";"80.0";"6";"";"";"";"";""
"1";"2026-01-12 19:06:55";"Push";"6672";"Bench Press (Barbell)";"Rest Timer";"";"";"";"";"120.0";"";""
"1";"2026-01-12 19:06:55";"Push";"6672";"Seated Overhead Press (Dumbbell)";"W";"16.0";"10";"";"";"";"";""
"1";"2026-01-12 19:06:55";"Push";"6672";"Seated Overhead Press (Dumbbell)";"1";"22.0";"10";"";"";"";"";""
"1";"2026-01-12 19:06:55";"Push";"6672";"Seated Overhead Press (Dumbbell)";"Rest Timer";"";"";"";"";"120.0";"";""
"1";"2026-01-12 19:06:55";"Push";"6672";"Seated Overhead Press (Dumbbell)";"2";"30.0";"8";"";"";"";"";""
"1";"2026-01-12 19:06:55";"Push";"6672";"Seated Overhead Press (Dumbbell)";"Rest Timer";"";"";"";"";"120.0";"";""
"1";"2026-01-12 19:06:55";"Push";"6672";"Seated Overhead Press (Dumbbell)";"3";"30.0";"6";"";"";"";"";""
"1";"2026-01-12 19:06:55";"Push";"6672";"Seated Overhead Press (Dumbbell)";"Rest Timer";"";"";"";"";"120.0";"";""
"1";"2026-01-12 19:06:55";"Push";"6672";"Incline Chest Press (Machine)";"1";"30.0";"10";"";"";"";"";""
"1";"2026-01-12 19:06:55";"Push";"6672";"Incline Chest Press (Machine)";"Rest Timer";"";"";"";"";"120.0";"";""
"1";"2026-01-12 19:06:55";"Push";"6672";"Incline Chest Press (Machine)";"2";"60.0";"11";"";"";"";"";""
"1";"2026-01-12 19:06:55";"Push";"6672";"Incline Chest Press (Machine)";"Rest Timer";"";"";"";"";"120.0";"";""
"1";"2026-01-12 19:06:55";"Push";"6672";"Incline Chest Press (Machine)";"3";"90.0";"7";"";"";"";"";""
"1";"2026-01-12 19:06:55";"Push";"6672";"Incline Chest Press (Machine)";"Rest Timer";"";"";"";"";"120.0";"";""
"1";"2026-01-12 19:06:55";"Push";"6672";"Incline Chest Press (Machine)";"4";"90.0";"8";"";"";"";"";""
"1";"2026-01-12 19:06:55";"Push";"6672";"Incline Chest Press (Machine)";"Rest Timer";"";"";"";"";"120.0";"";""
"1";"2026-01-12 19:06:55";"Push";"6672";"Lateral Raise (Cable)";"1";"5.0";"10";"";"";"";"";""
"1";"2026-01-12 19:06:55";"Push";"6672";"Lateral Raise (Cable)";"Rest Timer";"";"";"";"";"120.0";"";""
"1";"2026-01-12 19:06:55";"Push";"6672";"Lateral Raise (Cable)";"2";"10.0";"10";"";"";"";"";""
"1";"2026-01-12 19:06:55";"Push";"6672";"Lateral Raise (Cable)";"Rest Timer";"";"";"";"";"120.0";"";""
"1";"2026-01-12 19:06:55";"Push";"6672";"Lateral Raise (Cable)";"3";"15.0";"8";"";"";"";"";""
"1";"2026-01-12 19:06:55";"Push";"6672";"Lateral Raise (Cable)";"Rest Timer";"";"";"";"";"120.0";"";""
"1";"2026-01-12 19:06:55";"Push";"6672";"Lateral Raise (Cable)";"4";"20.0";"7";"";"";"";"";""
"1";"2026-01-12 19:06:55";"Push";"6672";"Lateral Raise (Cable)";"Rest Timer";"";"";"";"";"120.0";"";""
"1";"2026-01-12 19:06:55";"Push";"6672";"Skullcrusher (Dumbbell)";"F";"12.0";"7";"";"";"";"";""
"1";"2026-01-12 19:06:55";"Push";"6672";"Skullcrusher (Dumbbell)";"Rest Timer";"";"";"";"";"120.0";"";""
"1";"2026-01-12 19:06:55";"Push";"6672";"Skullcrusher (Dumbbell)";"2";"12.0";"4";"";"";"";"";""
"1";"2026-01-12 19:06:55";"Push";"6672";"Skullcrusher (Dumbbell)";"Rest Timer";"";"";"";"";"120.0";"";""
"1";"2026-01-12 19:06:55";"Push";"6672";"Skullcrusher (Dumbbell)";"3";"8.0";"6";"";"";"";"";""
"1";"2026-01-12 19:06:55";"Push";"6672";"Skullcrusher (Dumbbell)";"Rest Timer";"";"";"";"";"120.0";"";""
"1";"2026-01-12 19:06:55";"Push";"6672";"Skullcrusher (Dumbbell)";"4";"8.0";"6";"";"";"";"";""
"1";"2026-01-12 19:06:55";"Push";"6672";"Skullcrusher (Dumbbell)";"Rest Timer";"";"";"";"";"120.0";"";""
"1";"2026-01-12 19:06:55";"Push";"6672";"Triceps Extension";"W";"11.0";"10";"";"";"";"";""
"1";"2026-01-12 19:06:55";"Push";"6672";"Triceps Extension";"1";"18.0";"12";"";"";"";"";""
"1";"2026-01-12 19:06:55";"Push";"6672";"Triceps Extension";"Rest Timer";"";"";"";"";"120.0";"";""
"1";"2026-01-12 19:06:55";"Push";"6672";"Triceps Extension";"2";"27.0";"7";"";"";"";"";""
"1";"2026-01-12 19:06:55";"Push";"6672";"Triceps Extension";"Rest Timer";"";"";"";"";"120.0";"";""
"1";"2026-01-12 19:06:55";"Push";"6672";"Triceps Extension";"3";"27.0";"7";"";"";"";"";""
"1";"2026-01-12 19:06:55";"Push";"6672";"Triceps Extension";"Rest Timer";"";"";"";"";"120.0";"";""
"2";"2026-01-15 19:42:18";"Pull";"3009";"Lat Pulldown (Cable)";"1";"15.0";"20";"";"";"";"";""
"2";"2026-01-15 19:42:18";"Pull";"3009";"Lat Pulldown (Cable)";"Rest Timer";"";"";"";"";"120.0";"";""
"2";"2026-01-15 19:42:18";"Pull";"3009";"Lat Pulldown (Cable)";"2";"30.0";"15";"";"";"";"";""
"2";"2026-01-15 19:42:18";"Pull";"3009";"Lat Pulldown (Cable)";"Rest Timer";"";"";"";"";"120.0";"";""
"2";"2026-01-15 19:42:18";"Pull";"3009";"Lat Pulldown (Cable)";"3";"45.0";"15";"";"";"";"";""
"2";"2026-01-15 19:42:18";"Pull";"3009";"Lat Pulldown (Cable)";"Rest Timer";"";"";"";"";"120.0";"";""
"2";"2026-01-15 19:42:18";"Pull";"3009";"Lat Pulldown (Cable)";"4";"50.0";"4";"";"";"";"";""
"2";"2026-01-15 19:42:18";"Pull";"3009";"Lat Pulldown (Cable)";"Rest Timer";"";"";"";"";"120.0";"";""
"2";"2026-01-15 19:42:18";"Pull";"3009";"Seated Row (Machine)";"1";"30.0";"13";"";"";"";"";""
"2";"2026-01-15 19:42:18";"Pull";"3009";"Seated Row (Machine)";"Rest Timer";"";"";"";"";"120.0";"";""
"2";"2026-01-15 19:42:18";"Pull";"3009";"Seated Row (Machine)";"2";"40.0";"10";"";"";"";"";""
"2";"2026-01-15 19:42:18";"Pull";"3009";"Seated Row (Machine)";"Rest Timer";"";"";"";"";"120.0";"";""
"2";"2026-01-15 19:42:18";"Pull";"3009";"Seated Row (Machine)";"3";"60.0";"7";"";"";"";"";""
"2";"2026-01-15 19:42:18";"Pull";"3009";"Seated Row (Machine)";"Rest Timer";"";"";"";"";"120.0";"";""
"2";"2026-01-15 19:42:18";"Pull";"3009";"Seated Row (Machine)";"4";"0.0";"0";"";"";"";"";""
"2";"2026-01-15 19:42:18";"Pull";"3009";"Seated Row (Machine)";"Rest Timer";"";"";"";"";"120.0";"";""
"2";"2026-01-15 19:42:18";"Pull";"3009";"Face Pull (Cable)";"1";"20.0";"10";"";"";"";"";""
"2";"2026-01-15 19:42:18";"Pull";"3009";"Face Pull (Cable)";"Rest Timer";"";"";"";"";"120.0";"";""
"2";"2026-01-15 19:42:18";"Pull";"3009";"Face Pull (Cable)";"2";"40.0";"10";"";"";"";"";""
"2";"2026-01-15 19:42:18";"Pull";"3009";"Face Pull (Cable)";"Rest Timer";"";"";"";"";"120.0";"";""
"2";"2026-01-15 19:42:18";"Pull";"3009";"Face Pull (Cable)";"3";"55.0";"7";"";"";"";"";""
"2";"2026-01-15 19:42:18";"Pull";"3009";"Face Pull (Cable)";"Rest Timer";"";"";"";"";"120.0";"";""
"2";"2026-01-15 19:42:18";"Pull";"3009";"Bicep Curl (Machine)";"1";"25.0";"8";"";"";"";"";""
"2";"2026-01-15 19:42:18";"Pull";"3009";"Bicep Curl (Machine)";"Rest Timer";"";"";"";"";"120.0";"";""
"2";"2026-01-15 19:42:18";"Pull";"3009";"Bicep Curl (Machine)";"2";"35.0";"8";"";"";"";"";""
"2";"2026-01-15 19:42:18";"Pull";"3009";"Bicep Curl (Machine)";"Rest Timer";"";"";"";"";"120.0";"";""
"2";"2026-01-15 19:42:18";"Pull";"3009";"Bicep Curl (Machine)";"3";"45.0";"6";"";"";"";"";""
"2";"2026-01-15 19:42:18";"Pull";"3009";"Bicep Curl (Machine)";"Rest Timer";"";"";"";"";"120.0";"";""
"2";"2026-01-15 19:42:18";"Pull";"3009";"Bicep Curl (Dumbbell)";"1";"12.0";"11";"";"";"";"";""
"2";"2026-01-15 19:42:18";"Pull";"3009";"Bicep Curl (Dumbbell)";"Rest Timer";"";"";"";"";"120.0";"";""
"2";"2026-01-15 19:42:18";"Pull";"3009";"Bicep Curl (Dumbbell)";"2";"16.0";"8";"";"";"";"";""
"2";"2026-01-15 19:42:18";"Pull";"3009";"Bicep Curl (Dumbbell)";"Rest Timer";"";"";"";"";"120.0";"";""
"2";"2026-01-15 19:42:18";"Pull";"3009";"Bicep Curl (Dumbbell)";"D";"18.0";"4";"";"";"";"";""
"2";"2026-01-15 19:42:18";"Pull";"3009";"Bicep Curl (Dumbbell)";"4";"12.0";"4";"";"";"";"";""
"2";"2026-01-15 19:42:18";"Pull";"3009";"Bicep Curl (Dumbbell)";"Rest Timer";"";"";"";"";"120.0";"";""
"2";"2026-01-15 19:42:18";"Pull";"3009";"Bicep Curl (Dumbbell)";"5";"5.0";"11";"";"";"";"";""
"2";"2026-01-15 19:42:18";"Pull";"3009";"Bicep Curl (Dumbbell)";"Rest Timer";"";"";"";"";"120.0";"";""
"2";"2026-01-15 19:42:18";"Pull";"3009";"Inverted Row (Bodyweight)";"1";"";"5";"";"";"";"";""
"2";"2026-01-15 19:42:18";"Pull";"3009";"Inverted Row (Bodyweight)";"Rest Timer";"";"";"";"";"120.0";"";""
"2";"2026-01-15 19:42:18";"Pull";"3009";"Inverted Row (Bodyweight)";"2";"";"7";"";"";"";"";""
"2";"2026-01-15 19:42:18";"Pull";"3009";"Inverted Row (Bodyweight)";"Rest Timer";"";"";"";"";"120.0";"";""
"2";"2026-01-15 19:42:18";"Pull";"3009";"Inverted Row (Bodyweight)";"3";"";"5";"";"";"";"";""
"2";"2026-01-15 19:42:18";"Pull";"3009";"Inverted Row (Bodyweight)";"Rest Timer";"";"";"";"";"120.0";"";""
"3";"2026-01-21 18:51:44";"Push";"4644";"Bench Press (Barbell)";"W";"50.0";"10";"";"";"";"";""
"3";"2026-01-21 18:51:44";"Push";"4644";"Bench Press (Barbell)";"1";"70.0";"10";"";"";"";"";""
"3";"2026-01-21 18:51:44";"Push";"4644";"Bench Press (Barbell)";"Rest Timer";"";"";"";"";"120.0";"";""
"3";"2026-01-21 18:51:44";"Push";"4644";"Bench Press (Barbell)";"2";"90.0";"5";"";"";"";"";""
"3";"2026-01-21 18:51:44";"Push";"4644";"Bench Press (Barbell)";"Rest Timer";"";"";"";"";"120.0";"";""
"3";"2026-01-21 18:51:44";"Push";"4644";"Bench Press (Barbell)";"3";"90.0";"3";"";"";"";"";""
"3";"2026-01-21 18:51:44";"Push";"4644";"Bench Press (Barbell)";"Rest Timer";"";"";"";"";"120.0";"";""
"3";"2026-01-21 18:51:44";"Push";"4644";"Seated Overhead Press (Dumbbell)";"W";"20.0";"10";"";"";"";"";""
"3";"2026-01-21 18:51:44";"Push";"4644";"Seated Overhead Press (Dumbbell)";"1";"28.0";"10";"";"";"";"";""
"3";"2026-01-21 18:51:44";"Push";"4644";"Seated Overhead Press (Dumbbell)";"Rest Timer";"";"";"";"";"120.0";"";""
"3";"2026-01-21 18:51:44";"Push";"4644";"Seated Overhead Press (Dumbbell)";"2";"34.0";"6";"";"";"";"";""
"3";"2026-01-21 18:51:44";"Push";"4644";"Seated Overhead Press (Dumbbell)";"Rest Timer";"";"";"";"";"120.0";"";""
"3";"2026-01-21 18:51:44";"Push";"4644";"Seated Overhead Press (Dumbbell)";"3";"30.0";"8";"";"";"";"";""
"3";"2026-01-21 18:51:44";"Push";"4644";"Seated Overhead Press (Dumbbell)";"Rest Timer";"";"";"";"";"120.0";"";""
"3";"2026-01-21 18:51:44";"Push";"4644";"Incline Chest Fly (Dumbbell)";"1";"8.0";"10";"";"";"";"";""
"3";"2026-01-21 18:51:44";"Push";"4644";"Incline Chest Fly (Dumbbell)";"Rest Timer";"";"";"";"";"120.0";"";""
"3";"2026-01-21 18:51:44";"Push";"4644";"Incline Chest Fly (Dumbbell)";"2";"16.0";"10";"";"";"";"";""
"3";"2026-01-21 18:51:44";"Push";"4644";"Incline Chest Fly (Dumbbell)";"Rest Timer";"";"";"";"";"120.0";"";""
"3";"2026-01-21 18:51:44";"Push";"4644";"Incline Chest Fly (Dumbbell)";"3";"24.0";"8";"";"";"";"";""
"3";"2026-01-21 18:51:44";"Push";"4644";"Incline Chest Fly (Dumbbell)";"Rest Timer";"";"";"";"";"120.0";"";""
"3";"2026-01-21 18:51:44";"Push";"4644";"Incline Chest Fly (Dumbbell)";"4";"0.0";"0";"";"";"";"";""
"3";"2026-01-21 18:51:44";"Push";"4644";"Incline Chest Fly (Dumbbell)";"Rest Timer";"";"";"";"";"120.0";"";""
"3";"2026-01-21 18:51:44";"Push";"4644";"Lateral Raise (Cable)";"1";"10.0";"10";"";"";"";"";""
"3";"2026-01-21 18:51:44";"Push";"4644";"Lateral Raise (Cable)";"Rest Timer";"";"";"";"";"120.0";"";""
"3";"2026-01-21 18:51:44";"Push";"4644";"Lateral Raise (Cable)";"2";"10.0";"11";"";"";"";"";""
"3";"2026-01-21 18:51:44";"Push";"4644";"Lateral Raise (Cable)";"Rest Timer";"";"";"";"";"120.0";"";""
"3";"2026-01-21 18:51:44";"Push";"4644";"Lateral Raise (Cable)";"3";"15.0";"9";"";"";"";"";""
"3";"2026-01-21 18:51:44";"Push";"4644";"Lateral Raise (Cable)";"Rest Timer";"";"";"";"";"120.0";"";""
"3";"2026-01-21 18:51:44";"Push";"4644";"Lateral Raise (Cable)";"4";"10.0";"12";"";"";"";"";""
"3";"2026-01-21 18:51:44";"Push";"4644";"Lateral Raise (Cable)";"Rest Timer";"";"";"";"";"120.0";"";""
"3";"2026-01-21 18:51:44";"Push";"4644";"Skullcrusher (Barbell)";"1";"10.0";"10";"";"";"";"";""
"3";"2026-01-21 18:51:44";"Push";"4644";"Skullcrusher (Barbell)";"Rest Timer";"";"";"";"";"120.0";"";""
"3";"2026-01-21 18:51:44";"Push";"4644";"Skullcrusher (Barbell)";"2";"18.0";"10";"";"";"";"";""
"3";"2026-01-21 18:51:44";"Push";"4644";"Skullcrusher (Barbell)";"Rest Timer";"";"";"";"";"120.0";"";""
"3";"2026-01-21 18:51:44";"Push";"4644";"Skullcrusher (Barbell)";"D";"27.0";"4";"";"";"";"";""
"3";"2026-01-21 18:51:44";"Push";"4644";"Skullcrusher (Barbell)";"4";"18.0";"5";"";"";"";"";""
"3";"2026-01-21 18:51:44";"Push";"4644";"Skullcrusher (Barbell)";"Rest Timer";"";"";"";"";"120.0";"";""
"3";"2026-01-21 18:51:44";"Push";"4644";"Triceps Extension";"W";"11.0";"10";"";"";"";"";""
"3";"2026-01-21 18:51:44";"Push";"4644";"Triceps Extension";"1";"20.0";"12";"";"";"";"";""
"3";"2026-01-21 18:51:44";"Push";"4644";"Triceps Extension";"Rest Timer";"";"";"";"";"120.0";"";""
"3";"2026-01-21 18:51:44";"Push";"4644";"Triceps Extension";"2";"29.0";"8";"";"";"";"";""
"3";"2026-01-21 18:51:44";"Push";"4644";"Triceps Extension";"Rest Timer";"";"";"";"";"120.0";"";""
"3";"2026-01-21 18:51:44";"Push";"4644";"Triceps Extension";"3";"29.0";"5";"";"";"";"";""
"3";"2026-01-21 18:51:44";"Push";"4644";"Triceps Extension";"Rest Timer";"";"";"";"";"120.0";"";""
"4";"2026-01-28 19:47:36";"Pull";"3530";"Lat Pulldown (Cable)";"1";"20.0";"10";"";"";"";"";""
"4";"2026-01-28 19:47:36";"Pull";"3530";"Lat Pulldown (Cable)";"Rest Timer";"";"";"";"";"120.0";"";""
"4";"2026-01-28 19:47:36";"Pull";"3530";"Lat Pulldown (Cable)";"2";"40.0";"15";"";"";"";"";""
"4";"2026-01-28 19:47:36";"Pull";"3530";"Lat Pulldown (Cable)";"Rest Timer";"";"";"";"";"120.0";"";""
"4";"2026-01-28 19:47:36";"Pull";"3530";"Lat Pulldown (Cable)";"3";"55.0";"10";"";"";"";"";""
"4";"2026-01-28 19:47:36";"Pull";"3530";"Lat Pulldown (Cable)";"Rest Timer";"";"";"";"";"120.0";"";""
"4";"2026-01-28 19:47:36";"Pull";"3530";"Lat Pulldown (Cable)";"D";"65.0";"3";"";"";"";"";""
"4";"2026-01-28 19:47:36";"Pull";"3530";"Lat Pulldown (Cable)";"5";"50.0";"5";"";"";"";"";""
"4";"2026-01-28 19:47:36";"Pull";"3530";"Lat Pulldown (Cable)";"Rest Timer";"";"";"";"";"120.0";"";""
"4";"2026-01-28 19:47:36";"Pull";"3530";"Seated Row (Machine)";"1";"60.0";"9";"";"";"";"";""
"4";"2026-01-28 19:47:36";"Pull";"3530";"Seated Row (Machine)";"Rest Timer";"";"";"";"";"120.0";"";""
"4";"2026-01-28 19:47:36";"Pull";"3530";"Seated Row (Machine)";"2";"60.0";"7";"";"";"";"";""
"4";"2026-01-28 19:47:36";"Pull";"3530";"Seated Row (Machine)";"Rest Timer";"";"";"";"";"120.0";"";""
"4";"2026-01-28 19:47:36";"Pull";"3530";"Seated Row (Machine)";"3";"60.0";"7";"";"";"";"";""
"4";"2026-01-28 19:47:36";"Pull";"3530";"Seated Row (Machine)";"Rest Timer";"";"";"";"";"120.0";"";""
"4";"2026-01-28 19:47:36";"Pull";"3530";"Seated Row (Machine)";"4";"70.0";"9";"";"";"";"";""
"4";"2026-01-28 19:47:36";"Pull";"3530";"Seated Row (Machine)";"Rest Timer";"";"";"";"";"120.0";"";""
"4";"2026-01-28 19:47:36";"Pull";"3530";"Face Pull (Cable)";"1";"20.0";"13";"";"";"";"";""
"4";"2026-01-28 19:47:36";"Pull";"3530";"Face Pull (Cable)";"Rest Timer";"";"";"";"";"120.0";"";""
"4";"2026-01-28 19:47:36";"Pull";"3530";"Face Pull (Cable)";"2";"40.0";"14";"";"";"";"";""
"4";"2026-01-28 19:47:36";"Pull";"3530";"Face Pull (Cable)";"Rest Timer";"";"";"";"";"120.0";"";""
"4";"2026-01-28 19:47:36";"Pull";"3530";"Face Pull (Cable)";"3";"60.0";"8";"";"";"";"";""
"4";"2026-01-28 19:47:36";"Pull";"3530";"Face Pull (Cable)";"Rest Timer";"";"";"";"";"120.0";"";""
"4";"2026-01-28 19:47:36";"Pull";"3530";"Bicep Curl (Machine)";"1";"25.0";"14";"";"";"";"";""
"4";"2026-01-28 19:47:36";"Pull";"3530";"Bicep Curl (Machine)";"Rest Timer";"";"";"";"";"120.0";"";""
"4";"2026-01-28 19:47:36";"Pull";"3530";"Bicep Curl (Machine)";"2";"40.0";"10";"";"";"";"";""
"4";"2026-01-28 19:47:36";"Pull";"3530";"Bicep Curl (Machine)";"Rest Timer";"";"";"";"";"120.0";"";""
"4";"2026-01-28 19:47:36";"Pull";"3530";"Bicep Curl (Machine)";"3";"50.0";"5";"";"";"";"";""
"4";"2026-01-28 19:47:36";"Pull";"3530";"Bicep Curl (Machine)";"Rest Timer";"";"";"";"";"120.0";"";""
"4";"2026-01-28 19:47:36";"Pull";"3530";"Bicep Curl (Dumbbell)";"1";"14.0";"14";"";"";"";"";""
"4";"2026-01-28 19:47:36";"Pull";"3530";"Bicep Curl (Dumbbell)";"Rest Timer";"";"";"";"";"120.0";"";""
"4";"2026-01-28 19:47:36";"Pull";"3530";"Bicep Curl (Dumbbell)";"2";"16.0";"11";"";"";"";"";""
"4";"2026-01-28 19:47:36";"Pull";"3530";"Bicep Curl (Dumbbell)";"Rest Timer";"";"";"";"";"120.0";"";""
"4";"2026-01-28 19:47:36";"Pull";"3530";"Bicep Curl (Dumbbell)";"D";"18.0";"7";"";"";"";"";""
"4";"2026-01-28 19:47:36";"Pull";"3530";"Bicep Curl (Dumbbell)";"D";"14.0";"7";"";"";"";"";""
"4";"2026-01-28 19:47:36";"Pull";"3530";"Bicep Curl (Dumbbell)";"D";"8.0";"7";"";"";"";"";""
"4";"2026-01-28 19:47:36";"Pull";"3530";"Inverted Row (Bodyweight)";"1";"";"5";"";"";"";"";""
"4";"2026-01-28 19:47:36";"Pull";"3530";"Inverted Row (Bodyweight)";"Rest Timer";"";"";"";"";"120.0";"";""
"4";"2026-01-28 19:47:36";"Pull";"3530";"Inverted Row (Bodyweight)";"2";"";"7";"";"";"";"";""
"4";"2026-01-28 19:47:36";"Pull";"3530";"Inverted Row (Bodyweight)";"Rest Timer";"";"";"";"";"120.0";"";""
"4";"2026-01-28 19:47:36";"Pull";"3530";"Inverted Row (Bodyweight)";"3";"";"6";"";"";"";"";""
"4";"2026-01-28 19:47:36";"Pull";"3530";"Inverted Row (Bodyweight)";"Rest Timer";"";"";"";"";"120.0";"";""
"5";"2026-01-29 19:50:03";"Push";"3944";"Bench Press (Barbell)";"W";"57.0";"10";"";"";"";"";""
"5";"2026-01-29 19:50:03";"Push";"3944";"Bench Press (Barbell)";"1";"77.0";"11";"";"";"";"";""
"5";"2026-01-29 19:50:03";"Push";"3944";"Bench Press (Barbell)";"Rest Timer";"";"";"";"";"120.0";"";""
"5";"2026-01-29 19:50:03";"Push";"3944";"Bench Press (Barbell)";"2";"97.0";"3";"";"";"";"";""
"5";"2026-01-29 19:50:03";"Push";"3944";"Bench Press (Barbell)";"Rest Timer";"";"";"";"";"120.0";"";""
"5";"2026-01-29 19:50:03";"Push";"3944";"Bench Press (Barbell)";"3";"87.0";"6";"";"";"";"";""
"5";"2026-01-29 19:50:03";"Push";"3944";"Bench Press (Barbell)";"Rest Timer";"";"";"";"";"120.0";"";""
"5";"2026-01-29 19:50:03";"Push";"3944";"Seated Overhead Press (Dumbbell)";"W";"22.0";"10";"";"";"";"";""
"5";"2026-01-29 19:50:03";"Push";"3944";"Seated Overhead Press (Dumbbell)";"1";"32.0";"9";"";"";"";"";""
"5";"2026-01-29 19:50:03";"Push";"3944";"Seated Overhead Press (Dumbbell)";"Rest Timer";"";"";"";"";"120.0";"";""
"5";"2026-01-29 19:50:03";"Push";"3944";"Seated Overhead Press (Dumbbell)";"2";"36.0";"6";"";"";"";"";""
"5";"2026-01-29 19:50:03";"Push";"3944";"Seated Overhead Press (Dumbbell)";"Rest Timer";"";"";"";"";"120.0";"";""
"5";"2026-01-29 19:50:03";"Push";"3944";"Seated Overhead Press (Dumbbell)";"3";"32.0";"7";"";"";"";"";""
"5";"2026-01-29 19:50:03";"Push";"3944";"Seated Overhead Press (Dumbbell)";"Rest Timer";"";"";"";"";"120.0";"";""
"5";"2026-01-29 19:50:03";"Push";"3944";"Incline Chest Fly (Dumbbell)";"1";"12.0";"12";"";"";"";"";""
"5";"2026-01-29 19:50:03";"Push";"3944";"Incline Chest Fly (Dumbbell)";"Rest Timer";"";"";"";"";"120.0";"";""
"5";"2026-01-29 19:50:03";"Push";"3944";"Incline Chest Fly (Dumbbell)";"2";"22.0";"9";"";"";"";"";""
"5";"2026-01-29 19:50:03";"Push";"3944";"Incline Chest Fly (Dumbbell)";"Rest Timer";"";"";"";"";"120.0";"";""
"5";"2026-01-29 19:50:03";"Push";"3944";"Incline Chest Fly (Dumbbell)";"3";"24.0";"7";"";"";"";"";""
"5";"2026-01-29 19:50:03";"Push";"3944";"Incline Chest Fly (Dumbbell)";"Rest Timer";"";"";"";"";"120.0";"";""
"5";"2026-01-29 19:50:03";"Push";"3944";"Incline Chest Fly (Dumbbell)";"4";"0.0";"0";"";"";"";"";""
"5";"2026-01-29 19:50:03";"Push";"3944";"Incline Chest Fly (Dumbbell)";"Rest Timer";"";"";"";"";"120.0";"";""
"5";"2026-01-29 19:50:03";"Push";"3944";"Lateral Raise (Cable)";"1";"10.0";"12";"";"";"";"";""
"5";"2026-01-29 19:50:03";"Push";"3944";"Lateral Raise (Cable)";"Rest Timer";"";"";"";"";"120.0";"";""
"5";"2026-01-29 19:50:03";"Push";"3944";"Lateral Raise (Cable)";"2";"10.0";"12";"";"";"";"";""
"5";"2026-01-29 19:50:03";"Push";"3944";"Lateral Raise (Cable)";"Rest Timer";"";"";"";"";"120.0";"";""
"5";"2026-01-29 19:50:03";"Push";"3944";"Lateral Raise (Cable)";"3";"15.0";"10";"";"";"";"";""
"5";"2026-01-29 19:50:03";"Push";"3944";"Lateral Raise (Cable)";"Rest Timer";"";"";"";"";"120.0";"";""
"5";"2026-01-29 19:50:03";"Push";"3944";"Lateral Raise (Cable)";"4";"10.0";"13";"";"";"";"";""
"5";"2026-01-29 19:50:03";"Push";"3944";"Lateral Raise (Cable)";"Rest Timer";"";"";"";"";"120.0";"";""
"5";"2026-01-29 19:50:03";"Push";"3944";"Skullcrusher (Barbell)";"1";"13.0";"11";"";"";"";"";""
"5";"2026-01-29 19:50:03";"Push";"3944";"Skullcrusher (Barbell)";"Rest Timer";"";"";"";"";"120.0";"";""
"5";"2026-01-29 19:50:03";"Push";"3944";"Skullcrusher (Barbell)";"2";"18.0";"10";"";"";"";"";""
"5";"2026-01-29 19:50:03";"Push";"3944";"Skullcrusher (Barbell)";"Rest Timer";"";"";"";"";"120.0";"";""
"5";"2026-01-29 19:50:03";"Push";"3944";"Skullcrusher (Barbell)";"D";"18.0";"3";"";"";"";"";""
"5";"2026-01-29 19:50:03";"Push";"3944";"Skullcrusher (Barbell)";"4";"18.0";"3";"";"";"";"";""
"5";"2026-01-29 19:50:03";"Push";"3944";"Skullcrusher (Barbell)";"Rest Timer";"";"";"";"";"120.0";"";""
"5";"2026-01-29 19:50:03";"Push";"3944";"Triceps Extension";"W";"25.0";"10";"";"";"";"";""
"5";"2026-01-29 19:50:03";"Push";"3944";"Triceps Extension";"1";"29.0";"7";"";"";"";"";""
"5";"2026-01-29 19:50:03";"Push";"3944";"Triceps Extension";"Rest Timer";"";"";"";"";"120.0";"";""
"5";"2026-01-29 19:50:03";"Push";"3944";"Triceps Extension";"2";"29.0";"6";"";"";"";"";""
"5";"2026-01-29 19:50:03";"Push";"3944";"Triceps Extension";"Rest Timer";"";"";"";"";"120.0";"";""
"5";"2026-01-29 19:50:03";"Push";"3944";"Triceps Extension";"3";"25.0";"8";"";"";"";"";""
"5";"2026-01-29 19:50:03";"Push";"3944";"Triceps Extension";"Rest Timer";"";"";"";"";"120.0";"";""
"6";"2026-02-02 20:06:29";"Push";"3162";"Bench Press (Barbell)";"W";"55.0";"11";"";"";"";"";""
"6";"2026-02-02 20:06:29";"Push";"3162";"Bench Press (Barbell)";"1";"75.0";"12";"";"";"";"";""
"6";"2026-02-02 20:06:29";"Push";"3162";"Bench Press (Barbell)";"Rest Timer";"";"";"";"";"120.0";"";""
"6";"2026-02-02 20:06:29";"Push";"3162";"Bench Press (Barbell)";"2";"100.0";"4";"";"";"";"";""
"6";"2026-02-02 20:06:29";"Push";"3162";"Bench Press (Barbell)";"Rest Timer";"";"";"";"";"120.0";"";""
"6";"2026-02-02 20:06:29";"Push";"3162";"Bench Press (Barbell)";"3";"85.0";"8";"";"";"";"";""
"6";"2026-02-02 20:06:29";"Push";"3162";"Bench Press (Barbell)";"Rest Timer";"";"";"";"";"120.0";"";""
"6";"2026-02-02 20:06:29";"Push";"3162";"Seated Overhead Press (Dumbbell)";"W";"22.0";"10";"";"";"";"";""
"6";"2026-02-02 20:06:29";"Push";"3162";"Seated Overhead Press (Dumbbell)";"1";"28.0";"8";"";"";"";"";""
"6";"2026-02-02 20:06:29";"Push";"3162";"Seated Overhead Press (Dumbbell)";"Rest Timer";"";"";"";"";"120.0";"";""
"6";"2026-02-02 20:06:29";"Push";"3162";"Seated Overhead Press (Dumbbell)";"2";"36.0";"5";"";"";"";"";""
"6";"2026-02-02 20:06:29";"Push";"3162";"Seated Overhead Press (Dumbbell)";"Rest Timer";"";"";"";"";"120.0";"";""
"6";"2026-02-02 20:06:29";"Push";"3162";"Incline Chest Press (Machine)";"1";"35.0";"12";"";"";"";"";""
"6";"2026-02-02 20:06:29";"Push";"3162";"Incline Chest Press (Machine)";"Rest Timer";"";"";"";"";"120.0";"";""
"6";"2026-02-02 20:06:29";"Push";"3162";"Incline Chest Press (Machine)";"2";"50.0";"7";"";"";"";"";""
"6";"2026-02-02 20:06:29";"Push";"3162";"Incline Chest Press (Machine)";"Rest Timer";"";"";"";"";"120.0";"";""
"6";"2026-02-02 20:06:29";"Push";"3162";"Incline Chest Press (Machine)";"D";"60.0";"3";"";"";"";"";""
"6";"2026-02-02 20:06:29";"Push";"3162";"Incline Chest Press (Machine)";"4";"35.0";"3";"";"";"";"";""
"6";"2026-02-02 20:06:29";"Push";"3162";"Incline Chest Press (Machine)";"Rest Timer";"";"";"";"";"120.0";"";""
"6";"2026-02-02 20:06:29";"Push";"3162";"Lateral Raise (Dumbbell)";"1";"8.0";"14";"";"";"";"";""
"6";"2026-02-02 20:06:29";"Push";"3162";"Lateral Raise (Dumbbell)";"Rest Timer";"";"";"";"";"120.0";"";""
"6";"2026-02-02 20:06:29";"Push";"3162";"Lateral Raise (Dumbbell)";"2";"12.0";"12";"";"";"";"";""
"6";"2026-02-02 20:06:29";"Push";"3162";"Lateral Raise (Dumbbell)";"Rest Timer";"";"";"";"";"120.0";"";""
"6";"2026-02-02 20:06:29";"Push";"3162";"Lateral Raise (Dumbbell)";"3";"12.0";"10";"";"";"";"";""
"6";"2026-02-02 20:06:29";"Push";"3162";"Lateral Raise (Dumbbell)";"Rest Timer";"";"";"";"";"120.0";"";""
"6";"2026-02-02 20:06:29";"Push";"3162";"Skullcrusher (Barbell)";"1";"10.0";"10";"";"";"";"";""
"6";"2026-02-02 20:06:29";"Push";"3162";"Skullcrusher (Barbell)";"Rest Timer";"";"";"";"";"120.0";"";""
"6";"2026-02-02 20:06:29";"Push";"3162";"Skullcrusher (Barbell)";"2";"18.0";"14";"";"";"";"";""
"6";"2026-02-02 20:06:29";"Push";"3162";"Skullcrusher (Barbell)";"Rest Timer";"";"";"";"";"120.0";"";""
"6";"2026-02-02 20:06:29";"Push";"3162";"Skullcrusher (Barbell)";"3";"27.0";"8";"";"";"";"";""
"6";"2026-02-02 20:06:29";"Push";"3162";"Skullcrusher (Barbell)";"Rest Timer";"";"";"";"";"120.0";"";""
"6";"2026-02-02 20:06:29";"Push";"3162";"Dips ( Machine)";"1";"30.0";"10";"";"";"";"";""
"6";"2026-02-02 20:06:29";"Push";"3162";"Dips ( Machine)";"Rest Timer";"";"";"";"";"120.0";"";""
"6";"2026-02-02 20:06:29";"Push";"3162";"Dips ( Machine)";"2";"30.0";"9";"";"";"";"";""
"6";"2026-02-02 20:06:29";"Push";"3162";"Dips ( Machine)";"Rest Timer";"";"";"";"";"120.0";"";""
"6";"2026-02-02 20:06:29";"Push";"3162";"Dips ( Machine)";"3";"30.0";"22";"";"";"";"";""
"6";"2026-02-02 20:06:29";"Push";"3162";"Dips ( Machine)";"Rest Timer";"";"";"";"";"120.0";"";""
"7";"2026-02-04 19:47:26";"Pull";"3157";"Lat Pulldown (Cable)";"1";"35.0";"10";"";"";"";"";""
"7";"2026-02-04 19:47:26";"Pull";"3157";"Lat Pulldown (Cable)";"Rest Timer";"";"";"";"";"120.0";"";""
"7";"2026-02-04 19:47:26";"Pull";"3157";"Lat Pulldown (Cable)";"2";"45.0";"12";"";"";"";"";""
"7";"2026-02-04 19:47:26";"Pull";"3157";"Lat Pulldown (Cable)";"Rest Timer";"";"";"";"";"120.0";"";""
"7";"2026-02-04 19:47:26";"Pull";"3157";"Lat Pulldown (Cable)";"D";"70.0";"3";"";"";"";"";""
"7";"2026-02-04 19:47:26";"Pull";"3157";"Lat Pulldown (Cable)";"D";"60.0";"3";"";"";"";"";""
"7";"2026-02-04 19:47:26";"Pull";"3157";"Lat Pulldown (Cable)";"5";"45.0";"5";"";"";"";"";""
"7";"2026-02-04 19:47:26";"Pull";"3157";"Lat Pulldown (Cable)";"Rest Timer";"";"";"";"";"120.0";"";""
"7";"2026-02-04 19:47:26";"Pull";"3157";"Seated Row (Machine)";"1";"60.0";"7";"";"";"";"";""
"7";"2026-02-04 19:47:26";"Pull";"3157";"Seated Row (Machine)";"Rest Timer";"";"";"";"";"120.0";"";""
"7";"2026-02-04 19:47:26";"Pull";"3157";"Seated Row (Machine)";"2";"60.0";"10";"";"";"";"";""
"7";"2026-02-04 19:47:26";"Pull";"3157";"Seated Row (Machine)";"Rest Timer";"";"";"";"";"120.0";"";""
"7";"2026-02-04 19:47:26";"Pull";"3157";"Seated Row (Machine)";"3";"60.0";"8";"";"";"";"";""
"7";"2026-02-04 19:47:26";"Pull";"3157";"Seated Row (Machine)";"Rest Timer";"";"";"";"";"120.0";"";""
"7";"2026-02-04 19:47:26";"Pull";"3157";"Face Pull (Cable)";"1";"20.0";"13";"";"";"";"";""
"7";"2026-02-04 19:47:26";"Pull";"3157";"Face Pull (Cable)";"Rest Timer";"";"";"";"";"120.0";"";""
"7";"2026-02-04 19:47:26";"Pull";"3157";"Face Pull (Cable)";"2";"45.0";"13";"";"";"";"";""
"7";"2026-02-04 19:47:26";"Pull";"3157";"Face Pull (Cable)";"Rest Timer";"";"";"";"";"120.0";"";""
"7";"2026-02-04 19:47:26";"Pull";"3157";"Face Pull (Cable)";"3";"60.0";"10";"";"";"";"";""
"7";"2026-02-04 19:47:26";"Pull";"3157";"Face Pull (Cable)";"Rest Timer";"";"";"";"";"120.0";"";""
"7";"2026-02-04 19:47:26";"Pull";"3157";"Bicep Curl (Machine)";"1";"35.0";"14";"";"";"";"";""
"7";"2026-02-04 19:47:26";"Pull";"3157";"Bicep Curl (Machine)";"Rest Timer";"";"";"";"";"120.0";"";""
"7";"2026-02-04 19:47:26";"Pull";"3157";"Bicep Curl (Machine)";"2";"45.0";"11";"";"";"";"";""
"7";"2026-02-04 19:47:26";"Pull";"3157";"Bicep Curl (Machine)";"Rest Timer";"";"";"";"";"120.0";"";""
"7";"2026-02-04 19:47:26";"Pull";"3157";"Bicep Curl (Machine)";"D";"60.0";"2";"";"";"";"";""
"7";"2026-02-04 19:47:26";"Pull";"3157";"Bicep Curl (Machine)";"4";"50.0";"3";"";"";"";"";""
"7";"2026-02-04 19:47:26";"Pull";"3157";"Bicep Curl (Machine)";"5";"40.0";"4";"";"";"";"";""
"7";"2026-02-04 19:47:26";"Pull";"3157";"Bicep Curl (Dumbbell)";"1";"14.0";"15";"";"";"";"";""
"7";"2026-02-04 19:47:26";"Pull";"3157";"Bicep Curl (Dumbbell)";"Rest Timer";"";"";"";"";"120.0";"";""
"7";"2026-02-04 19:47:26";"Pull";"3157";"Bicep Curl (Dumbbell)";"2";"20.0";"11";"";"";"";"";""
"7";"2026-02-04 19:47:26";"Pull";"3157";"Bicep Curl (Dumbbell)";"Rest Timer";"";"";"";"";"120.0";"";""
"7";"2026-02-04 19:47:26";"Pull";"3157";"Bicep Curl (Dumbbell)";"3";"16.0";"11";"";"";"";"";""
"7";"2026-02-04 19:47:26";"Pull";"3157";"Bicep Curl (Dumbbell)";"Rest Timer";"";"";"";"";"120.0";"";""
"7";"2026-02-04 19:47:26";"Pull";"3157";"T Bar Row";"1";"15.0";"11";"";"";"";"";""
"7";"2026-02-04 19:47:26";"Pull";"3157";"T Bar Row";"Rest Timer";"";"";"";"";"120.0";"";""
"7";"2026-02-04 19:47:26";"Pull";"3157";"T Bar Row";"2";"25.0";"11";"";"";"";"";""
"7";"2026-02-04 19:47:26";"Pull";"3157";"T Bar Row";"Rest Timer";"";"";"";"";"120.0";"";""
"7";"2026-02-04 19:47:26";"Pull";"3157";"T Bar Row";"3";"35.0";"6";"";"";"";"";""
"7";"2026-02-04 19:47:26";"Pull";"3157";"T Bar Row";"Rest Timer";"";"";"";"";"120.0";"";""
"8";"2026-02-09 19:56:25";"Push";"4083";"Bench Press (Barbell)";"W";"55.0";"13";"";"";"";"";""
"8";"2026-02-09 19:56:25";"Push";"4083";"Bench Press (Barbell)";"1";"85.0";"13";"";"";"";"";""
"8";"2026-02-09 19:56:25";"Push";"4083";"Bench Press (Barbell)";"Rest Timer";"";"";"";"";"120.0";"";""
"8";"2026-02-09 19:56:25";"Push";"4083";"Bench Press (Barbell)";"2";"100.0";"4";"";"";"";"";""
"8";"2026-02-09 19:56:25";"Push";"4083";"Bench Press (Barbell)";"Rest Timer";"";"";"";"";"120.0";"";""
"8";"2026-02-09 19:56:25";"Push";"4083";"Bench Press (Barbell)";"3";"85.0";"9";"";"";"";"";""
"8";"2026-02-09 19:56:25";"Push";"4083";"Bench Press (Barbell)";"Rest Timer";"";"";"";"";"120.0";"";""
"8";"2026-02-09 19:56:25";"Push";"4083";"Seated Overhead Press (Dumbbell)";"W";"28.0";"10";"";"";"";"";""
"8";"2026-02-09 19:56:25";"Push";"4083";"Seated Overhead Press (Dumbbell)";"1";"32.0";"6";"";"";"";"";""
"8";"2026-02-09 19:56:25";"Push";"4083";"Seated Overhead Press (Dumbbell)";"Rest Timer";"";"";"";"";"120.0";"";""
"8";"2026-02-09 19:56:25";"Push";"4083";"Seated Overhead Press (Dumbbell)";"D";"36.0";"6";"";"";"";"";""
"8";"2026-02-09 19:56:25";"Push";"4083";"Seated Overhead Press (Dumbbell)";"3";"28.0";"3";"";"";"";"";""
"8";"2026-02-09 19:56:25";"Push";"4083";"Incline Chest Press (Machine)";"1";"40.0";"9";"";"";"";"";""
"8";"2026-02-09 19:56:25";"Push";"4083";"Incline Chest Press (Machine)";"Rest Timer";"";"";"";"";"120.0";"";""
"8";"2026-02-09 19:56:25";"Push";"4083";"Incline Chest Press (Machine)";"2";"50.0";"7";"";"";"";"";""
"8";"2026-02-09 19:56:25";"Push";"4083";"Incline Chest Press (Machine)";"Rest Timer";"";"";"";"";"120.0";"";""
"8";"2026-02-09 19:56:25";"Push";"4083";"Incline Chest Press (Machine)";"3";"35.0";"7";"";"";"";"";""
"8";"2026-02-09 19:56:25";"Push";"4083";"Incline Chest Press (Machine)";"Rest Timer";"";"";"";"";"120.0";"";""
"8";"2026-02-09 19:56:25";"Push";"4083";"Lateral Raise (Dumbbell)";"1";"12.0";"12";"";"";"";"";""
"8";"2026-02-09 19:56:25";"Push";"4083";"Lateral Raise (Dumbbell)";"Rest Timer";"";"";"";"";"120.0";"";""
"8";"2026-02-09 19:56:25";"Push";"4083";"Lateral Raise (Dumbbell)";"2";"12.0";"14";"";"";"";"";""
"8";"2026-02-09 19:56:25";"Push";"4083";"Lateral Raise (Dumbbell)";"Rest Timer";"";"";"";"";"120.0";"";""
"8";"2026-02-09 19:56:25";"Push";"4083";"Lateral Raise (Dumbbell)";"3";"12.0";"12";"";"";"";"";""
"8";"2026-02-09 19:56:25";"Push";"4083";"Lateral Raise (Dumbbell)";"Rest Timer";"";"";"";"";"120.0";"";""
"8";"2026-02-09 19:56:25";"Push";"4083";"Skullcrusher (Barbell)";"1";"13.0";"18";"";"";"";"";""
"8";"2026-02-09 19:56:25";"Push";"4083";"Skullcrusher (Barbell)";"Rest Timer";"";"";"";"";"120.0";"";""
"8";"2026-02-09 19:56:25";"Push";"4083";"Skullcrusher (Barbell)";"2";"27.0";"10";"";"";"";"";""
"8";"2026-02-09 19:56:25";"Push";"4083";"Skullcrusher (Barbell)";"Rest Timer";"";"";"";"";"120.0";"";""
"8";"2026-02-09 19:56:25";"Push";"4083";"Skullcrusher (Barbell)";"3";"22.0";"8";"";"";"";"";""
"8";"2026-02-09 19:56:25";"Push";"4083";"Skullcrusher (Barbell)";"Rest Timer";"";"";"";"";"120.0";"";""
"8";"2026-02-09 19:56:25";"Push";"4083";"Dips ( Machine)";"1";"50.0";"9";"";"";"";"";""
"8";"2026-02-09 19:56:25";"Push";"4083";"Dips ( Machine)";"Rest Timer";"";"";"";"";"120.0";"";""
"8";"2026-02-09 19:56:25";"Push";"4083";"Dips ( Machine)";"2";"50.0";"11";"";"";"";"";""
"8";"2026-02-09 19:56:25";"Push";"4083";"Dips ( Machine)";"Rest Timer";"";"";"";"";"120.0";"";""
"8";"2026-02-09 19:56:25";"Push";"4083";"Dips ( Machine)";"3";"50.0";"12";"";"";"";"";""
"8";"2026-02-09 19:56:25";"Push";"4083";"Dips ( Machine)";"Rest Timer";"";"";"";"";"120.0";"";""
"9";"2026-02-19 20:26:48";"Push";"4399";"Bench Press (Barbell)";"W";"50.0";"17";"";"";"";"";""
"9";"2026-02-19 20:26:48";"Push";"4399";"Bench Press (Barbell)";"1";"90.0";"9";"";"";"";"";""
"9";"2026-02-19 20:26:48";"Push";"4399";"Bench Press (Barbell)";"Rest Timer";"";"";"";"";"120.0";"";""
"9";"2026-02-19 20:26:48";"Push";"4399";"Bench Press (Barbell)";"2";"110.0";"2";"";"";"";"";""
"9";"2026-02-19 20:26:48";"Push";"4399";"Bench Press (Barbell)";"Rest Timer";"";"";"";"";"120.0";"";""
"9";"2026-02-19 20:26:48";"Push";"4399";"Seated Overhead Press (Dumbbell)";"W";"28.0";"12";"";"";"";"";""
"9";"2026-02-19 20:26:48";"Push";"4399";"Seated Overhead Press (Dumbbell)";"1";"35.0";"9";"";"";"";"";""
"9";"2026-02-19 20:26:48";"Push";"4399";"Seated Overhead Press (Dumbbell)";"Rest Timer";"";"";"";"";"120.0";"";""
"9";"2026-02-19 20:26:48";"Push";"4399";"Seated Overhead Press (Dumbbell)";"2";"40.0";"6";"";"";"";"";""
"9";"2026-02-19 20:26:48";"Push";"4399";"Seated Overhead Press (Dumbbell)";"Rest Timer";"";"";"";"";"120.0";"";""
"9";"2026-02-19 20:26:48";"Push";"4399";"Incline Chest Press (Machine)";"1";"39.916095999999996";"9";"";"";"";"";""
"9";"2026-02-19 20:26:48";"Push";"4399";"Incline Chest Press (Machine)";"Rest Timer";"";"";"";"";"120.0";"";""
"9";"2026-02-19 20:26:48";"Push";"4399";"Incline Chest Press (Machine)";"2";"49.89512";"7";"";"";"";"";""
"9";"2026-02-19 20:26:48";"Push";"4399";"Incline Chest Press (Machine)";"Rest Timer";"";"";"";"";"120.0";"";""
"9";"2026-02-19 20:26:48";"Push";"4399";"Incline Chest Press (Machine)";"3";"34.926584";"10";"";"";"";"";""
"9";"2026-02-19 20:26:48";"Push";"4399";"Incline Chest Press (Machine)";"Rest Timer";"";"";"";"";"120.0";"";""
"9";"2026-02-19 20:26:48";"Push";"4399";"Lateral Raise (Dumbbell)";"1";"12.5";"13";"";"";"";"";""
"9";"2026-02-19 20:26:48";"Push";"4399";"Lateral Raise (Dumbbell)";"Rest Timer";"";"";"";"";"120.0";"";""
"9";"2026-02-19 20:26:48";"Push";"4399";"Lateral Raise (Dumbbell)";"D";"12.5";"15";"";"";"";"";""
"9";"2026-02-19 20:26:48";"Push";"4399";"Lateral Raise (Dumbbell)";"3";"7.5";"4";"";"";"";"";""
"9";"2026-02-19 20:26:48";"Push";"4399";"Lateral Raise (Dumbbell)";"Rest Timer";"";"";"";"";"120.0";"";""
"9";"2026-02-19 20:26:48";"Push";"4399";"Lateral Raise (Dumbbell)";"D";"15.0";"5";"";"";"";"";""
"9";"2026-02-19 20:26:48";"Push";"4399";"Lateral Raise (Dumbbell)";"5";"10.0";"5";"";"";"";"";""
"9";"2026-02-19 20:26:48";"Push";"4399";"Bench Skullcrucher";"1";"25.0";"6";"";"";"";"";""
"9";"2026-02-19 20:26:48";"Push";"4399";"Bench Skullcrucher";"Rest Timer";"";"";"";"";"120.0";"";""
"9";"2026-02-19 20:26:48";"Push";"4399";"Bench Skullcrucher";"2";"25.0";"8";"";"";"";"";""
"9";"2026-02-19 20:26:48";"Push";"4399";"Bench Skullcrucher";"Rest Timer";"";"";"";"";"120.0";"";""
"9";"2026-02-19 20:26:48";"Push";"4399";"Bench Skullcrucher";"3";"35.0";"6";"";"";"";"";""
"9";"2026-02-19 20:26:48";"Push";"4399";"Bench Skullcrucher";"Rest Timer";"";"";"";"";"120.0";"";""
"9";"2026-02-19 20:26:48";"Push";"4399";"Triceps Extension";"W";"20.0";"13";"";"";"";"";""
"9";"2026-02-19 20:26:48";"Push";"4399";"Triceps Extension";"1";"30.0";"9";"";"";"";"";""
"9";"2026-02-19 20:26:48";"Push";"4399";"Triceps Extension";"Rest Timer";"";"";"";"";"120.0";"";""
"9";"2026-02-19 20:26:48";"Push";"4399";"Triceps Extension";"2";"30.0";"8";"";"";"";"";""
"9";"2026-02-19 20:26:48";"Push";"4399";"Triceps Extension";"Rest Timer";"";"";"";"";"120.0";"";""
"9";"2026-02-19 20:26:48";"Push";"4399";"Triceps Extension";"3";"25.0";"10";"";"";"";"";""
"9";"2026-02-19 20:26:48";"Push";"4399";"Triceps Extension";"Rest Timer";"";"";"";"";"120.0";"";""
"10";"2026-02-20 21:04:25";"Pull";"3855";"Lat Pulldown (Cable)";"1";"41.0";"11";"";"";"";"";""
"10";"2026-02-20 21:04:25";"Pull";"3855";"Lat Pulldown (Cable)";"Rest Timer";"";"";"";"";"120.0";"";""
"10";"2026-02-20 21:04:25";"Pull";"3855";"Lat Pulldown (Cable)";"2";"53.0";"11";"";"";"";"";""
"10";"2026-02-20 21:04:25";"Pull";"3855";"Lat Pulldown (Cable)";"Rest Timer";"";"";"";"";"120.0";"";""
"10";"2026-02-20 21:04:25";"Pull";"3855";"Lat Pulldown (Cable)";"D";"77.0";"3";"";"";"";"";""
"10";"2026-02-20 21:04:25";"Pull";"3855";"Lat Pulldown (Cable)";"Rest Timer";"";"";"";"";"120.0";"";""
"10";"2026-02-20 21:04:25";"Pull";"3855";"Lat Pulldown (Cable)";"D";"65.0";"3";"";"";"";"";""
"10";"2026-02-20 21:04:25";"Pull";"3855";"Lat Pulldown (Cable)";"D";"53.0";"3";"";"";"";"";""
"10";"2026-02-20 21:04:25";"Pull";"3855";"Lat Pulldown (Cable)";"D";"41.0";"3";"";"";"";"";""
"10";"2026-02-20 21:04:25";"Pull";"3855";"Seated Row (Machine)";"1";"50.0";"9";"";"";"";"";""
"10";"2026-02-20 21:04:25";"Pull";"3855";"Seated Row (Machine)";"Rest Timer";"";"";"";"";"120.0";"";""
"10";"2026-02-20 21:04:25";"Pull";"3855";"Seated Row (Machine)";"2";"70.0";"10";"";"";"";"";""
"10";"2026-02-20 21:04:25";"Pull";"3855";"Seated Row (Machine)";"Rest Timer";"";"";"";"";"120.0";"";""
"10";"2026-02-20 21:04:25";"Pull";"3855";"Seated Row (Machine)";"3";"75.0";"11";"";"";"";"";""
"10";"2026-02-20 21:04:25";"Pull";"3855";"Seated Row (Machine)";"Rest Timer";"";"";"";"";"120.0";"";""
"10";"2026-02-20 21:04:25";"Pull";"3855";"Reverse Fly (Cable)";"1";"35.0";"10";"";"";"";"";""
"10";"2026-02-20 21:04:25";"Pull";"3855";"Reverse Fly (Cable)";"Rest Timer";"";"";"";"";"120.0";"";""
"10";"2026-02-20 21:04:25";"Pull";"3855";"Reverse Fly (Cable)";"2";"53.0";"9";"";"";"";"";""
"10";"2026-02-20 21:04:25";"Pull";"3855";"Reverse Fly (Cable)";"Rest Timer";"";"";"";"";"120.0";"";""
"10";"2026-02-20 21:04:25";"Pull";"3855";"Reverse Fly (Cable)";"D";"53.0";"7";"";"";"";"";""
"10";"2026-02-20 21:04:25";"Pull";"3855";"Reverse Fly (Cable)";"4";"41.0";"4";"";"";"";"";""
"10";"2026-02-20 21:04:25";"Pull";"3855";"Reverse Fly (Cable)";"Rest Timer";"";"";"";"";"120.0";"";""
"10";"2026-02-20 21:04:25";"Pull";"3855";"Bicep Curl (Machine)";"1";"23.0";"9";"";"";"";"";""
"10";"2026-02-20 21:04:25";"Pull";"3855";"Bicep Curl (Machine)";"Rest Timer";"";"";"";"";"120.0";"";""
"10";"2026-02-20 21:04:25";"Pull";"3855";"Bicep Curl (Machine)";"D";"35.0";"3";"";"";"";"";""
"10";"2026-02-20 21:04:25";"Pull";"3855";"Bicep Curl (Machine)";"D";"17.0";"5";"";"";"";"";""
"10";"2026-02-20 21:04:25";"Pull";"3855";"Bicep Curl (Machine)";"D";"23.0";"6";"";"";"";"";""
"10";"2026-02-20 21:04:25";"Pull";"3855";"Bicep Curl (Machine)";"D";"11.0";"6";"";"";"";"";""
"10";"2026-02-20 21:04:25";"Pull";"3855";"Bicep Curl (Dumbbell)";"1";"15.0";"14";"";"";"";"";""
"10";"2026-02-20 21:04:25";"Pull";"3855";"Bicep Curl (Dumbbell)";"Rest Timer";"";"";"";"";"120.0";"";""
"10";"2026-02-20 21:04:25";"Pull";"3855";"Bicep Curl (Dumbbell)";"2";"20.0";"11";"";"";"";"";""
"10";"2026-02-20 21:04:25";"Pull";"3855";"Bicep Curl (Dumbbell)";"Rest Timer";"";"";"";"";"120.0";"";""
"10";"2026-02-20 21:04:25";"Pull";"3855";"Bicep Curl (Dumbbell)";"F";"15.0";"14";"";"";"";"";""
"10";"2026-02-20 21:04:25";"Pull";"3855";"Bicep Curl (Dumbbell)";"Rest Timer";"";"";"";"";"120.0";"";""
"10";"2026-02-20 21:04:25";"Pull";"3855";"Back Extension ";"1";"53.0";"6";"";"";"";"";""
"10";"2026-02-20 21:04:25";"Pull";"3855";"Back Extension ";"Rest Timer";"";"";"";"";"120.0";"";""
"10";"2026-02-20 21:04:25";"Pull";"3855";"Back Extension ";"2";"41.0";"10";"";"";"";"";""
"10";"2026-02-20 21:04:25";"Pull";"3855";"Back Extension ";"Rest Timer";"";"";"";"";"120.0";"";""
"11";"2026-02-28 21:27:56";"Push";"3966";"Bench Press (Barbell)";"W";"50.0";"19";"";"";"";"";""
"11";"2026-02-28 21:27:56";"Push";"3966";"Bench Press (Barbell)";"1";"90.0";"10";"";"";"";"";""
"11";"2026-02-28 21:27:56";"Push";"3966";"Bench Press (Barbell)";"Rest Timer";"";"";"";"";"120.0";"";""
"11";"2026-02-28 21:27:56";"Push";"3966";"Bench Press (Barbell)";"2";"100.0";"4";"";"";"";"";""
"11";"2026-02-28 21:27:56";"Push";"3966";"Bench Press (Barbell)";"Rest Timer";"";"";"";"";"120.0";"";""
"11";"2026-02-28 21:27:56";"Push";"3966";"Bench Press (Barbell)";"3";"100.0";"3";"";"";"";"";""
"11";"2026-02-28 21:27:56";"Push";"3966";"Bench Press (Barbell)";"Rest Timer";"";"";"";"";"120.0";"";""
"11";"2026-02-28 21:27:56";"Push";"3966";"Chest Fly";"1";"29.0";"10";"";"";"";"";""
"11";"2026-02-28 21:27:56";"Push";"3966";"Chest Fly";"Rest Timer";"";"";"";"";"120.0";"";""
"11";"2026-02-28 21:27:56";"Push";"3966";"Chest Fly";"2";"47.0";"10";"";"";"";"";""
"11";"2026-02-28 21:27:56";"Push";"3966";"Chest Fly";"Rest Timer";"";"";"";"";"120.0";"";""
"11";"2026-02-28 21:27:56";"Push";"3966";"Chest Fly";"3";"83.0";"8";"";"";"";"";""
"11";"2026-02-28 21:27:56";"Push";"3966";"Chest Fly";"Rest Timer";"";"";"";"";"120.0";"";""
"11";"2026-02-28 21:27:56";"Push";"3966";"Seated Overhead Press (Dumbbell)";"W";"30.0";"9";"";"";"";"";""
"11";"2026-02-28 21:27:56";"Push";"3966";"Seated Overhead Press (Dumbbell)";"1";"32.5";"8";"";"";"";"";""
"11";"2026-02-28 21:27:56";"Push";"3966";"Seated Overhead Press (Dumbbell)";"Rest Timer";"";"";"";"";"120.0";"";""
"11";"2026-02-28 21:27:56";"Push";"3966";"Seated Overhead Press (Dumbbell)";"2";"32.5";"6";"";"";"";"";""
"11";"2026-02-28 21:27:56";"Push";"3966";"Seated Overhead Press (Dumbbell)";"Rest Timer";"";"";"";"";"120.0";"";""
"11";"2026-02-28 21:27:56";"Push";"3966";"Lateral Raise (Dumbbell)";"1";"12.5";"14";"";"";"";"";""
"11";"2026-02-28 21:27:56";"Push";"3966";"Lateral Raise (Dumbbell)";"Rest Timer";"";"";"";"";"120.0";"";""
"11";"2026-02-28 21:27:56";"Push";"3966";"Lateral Raise (Dumbbell)";"2";"15.0";"9";"";"";"";"";""
"11";"2026-02-28 21:27:56";"Push";"3966";"Lateral Raise (Dumbbell)";"Rest Timer";"";"";"";"";"120.0";"";""
"11";"2026-02-28 21:27:56";"Push";"3966";"Lateral Raise (Dumbbell)";"3";"15.0";"8";"";"";"";"";""
"11";"2026-02-28 21:27:56";"Push";"3966";"Lateral Raise (Dumbbell)";"Rest Timer";"";"";"";"";"120.0";"";""
"11";"2026-02-28 21:27:56";"Push";"3966";"Bench Skullcrucher";"1";"30.0";"9";"";"";"";"";""
"11";"2026-02-28 21:27:56";"Push";"3966";"Bench Skullcrucher";"Rest Timer";"";"";"";"";"120.0";"";""
"11";"2026-02-28 21:27:56";"Push";"3966";"Bench Skullcrucher";"D";"50.0";"3";"";"";"";"";""
"11";"2026-02-28 21:27:56";"Push";"3966";"Bench Skullcrucher";"3";"30.0";"7";"";"";"";"";""
"11";"2026-02-28 21:27:56";"Push";"3966";"Bench Skullcrucher";"Rest Timer";"";"";"";"";"120.0";"";""
"11";"2026-02-28 21:27:56";"Push";"3966";"Triceps Extension";"W";"23.5";"12";"";"";"";"";""
"11";"2026-02-28 21:27:56";"Push";"3966";"Triceps Extension";"1";"35.5";"10";"";"";"";"";""
"11";"2026-02-28 21:27:56";"Push";"3966";"Triceps Extension";"Rest Timer";"";"";"";"";"120.0";"";""
"11";"2026-02-28 21:27:56";"Push";"3966";"Triceps Extension";"2";"38.5";"9";"";"";"";"";""
"11";"2026-02-28 21:27:56";"Push";"3966";"Triceps Extension";"Rest Timer";"";"";"";"";"120.0";"";""
"11";"2026-02-28 21:27:56";"Push";"3966";"Triceps Extension";"3";"44.0";"6";"";"";"";"";""
"11";"2026-02-28 21:27:56";"Push";"3966";"Triceps Extension";"Rest Timer";"";"";"";"";"120.0";"";""
"12";"2026-03-06 20:44:48";"Upper";"4026";"Bench Press (Barbell)";"W";"60.0";"12";"";"";"";"";""
"12";"2026-03-06 20:44:48";"Upper";"4026";"Bench Press (Barbell)";"1";"100.0";"5";"";"";"";"";""
"12";"2026-03-06 20:44:48";"Upper";"4026";"Bench Press (Barbell)";"Rest Timer";"";"";"";"";"120.0";"";""
"12";"2026-03-06 20:44:48";"Upper";"4026";"Bench Press (Barbell)";"2";"105.0";"4";"";"";"";"";""
"12";"2026-03-06 20:44:48";"Upper";"4026";"Bench Press (Barbell)";"Rest Timer";"";"";"";"";"120.0";"";""
"12";"2026-03-06 20:44:48";"Upper";"4026";"Lat Pulldown (Cable)";"1";"29.0";"10";"";"";"";"";""
"12";"2026-03-06 20:44:48";"Upper";"4026";"Lat Pulldown (Cable)";"Rest Timer";"";"";"";"";"120.0";"";""
"12";"2026-03-06 20:44:48";"Upper";"4026";"Lat Pulldown (Cable)";"2";"59.0";"9";"";"";"";"";""
"12";"2026-03-06 20:44:48";"Upper";"4026";"Lat Pulldown (Cable)";"Rest Timer";"";"";"";"";"120.0";"";""
"12";"2026-03-06 20:44:48";"Upper";"4026";"Lat Pulldown (Cable)";"D";"77.0";"4";"";"";"";"";""
"12";"2026-03-06 20:44:48";"Upper";"4026";"Lat Pulldown (Cable)";"4";"59.0";"5";"";"";"";"";""
"12";"2026-03-06 20:44:48";"Upper";"4026";"Bent Over Row (Dumbbell)";"1";"15.0";"9";"";"";"";"";""
"12";"2026-03-06 20:44:48";"Upper";"4026";"Bent Over Row (Dumbbell)";"Rest Timer";"";"";"";"";"120.0";"";""
"12";"2026-03-06 20:44:48";"Upper";"4026";"Bent Over Row (Dumbbell)";"2";"30.0";"9";"";"";"";"";""
"12";"2026-03-06 20:44:48";"Upper";"4026";"Bent Over Row (Dumbbell)";"Rest Timer";"";"";"";"";"120.0";"";""
"12";"2026-03-06 20:44:48";"Upper";"4026";"Bent Over Row (Dumbbell)";"3";"35.0";"7";"";"";"";"";""
"12";"2026-03-06 20:44:48";"Upper";"4026";"Bent Over Row (Dumbbell)";"Rest Timer";"";"";"";"";"120.0";"";""
"12";"2026-03-06 20:44:48";"Upper";"4026";"Bench Skullcrucher";"1";"40.0";"6";"";"";"";"";""
"12";"2026-03-06 20:44:48";"Upper";"4026";"Bench Skullcrucher";"Rest Timer";"";"";"";"";"120.0";"";""
"12";"2026-03-06 20:44:48";"Upper";"4026";"Bench Skullcrucher";"2";"40.0";"8";"";"";"";"";""
"12";"2026-03-06 20:44:48";"Upper";"4026";"Bench Skullcrucher";"Rest Timer";"";"";"";"";"120.0";"";""
"12";"2026-03-06 20:44:48";"Upper";"4026";"Bicep Curl (Machine)";"1";"29.0";"6";"";"";"";"";""
"12";"2026-03-06 20:44:48";"Upper";"4026";"Bicep Curl (Machine)";"Rest Timer";"";"";"";"";"120.0";"";""
"12";"2026-03-06 20:44:48";"Upper";"4026";"Bicep Curl (Machine)";"D";"35.0";"3";"";"";"";"";""
"12";"2026-03-06 20:44:48";"Upper";"4026";"Bicep Curl (Machine)";"D";"23.0";"6";"";"";"";"";""
"12";"2026-03-06 20:44:48";"Upper";"4026";"Bicep Curl (Machine)";"D";"11.0";"4";"";"";"";"";""
"12";"2026-03-06 20:44:48";"Upper";"4026";"Lateral Raise (Dumbbell)";"1";"15.0";"10";"";"";"";"";""
"12";"2026-03-06 20:44:48";"Upper";"4026";"Lateral Raise (Dumbbell)";"Rest Timer";"";"";"";"";"120.0";"";""
"12";"2026-03-06 20:44:48";"Upper";"4026";"Lateral Raise (Dumbbell)";"2";"15.0";"10";"";"";"";"";""
"12";"2026-03-06 20:44:48";"Upper";"4026";"Lateral Raise (Dumbbell)";"Rest Timer";"";"";"";"";"120.0";"";""
"12";"2026-03-06 20:44:48";"Upper";"4026";"Lateral Raise (Dumbbell)";"D";"20.0";"4";"";"";"";"";""
"12";"2026-03-06 20:44:48";"Upper";"4026";"Lateral Raise (Dumbbell)";"4";"10.0";"8";"";"";"";"";""
"12";"2026-03-06 20:44:48";"Upper";"4026";"Iso-Lateral Chest Press (Machine)";"1";"110.0";"10";"";"";"";"";""
"12";"2026-03-06 20:44:48";"Upper";"4026";"Iso-Lateral Chest Press (Machine)";"Rest Timer";"";"";"";"";"120.0";"";""
"12";"2026-03-06 20:44:48";"Upper";"4026";"Iso-Lateral Chest Press (Machine)";"2";"150.0";"10";"";"";"";"";""
"12";"2026-03-06 20:44:48";"Upper";"4026";"Iso-Lateral Chest Press (Machine)";"Rest Timer";"";"";"";"";"120.0";"";""
"12";"2026-03-06 20:44:48";"Upper";"4026";"Iso-Lateral Chest Press (Machine)";"3";"160.0";"10";"";"";"";"";""
"12";"2026-03-06 20:44:48";"Upper";"4026";"Iso-Lateral Chest Press (Machine)";"Rest Timer";"";"";"";"";"120.0";"";""
"13";"2026-03-10 21:01:05";"Push";"3432";"Bench Press (Barbell)";"W";"60.0";"9";"";"";"";"";""
"13";"2026-03-10 21:01:05";"Push";"3432";"Bench Press (Barbell)";"1";"100.0";"5";"";"";"";"";""
"13";"2026-03-10 21:01:05";"Push";"3432";"Bench Press (Barbell)";"Rest Timer";"";"";"";"";"120.0";"";""
"13";"2026-03-10 21:01:05";"Push";"3432";"Bench Press (Barbell)";"2";"120.0";"1";"";"";"";"";""
"13";"2026-03-10 21:01:05";"Push";"3432";"Bench Press (Barbell)";"Rest Timer";"";"";"";"";"120.0";"";""
"13";"2026-03-10 21:01:05";"Push";"3432";"Seated Overhead Press (Dumbbell)";"W";"27.5";"10";"";"";"";"";""
"13";"2026-03-10 21:01:05";"Push";"3432";"Seated Overhead Press (Dumbbell)";"1";"35.0";"10";"";"";"";"";""
"13";"2026-03-10 21:01:05";"Push";"3432";"Seated Overhead Press (Dumbbell)";"Rest Timer";"";"";"";"";"120.0";"";""
"13";"2026-03-10 21:01:05";"Push";"3432";"Seated Overhead Press (Dumbbell)";"D";"40.0";"8";"";"";"";"";""
"13";"2026-03-10 21:01:05";"Push";"3432";"Chest Fly";"1";"47.0";"10";"";"";"";"";""
"13";"2026-03-10 21:01:05";"Push";"3432";"Chest Fly";"Rest Timer";"";"";"";"";"120.0";"";""
"13";"2026-03-10 21:01:05";"Push";"3432";"Chest Fly";"2";"65.0";"11";"";"";"";"";""
"13";"2026-03-10 21:01:05";"Push";"3432";"Chest Fly";"Rest Timer";"";"";"";"";"120.0";"";""
"13";"2026-03-10 21:01:05";"Push";"3432";"Chest Fly";"3";"95.0";"6";"";"";"";"";""
"13";"2026-03-10 21:01:05";"Push";"3432";"Chest Fly";"Rest Timer";"";"";"";"";"120.0";"";""
"13";"2026-03-10 21:01:05";"Push";"3432";"Lateral Raise (Dumbbell)";"1";"15.0";"11";"";"";"";"";""
"13";"2026-03-10 21:01:05";"Push";"3432";"Lateral Raise (Dumbbell)";"Rest Timer";"";"";"";"";"120.0";"";""
"13";"2026-03-10 21:01:05";"Push";"3432";"Lateral Raise (Dumbbell)";"2";"17.5";"9";"";"";"";"";""
"13";"2026-03-10 21:01:05";"Push";"3432";"Lateral Raise (Dumbbell)";"Rest Timer";"";"";"";"";"120.0";"";""
"13";"2026-03-10 21:01:05";"Push";"3432";"Lateral Raise (Dumbbell)";"3";"15.0";"9";"";"";"";"";""
"13";"2026-03-10 21:01:05";"Push";"3432";"Lateral Raise (Dumbbell)";"Rest Timer";"";"";"";"";"120.0";"";""
"13";"2026-03-10 21:01:05";"Push";"3432";"Triceps Extension";"W";"20.5";"15";"";"";"";"";""
"13";"2026-03-10 21:01:05";"Push";"3432";"Triceps Extension";"1";"38.5";"10";"";"";"";"";""
"13";"2026-03-10 21:01:05";"Push";"3432";"Triceps Extension";"Rest Timer";"";"";"";"";"120.0";"";""
"13";"2026-03-10 21:01:05";"Push";"3432";"Triceps Extension";"2";"38.5";"9";"";"";"";"";""
"13";"2026-03-10 21:01:05";"Push";"3432";"Triceps Extension";"Rest Timer";"";"";"";"";"120.0";"";""
"13";"2026-03-10 21:01:05";"Push";"3432";"Triceps Extension";"3";"32.5";"11";"";"";"";"";""
"13";"2026-03-10 21:01:05";"Push";"3432";"Triceps Extension";"Rest Timer";"";"";"";"";"120.0";"";""
"14";"2026-03-13 20:52:45";"Pull";"3596";"Deadlift (Barbell)";"1";"40.0";"9";"";"";"";"";""
"14";"2026-03-13 20:52:45";"Pull";"3596";"Deadlift (Barbell)";"Rest Timer";"";"";"";"";"120.0";"";""
"14";"2026-03-13 20:52:45";"Pull";"3596";"Deadlift (Barbell)";"2";"60.0";"9";"";"";"";"";""
"14";"2026-03-13 20:52:45";"Pull";"3596";"Deadlift (Barbell)";"Rest Timer";"";"";"";"";"120.0";"";""
"14";"2026-03-13 20:52:45";"Pull";"3596";"Deadlift (Barbell)";"3";"100.0";"4";"";"";"";"";""
"14";"2026-03-13 20:52:45";"Pull";"3596";"Deadlift (Barbell)";"Rest Timer";"";"";"";"";"120.0";"";""
"14";"2026-03-13 20:52:45";"Pull";"3596";"Lat Pulldown (Cable)";"1";"53.0";"10";"";"";"";"";""
"14";"2026-03-13 20:52:45";"Pull";"3596";"Lat Pulldown (Cable)";"Rest Timer";"";"";"";"";"120.0";"";""
"14";"2026-03-13 20:52:45";"Pull";"3596";"Lat Pulldown (Cable)";"2";"59.0";"11";"";"";"";"";""
"14";"2026-03-13 20:52:45";"Pull";"3596";"Lat Pulldown (Cable)";"Rest Timer";"";"";"";"";"120.0";"";""
"14";"2026-03-13 20:52:45";"Pull";"3596";"Lat Pulldown (Cable)";"3";"77.0";"4";"";"";"";"";""
"14";"2026-03-13 20:52:45";"Pull";"3596";"Lat Pulldown (Cable)";"Rest Timer";"";"";"";"";"120.0";"";""
"14";"2026-03-13 20:52:45";"Pull";"3596";"Seated Row (Cable)";"1";"23.0";"7";"";"";"";"";""
"14";"2026-03-13 20:52:45";"Pull";"3596";"Seated Row (Cable)";"Rest Timer";"";"";"";"";"120.0";"";""
"14";"2026-03-13 20:52:45";"Pull";"3596";"Seated Row (Cable)";"2";"29.0";"6";"";"";"";"";""
"14";"2026-03-13 20:52:45";"Pull";"3596";"Seated Row (Cable)";"Rest Timer";"";"";"";"";"120.0";"";""
"14";"2026-03-13 20:52:45";"Pull";"3596";"Reverse Fly (Cable)";"1";"35.0";"11";"";"";"";"";""
"14";"2026-03-13 20:52:45";"Pull";"3596";"Reverse Fly (Cable)";"Rest Timer";"";"";"";"";"120.0";"";""
"14";"2026-03-13 20:52:45";"Pull";"3596";"Reverse Fly (Cable)";"2";"59.0";"10";"";"";"";"";""
"14";"2026-03-13 20:52:45";"Pull";"3596";"Reverse Fly (Cable)";"Rest Timer";"";"";"";"";"120.0";"";""
"14";"2026-03-13 20:52:45";"Pull";"3596";"Reverse Fly (Cable)";"3";"59.0";"7";"";"";"";"";""
"14";"2026-03-13 20:52:45";"Pull";"3596";"Reverse Fly (Cable)";"Rest Timer";"";"";"";"";"120.0";"";""
"14";"2026-03-13 20:52:45";"Pull";"3596";"Bicep Curl (Machine)";"1";"23.0";"11";"";"";"";"";""
"14";"2026-03-13 20:52:45";"Pull";"3596";"Bicep Curl (Machine)";"Rest Timer";"";"";"";"";"120.0";"";""
"14";"2026-03-13 20:52:45";"Pull";"3596";"Bicep Curl (Machine)";"2";"29.0";"8";"";"";"";"";""
"14";"2026-03-13 20:52:45";"Pull";"3596";"Bicep Curl (Machine)";"Rest Timer";"";"";"";"";"120.0";"";""
"14";"2026-03-13 20:52:45";"Pull";"3596";"Bicep Curl (Machine)";"3";"35.0";"5";"";"";"";"";""
"14";"2026-03-13 20:52:45";"Pull";"3596";"Bicep Curl (Machine)";"Rest Timer";"";"";"";"";"120.0";"";""
"14";"2026-03-13 20:52:45";"Pull";"3596";"Bicep Curl (Dumbbell)";"1";"17.5";"14";"";"";"";"";""
"14";"2026-03-13 20:52:45";"Pull";"3596";"Bicep Curl (Dumbbell)";"Rest Timer";"";"";"";"";"120.0";"";""
"14";"2026-03-13 20:52:45";"Pull";"3596";"Bicep Curl (Dumbbell)";"2";"22.5";"12";"";"";"";"";""
"14";"2026-03-13 20:52:45";"Pull";"3596";"Bicep Curl (Dumbbell)";"Rest Timer";"";"";"";"";"120.0";"";""
"14";"2026-03-13 20:52:45";"Pull";"3596";"Bicep Curl (Dumbbell)";"3";"15.0";"16";"";"";"";"";""
"14";"2026-03-13 20:52:45";"Pull";"3596";"Bicep Curl (Dumbbell)";"Rest Timer";"";"";"";"";"120.0";"";""
"15";"2026-03-16 20:33:14";"Push";"3650";"Bench Press (Barbell)";"W";"70.0";"10";"";"";"";"";""
"15";"2026-03-16 20:33:14";"Push";"3650";"Bench Press (Barbell)";"1";"100.0";"6";"";"";"";"";""
"15";"2026-03-16 20:33:14";"Push";"3650";"Bench Press (Barbell)";"Rest Timer";"";"";"";"";"120.0";"";""
"15";"2026-03-16 20:33:14";"Push";"3650";"Bench Press (Barbell)";"2";"110.0";"3";"";"";"";"";""
"15";"2026-03-16 20:33:14";"Push";"3650";"Bench Press (Barbell)";"Rest Timer";"";"";"";"";"120.0";"";""
"15";"2026-03-16 20:33:14";"Push";"3650";"Seated Overhead Press (Dumbbell)";"W";"30.0";"10";"";"";"";"";""
"15";"2026-03-16 20:33:14";"Push";"3650";"Seated Overhead Press (Dumbbell)";"1";"37.5";"8";"";"";"";"";""
"15";"2026-03-16 20:33:14";"Push";"3650";"Seated Overhead Press (Dumbbell)";"Rest Timer";"";"";"";"";"120.0";"";""
"15";"2026-03-16 20:33:14";"Push";"3650";"Seated Overhead Press (Dumbbell)";"D";"30.0";"9";"";"";"";"";""
"15";"2026-03-16 20:33:14";"Push";"3650";"Chest Fly";"1";"71.0";"10";"";"";"";"";""
"15";"2026-03-16 20:33:14";"Push";"3650";"Chest Fly";"Rest Timer";"";"";"";"";"120.0";"";""
"15";"2026-03-16 20:33:14";"Push";"3650";"Chest Fly";"2";"89.0";"8";"";"";"";"";""
"15";"2026-03-16 20:33:14";"Push";"3650";"Chest Fly";"Rest Timer";"";"";"";"";"120.0";"";""
"15";"2026-03-16 20:33:14";"Push";"3650";"Chest Fly";"3";"95.0";"7";"";"";"";"";""
"15";"2026-03-16 20:33:14";"Push";"3650";"Chest Fly";"Rest Timer";"";"";"";"";"120.0";"";""
"15";"2026-03-16 20:33:14";"Push";"3650";"Lateral Raise (Dumbbell)";"1";"15.0";"12";"";"";"";"";""
"15";"2026-03-16 20:33:14";"Push";"3650";"Lateral Raise (Dumbbell)";"Rest Timer";"";"";"";"";"120.0";"";""
"15";"2026-03-16 20:33:14";"Push";"3650";"Lateral Raise (Dumbbell)";"2";"17.5";"10";"";"";"";"";""
"15";"2026-03-16 20:33:14";"Push";"3650";"Lateral Raise (Dumbbell)";"Rest Timer";"";"";"";"";"120.0";"";""
"15";"2026-03-16 20:33:14";"Push";"3650";"Lateral Raise (Dumbbell)";"3";"15.0";"11";"";"";"";"";""
"15";"2026-03-16 20:33:14";"Push";"3650";"Lateral Raise (Dumbbell)";"Rest Timer";"";"";"";"";"120.0";"";""
"15";"2026-03-16 20:33:14";"Push";"3650";"Triceps Extension";"W";"24.0";"15";"";"";"";"";""
"15";"2026-03-16 20:33:14";"Push";"3650";"Triceps Extension";"1";"30.0";"12";"";"";"";"";""
"15";"2026-03-16 20:33:14";"Push";"3650";"Triceps Extension";"Rest Timer";"";"";"";"";"120.0";"";""
"15";"2026-03-16 20:33:14";"Push";"3650";"Triceps Extension";"2";"43.0";"6";"";"";"";"";""
"15";"2026-03-16 20:33:14";"Push";"3650";"Triceps Extension";"Rest Timer";"";"";"";"";"120.0";"";""
"16";"2026-03-22 23:17:31";"Evening Workout";"56";"Aerobics";"1";"";"";"";"";"3600.0";"";""
"16";"2026-03-22 23:17:31";"Evening Workout";"56";"Aerobics";"Rest Timer";"";"";"";"";"120.0";"";""
"17";"2026-03-23 19:28:50";"Day 1: Power Push (Heavy Chest & Shoulders)";"3760";"Bench Press (Barbell)";"W";"50.0";"18";"";"";"";"";""
"17";"2026-03-23 19:28:50";"Day 1: Power Push (Heavy Chest & Shoulders)";"3760";"Bench Press (Barbell)";"1";"100.0";"9";"";"";"";"";""
"17";"2026-03-23 19:28:50";"Day 1: Power Push (Heavy Chest & Shoulders)";"3760";"Bench Press (Barbell)";"Rest Timer";"";"";"";"";"120.0";"";""
"17";"2026-03-23 19:28:50";"Day 1: Power Push (Heavy Chest & Shoulders)";"3760";"Bench Press (Barbell)";"2";"110.0";"3";"";"";"";"";""
"17";"2026-03-23 19:28:50";"Day 1: Power Push (Heavy Chest & Shoulders)";"3760";"Bench Press (Barbell)";"Rest Timer";"";"";"";"";"120.0";"";""
"17";"2026-03-23 19:28:50";"Day 1: Power Push (Heavy Chest & Shoulders)";"3760";"Bench Press (Barbell)";"3";"90.0";"6";"";"";"";"";""
"17";"2026-03-23 19:28:50";"Day 1: Power Push (Heavy Chest & Shoulders)";"3760";"Bench Press (Barbell)";"Rest Timer";"";"";"";"";"120.0";"";""
"17";"2026-03-23 19:28:50";"Day 1: Power Push (Heavy Chest & Shoulders)";"3760";"Shoulder Press (Plate Loaded)";"1";"20.0";"12";"";"";"";"";""
"17";"2026-03-23 19:28:50";"Day 1: Power Push (Heavy Chest & Shoulders)";"3760";"Shoulder Press (Plate Loaded)";"Rest Timer";"";"";"";"";"120.0";"";""
"17";"2026-03-23 19:28:50";"Day 1: Power Push (Heavy Chest & Shoulders)";"3760";"Shoulder Press (Plate Loaded)";"2";"30.0";"10";"";"";"";"";""
"17";"2026-03-23 19:28:50";"Day 1: Power Push (Heavy Chest & Shoulders)";"3760";"Shoulder Press (Plate Loaded)";"Rest Timer";"";"";"";"";"120.0";"";""
"17";"2026-03-23 19:28:50";"Day 1: Power Push (Heavy Chest & Shoulders)";"3760";"Shoulder Press (Plate Loaded)";"3";"40.0";"3";"";"";"";"";""
"17";"2026-03-23 19:28:50";"Day 1: Power Push (Heavy Chest & Shoulders)";"3760";"Shoulder Press (Plate Loaded)";"Rest Timer";"";"";"";"";"120.0";"";""
"17";"2026-03-23 19:28:50";"Day 1: Power Push (Heavy Chest & Shoulders)";"3760";"Incline Chest Fly (Dumbbell)";"1";"15.0";"9";"";"";"";"";""
"17";"2026-03-23 19:28:50";"Day 1: Power Push (Heavy Chest & Shoulders)";"3760";"Incline Chest Fly (Dumbbell)";"Rest Timer";"";"";"";"";"120.0";"";""
"17";"2026-03-23 19:28:50";"Day 1: Power Push (Heavy Chest & Shoulders)";"3760";"Incline Chest Fly (Dumbbell)";"2";"25.0";"7";"";"";"";"";""
"17";"2026-03-23 19:28:50";"Day 1: Power Push (Heavy Chest & Shoulders)";"3760";"Incline Chest Fly (Dumbbell)";"Rest Timer";"";"";"";"";"120.0";"";""
"17";"2026-03-23 19:28:50";"Day 1: Power Push (Heavy Chest & Shoulders)";"3760";"Incline Chest Fly (Dumbbell)";"3";"15.0";"11";"";"";"";"";""
"17";"2026-03-23 19:28:50";"Day 1: Power Push (Heavy Chest & Shoulders)";"3760";"Incline Chest Fly (Dumbbell)";"Rest Timer";"";"";"";"";"120.0";"";""
"17";"2026-03-23 19:28:50";"Day 1: Power Push (Heavy Chest & Shoulders)";"3760";"Lateral Raise (Dumbbell)";"1";"15.0";"13";"";"";"";"";""
"17";"2026-03-23 19:28:50";"Day 1: Power Push (Heavy Chest & Shoulders)";"3760";"Lateral Raise (Dumbbell)";"Rest Timer";"";"";"";"";"120.0";"";""
"17";"2026-03-23 19:28:50";"Day 1: Power Push (Heavy Chest & Shoulders)";"3760";"Lateral Raise (Dumbbell)";"2";"17.5";"10";"";"";"";"";""
"17";"2026-03-23 19:28:50";"Day 1: Power Push (Heavy Chest & Shoulders)";"3760";"Lateral Raise (Dumbbell)";"Rest Timer";"";"";"";"";"120.0";"";""
"17";"2026-03-23 19:28:50";"Day 1: Power Push (Heavy Chest & Shoulders)";"3760";"Lateral Raise (Dumbbell)";"3";"15.0";"10";"";"";"";"";""
"17";"2026-03-23 19:28:50";"Day 1: Power Push (Heavy Chest & Shoulders)";"3760";"Lateral Raise (Dumbbell)";"Rest Timer";"";"";"";"";"120.0";"";""
"17";"2026-03-23 19:28:50";"Day 1: Power Push (Heavy Chest & Shoulders)";"3760";"Triceps Extension (Cable)";"W";"23.0";"13";"";"";"";"";""
"17";"2026-03-23 19:28:50";"Day 1: Power Push (Heavy Chest & Shoulders)";"3760";"Triceps Extension (Cable)";"Rest Timer";"";"";"";"";"120.0";"";""
"17";"2026-03-23 19:28:50";"Day 1: Power Push (Heavy Chest & Shoulders)";"3760";"Triceps Extension (Cable)";"1";"41.0";"9";"";"";"";"";""
"17";"2026-03-23 19:28:50";"Day 1: Power Push (Heavy Chest & Shoulders)";"3760";"Triceps Extension (Cable)";"Rest Timer";"";"";"";"";"180.0";"";""
"17";"2026-03-23 19:28:50";"Day 1: Power Push (Heavy Chest & Shoulders)";"3760";"Triceps Extension (Cable)";"2";"41.0";"8";"";"";"";"";""
"17";"2026-03-23 19:28:50";"Day 1: Power Push (Heavy Chest & Shoulders)";"3760";"Triceps Extension (Cable)";"Rest Timer";"";"";"";"";"120.0";"";""
"18";"2026-03-25 19:41:09";"Day 3: Power Pull (Heavy Back & Deadlifts)";"3685";"Lat Pulldown (Cable)";"1";"47.0";"14";"";"";"";"";""
"18";"2026-03-25 19:41:09";"Day 3: Power Pull (Heavy Back & Deadlifts)";"3685";"Lat Pulldown (Cable)";"Rest Timer";"";"";"";"";"120.0";"";""
"18";"2026-03-25 19:41:09";"Day 3: Power Pull (Heavy Back & Deadlifts)";"3685";"Lat Pulldown (Cable)";"2";"71.0";"7";"";"";"";"";""
"18";"2026-03-25 19:41:09";"Day 3: Power Pull (Heavy Back & Deadlifts)";"3685";"Lat Pulldown (Cable)";"Rest Timer";"";"";"";"";"120.0";"";""
"18";"2026-03-25 19:41:09";"Day 3: Power Pull (Heavy Back & Deadlifts)";"3685";"Lat Pulldown (Cable)";"3";"59.0";"7";"";"";"";"";""
"18";"2026-03-25 19:41:09";"Day 3: Power Pull (Heavy Back & Deadlifts)";"3685";"Lat Pulldown (Cable)";"Rest Timer";"";"";"";"";"120.0";"";""
"18";"2026-03-25 19:41:09";"Day 3: Power Pull (Heavy Back & Deadlifts)";"3685";"Seated Row (Cable)";"1";"23.0";"10";"";"";"";"";""
"18";"2026-03-25 19:41:09";"Day 3: Power Pull (Heavy Back & Deadlifts)";"3685";"Seated Row (Cable)";"Rest Timer";"";"";"";"";"120.0";"";""
"18";"2026-03-25 19:41:09";"Day 3: Power Pull (Heavy Back & Deadlifts)";"3685";"Seated Row (Cable)";"2";"29.0";"9";"";"";"";"";""
"18";"2026-03-25 19:41:09";"Day 3: Power Pull (Heavy Back & Deadlifts)";"3685";"Seated Row (Cable)";"Rest Timer";"";"";"";"";"120.0";"";""
"18";"2026-03-25 19:41:09";"Day 3: Power Pull (Heavy Back & Deadlifts)";"3685";"Seated Row (Cable)";"3";"17.0";"10";"";"";"";"";""
"18";"2026-03-25 19:41:09";"Day 3: Power Pull (Heavy Back & Deadlifts)";"3685";"Seated Row (Cable)";"Rest Timer";"";"";"";"";"120.0";"";""
"18";"2026-03-25 19:41:09";"Day 3: Power Pull (Heavy Back & Deadlifts)";"3685";"Reverse Fly (Cable)";"1";"41.0";"10";"";"";"";"";""
"18";"2026-03-25 19:41:09";"Day 3: Power Pull (Heavy Back & Deadlifts)";"3685";"Reverse Fly (Cable)";"Rest Timer";"";"";"";"";"120.0";"";""
"18";"2026-03-25 19:41:09";"Day 3: Power Pull (Heavy Back & Deadlifts)";"3685";"Reverse Fly (Cable)";"2";"65.0";"6";"";"";"";"";""
"18";"2026-03-25 19:41:09";"Day 3: Power Pull (Heavy Back & Deadlifts)";"3685";"Reverse Fly (Cable)";"Rest Timer";"";"";"";"";"120.0";"";""
"18";"2026-03-25 19:41:09";"Day 3: Power Pull (Heavy Back & Deadlifts)";"3685";"Reverse Fly (Cable)";"3";"59.0";"7";"";"";"";"";""
"18";"2026-03-25 19:41:09";"Day 3: Power Pull (Heavy Back & Deadlifts)";"3685";"Reverse Fly (Cable)";"Rest Timer";"";"";"";"";"120.0";"";""
"18";"2026-03-25 19:41:09";"Day 3: Power Pull (Heavy Back & Deadlifts)";"3685";"Bicep Curl (Machine)";"1";"17.0";"16";"";"";"";"";""
"18";"2026-03-25 19:41:09";"Day 3: Power Pull (Heavy Back & Deadlifts)";"3685";"Bicep Curl (Machine)";"Rest Timer";"";"";"";"";"120.0";"";""
"18";"2026-03-25 19:41:09";"Day 3: Power Pull (Heavy Back & Deadlifts)";"3685";"Bicep Curl (Machine)";"2";"35.0";"6";"";"";"";"";""
"18";"2026-03-25 19:41:09";"Day 3: Power Pull (Heavy Back & Deadlifts)";"3685";"Bicep Curl (Machine)";"Rest Timer";"";"";"";"";"120.0";"";""
"18";"2026-03-25 19:41:09";"Day 3: Power Pull (Heavy Back & Deadlifts)";"3685";"Bicep Curl (Machine)";"3";"29.0";"8";"";"";"";"";""
"18";"2026-03-25 19:41:09";"Day 3: Power Pull (Heavy Back & Deadlifts)";"3685";"Bicep Curl (Machine)";"Rest Timer";"";"";"";"";"120.0";"";""
"18";"2026-03-25 19:41:09";"Day 3: Power Pull (Heavy Back & Deadlifts)";"3685";"Back Extension";"1";"0.0";"7";"";"";"";"";""
"18";"2026-03-25 19:41:09";"Day 3: Power Pull (Heavy Back & Deadlifts)";"3685";"Back Extension";"Rest Timer";"";"";"";"";"120.0";"";""
"18";"2026-03-25 19:41:09";"Day 3: Power Pull (Heavy Back & Deadlifts)";"3685";"Back Extension";"2";"0.0";"7";"";"";"";"";""
"18";"2026-03-25 19:41:09";"Day 3: Power Pull (Heavy Back & Deadlifts)";"3685";"Back Extension";"Rest Timer";"";"";"";"";"120.0";"";""
"18";"2026-03-25 19:41:09";"Day 3: Power Pull (Heavy Back & Deadlifts)";"3685";"Shrug (Dumbbell)";"1";"22.8";"13";"";"";"";"";""
"18";"2026-03-25 19:41:09";"Day 3: Power Pull (Heavy Back & Deadlifts)";"3685";"Shrug (Dumbbell)";"Rest Timer";"";"";"";"";"120.0";"";""
"18";"2026-03-25 19:41:09";"Day 3: Power Pull (Heavy Back & Deadlifts)";"3685";"Shrug (Dumbbell)";"2";"30.0";"11";"";"";"";"";""
"18";"2026-03-25 19:41:09";"Day 3: Power Pull (Heavy Back & Deadlifts)";"3685";"Shrug (Dumbbell)";"Rest Timer";"";"";"";"";"120.0";"";""
"18";"2026-03-25 19:41:09";"Day 3: Power Pull (Heavy Back & Deadlifts)";"3685";"Back Cable Pull ";"1";"41.0";"12";"";"";"";"";""
"18";"2026-03-25 19:41:09";"Day 3: Power Pull (Heavy Back & Deadlifts)";"3685";"Back Cable Pull ";"Rest Timer";"";"";"";"";"120.0";"";""
"18";"2026-03-25 19:41:09";"Day 3: Power Pull (Heavy Back & Deadlifts)";"3685";"Back Cable Pull ";"2";"53.0";"5";"";"";"";"";""
"18";"2026-03-25 19:41:09";"Day 3: Power Pull (Heavy Back & Deadlifts)";"3685";"Back Cable Pull ";"Rest Timer";"";"";"";"";"120.0";"";""
"19";"2026-03-27 19:16:14";"Day 2: Power Legs (Awakening the Squat)";"3338";"Squat (Smith Machine)";"1";"10.0";"10";"";"";"";"";""
"19";"2026-03-27 19:16:14";"Day 2: Power Legs (Awakening the Squat)";"3338";"Squat (Smith Machine)";"Rest Timer";"";"";"";"";"120.0";"";""
"19";"2026-03-27 19:16:14";"Day 2: Power Legs (Awakening the Squat)";"3338";"Squat (Smith Machine)";"2";"40.0";"8";"";"";"";"";""
"19";"2026-03-27 19:16:14";"Day 2: Power Legs (Awakening the Squat)";"3338";"Squat (Smith Machine)";"Rest Timer";"";"";"";"";"120.0";"";""
"19";"2026-03-27 19:16:14";"Day 2: Power Legs (Awakening the Squat)";"3338";"Squat (Smith Machine)";"3";"80.0";"8";"";"";"";"";""
"19";"2026-03-27 19:16:14";"Day 2: Power Legs (Awakening the Squat)";"3338";"Squat (Smith Machine)";"Rest Timer";"";"";"";"";"120.0";"";""
"19";"2026-03-27 19:16:14";"Day 2: Power Legs (Awakening the Squat)";"3338";"Squat (Smith Machine)";"4";"110.0";"3";"";"";"";"";""
"19";"2026-03-27 19:16:14";"Day 2: Power Legs (Awakening the Squat)";"3338";"Squat (Smith Machine)";"Rest Timer";"";"";"";"";"120.0";"";""
"19";"2026-03-27 19:16:14";"Day 2: Power Legs (Awakening the Squat)";"3338";"Leg Press";"1";"55.0";"9";"";"";"";"";""
"19";"2026-03-27 19:16:14";"Day 2: Power Legs (Awakening the Squat)";"3338";"Leg Press";"Rest Timer";"";"";"";"";"120.0";"";""
"19";"2026-03-27 19:16:14";"Day 2: Power Legs (Awakening the Squat)";"3338";"Leg Press";"2";"80.0";"10";"";"";"";"";""
"19";"2026-03-27 19:16:14";"Day 2: Power Legs (Awakening the Squat)";"3338";"Leg Press";"Rest Timer";"";"";"";"";"120.0";"";""
"19";"2026-03-27 19:16:14";"Day 2: Power Legs (Awakening the Squat)";"3338";"Leg Press";"3";"100.0";"8";"";"";"";"";""
"19";"2026-03-27 19:16:14";"Day 2: Power Legs (Awakening the Squat)";"3338";"Leg Press";"Rest Timer";"";"";"";"";"120.0";"";""
"19";"2026-03-27 19:16:14";"Day 2: Power Legs (Awakening the Squat)";"3338";"Lying Leg Curl (Machine)";"1";"23.0";"10";"";"";"";"";""
"19";"2026-03-27 19:16:14";"Day 2: Power Legs (Awakening the Squat)";"3338";"Lying Leg Curl (Machine)";"Rest Timer";"";"";"";"";"120.0";"";""
"19";"2026-03-27 19:16:14";"Day 2: Power Legs (Awakening the Squat)";"3338";"Lying Leg Curl (Machine)";"2";"35.0";"8";"";"";"";"";""
"19";"2026-03-27 19:16:14";"Day 2: Power Legs (Awakening the Squat)";"3338";"Lying Leg Curl (Machine)";"Rest Timer";"";"";"";"";"120.0";"";""
"19";"2026-03-27 19:16:14";"Day 2: Power Legs (Awakening the Squat)";"3338";"Lying Leg Curl (Machine)";"3";"29.0";"10";"";"";"";"";""
"19";"2026-03-27 19:16:14";"Day 2: Power Legs (Awakening the Squat)";"3338";"Lying Leg Curl (Machine)";"Rest Timer";"";"";"";"";"120.0";"";""
"19";"2026-03-27 19:16:14";"Day 2: Power Legs (Awakening the Squat)";"3338";"Standing Calf Raise (Bodyweight)";"1";"";"10";"";"";"";"";""
"19";"2026-03-27 19:16:14";"Day 2: Power Legs (Awakening the Squat)";"3338";"Standing Calf Raise (Bodyweight)";"Rest Timer";"";"";"";"";"120.0";"";""
"19";"2026-03-27 19:16:14";"Day 2: Power Legs (Awakening the Squat)";"3338";"Standing Calf Raise (Bodyweight)";"2";"";"9";"";"";"";"";""
"19";"2026-03-27 19:16:14";"Day 2: Power Legs (Awakening the Squat)";"3338";"Standing Calf Raise (Bodyweight)";"Rest Timer";"";"";"";"";"120.0";"";""
"19";"2026-03-27 19:16:14";"Day 2: Power Legs (Awakening the Squat)";"3338";"Standing Calf Raise (Bodyweight)";"3";"";"4";"";"";"";"";""
"19";"2026-03-27 19:16:14";"Day 2: Power Legs (Awakening the Squat)";"3338";"Standing Calf Raise (Bodyweight)";"Rest Timer";"";"";"";"";"120.0";"";""
"19";"2026-03-27 19:16:14";"Day 2: Power Legs (Awakening the Squat)";"3338";"Lateral Raise (Cable)";"1";"11.0";"12";"";"";"";"";""
"19";"2026-03-27 19:16:14";"Day 2: Power Legs (Awakening the Squat)";"3338";"Lateral Raise (Cable)";"Rest Timer";"";"";"";"";"120.0";"";""
"19";"2026-03-27 19:16:14";"Day 2: Power Legs (Awakening the Squat)";"3338";"Lateral Raise (Cable)";"2";"17.0";"6";"";"";"";"";""
"19";"2026-03-27 19:16:14";"Day 2: Power Legs (Awakening the Squat)";"3338";"Lateral Raise (Cable)";"Rest Timer";"";"";"";"";"120.0";"";""
"19";"2026-03-27 19:16:14";"Day 2: Power Legs (Awakening the Squat)";"3338";"Lateral Raise (Cable)";"3";"11.0";"13";"";"";"";"";""
"19";"2026-03-27 19:16:14";"Day 2: Power Legs (Awakening the Squat)";"3338";"Lateral Raise (Cable)";"Rest Timer";"";"";"";"";"120.0";"";""
"20";"2026-03-30 20:47:01";"Day 1: Power Push (Heavy Chest & Shoulders)";"3583";"Bench Press (Barbell)";"W";"60.0";"12";"";"";"";"";""
"20";"2026-03-30 20:47:01";"Day 1: Power Push (Heavy Chest & Shoulders)";"3583";"Bench Press (Barbell)";"1";"105.0";"6";"";"";"";"";""
"20";"2026-03-30 20:47:01";"Day 1: Power Push (Heavy Chest & Shoulders)";"3583";"Bench Press (Barbell)";"Rest Timer";"";"";"";"";"120.0";"";""
"20";"2026-03-30 20:47:01";"Day 1: Power Push (Heavy Chest & Shoulders)";"3583";"Bench Press (Barbell)";"2";"105.0";"3";"";"";"";"";""
"20";"2026-03-30 20:47:01";"Day 1: Power Push (Heavy Chest & Shoulders)";"3583";"Bench Press (Barbell)";"Rest Timer";"";"";"";"";"120.0";"";""
"20";"2026-03-30 20:47:01";"Day 1: Power Push (Heavy Chest & Shoulders)";"3583";"Bench Press (Barbell)";"3";"105.0";"5";"";"";"";"";""
"20";"2026-03-30 20:47:01";"Day 1: Power Push (Heavy Chest & Shoulders)";"3583";"Bench Press (Barbell)";"Rest Timer";"";"";"";"";"120.0";"";""
"20";"2026-03-30 20:47:01";"Day 1: Power Push (Heavy Chest & Shoulders)";"3583";"Shoulder Press (Machine)";"1";"22.6796";"10";"";"";"";"";""
"20";"2026-03-30 20:47:01";"Day 1: Power Push (Heavy Chest & Shoulders)";"3583";"Shoulder Press (Machine)";"Rest Timer";"";"";"";"";"120.0";"";""
"20";"2026-03-30 20:47:01";"Day 1: Power Push (Heavy Chest & Shoulders)";"3583";"Shoulder Press (Machine)";"2";"36.28736";"14";"";"";"";"";""
"20";"2026-03-30 20:47:01";"Day 1: Power Push (Heavy Chest & Shoulders)";"3583";"Shoulder Press (Machine)";"Rest Timer";"";"";"";"";"120.0";"";""
"20";"2026-03-30 20:47:01";"Day 1: Power Push (Heavy Chest & Shoulders)";"3583";"Shoulder Press (Machine)";"3";"49.89512";"6";"";"";"";"";""
"20";"2026-03-30 20:47:01";"Day 1: Power Push (Heavy Chest & Shoulders)";"3583";"Shoulder Press (Machine)";"Rest Timer";"";"";"";"";"120.0";"";""
"20";"2026-03-30 20:47:01";"Day 1: Power Push (Heavy Chest & Shoulders)";"3583";"Incline Chest Fly (Dumbbell)";"1";"16.0";"12";"";"";"";"";""
"20";"2026-03-30 20:47:01";"Day 1: Power Push (Heavy Chest & Shoulders)";"3583";"Incline Chest Fly (Dumbbell)";"Rest Timer";"";"";"";"";"120.0";"";""
"20";"2026-03-30 20:47:01";"Day 1: Power Push (Heavy Chest & Shoulders)";"3583";"Incline Chest Fly (Dumbbell)";"2";"30.0";"7";"";"";"";"";""
"20";"2026-03-30 20:47:01";"Day 1: Power Push (Heavy Chest & Shoulders)";"3583";"Incline Chest Fly (Dumbbell)";"Rest Timer";"";"";"";"";"120.0";"";""
"20";"2026-03-30 20:47:01";"Day 1: Power Push (Heavy Chest & Shoulders)";"3583";"Incline Chest Fly (Dumbbell)";"3";"26.0";"8";"";"";"";"";""
"20";"2026-03-30 20:47:01";"Day 1: Power Push (Heavy Chest & Shoulders)";"3583";"Incline Chest Fly (Dumbbell)";"Rest Timer";"";"";"";"";"120.0";"";""
"20";"2026-03-30 20:47:01";"Day 1: Power Push (Heavy Chest & Shoulders)";"3583";"Lateral Raise (Dumbbell)";"1";"16.0";"11";"";"";"";"";""
"20";"2026-03-30 20:47:01";"Day 1: Power Push (Heavy Chest & Shoulders)";"3583";"Lateral Raise (Dumbbell)";"Rest Timer";"";"";"";"";"120.0";"";""
"20";"2026-03-30 20:47:01";"Day 1: Power Push (Heavy Chest & Shoulders)";"3583";"Lateral Raise (Dumbbell)";"2";"18.0";"9";"";"";"";"";""
"20";"2026-03-30 20:47:01";"Day 1: Power Push (Heavy Chest & Shoulders)";"3583";"Lateral Raise (Dumbbell)";"Rest Timer";"";"";"";"";"120.0";"";""
"20";"2026-03-30 20:47:01";"Day 1: Power Push (Heavy Chest & Shoulders)";"3583";"Lateral Raise (Dumbbell)";"3";"16.0";"12";"";"";"";"";""
"20";"2026-03-30 20:47:01";"Day 1: Power Push (Heavy Chest & Shoulders)";"3583";"Lateral Raise (Dumbbell)";"Rest Timer";"";"";"";"";"120.0";"";""
"20";"2026-03-30 20:47:01";"Day 1: Power Push (Heavy Chest & Shoulders)";"3583";"Triceps Extension (Cable)";"W";"27.215519999999998";"11";"";"";"";"";""
"20";"2026-03-30 20:47:01";"Day 1: Power Push (Heavy Chest & Shoulders)";"3583";"Triceps Extension (Cable)";"Rest Timer";"";"";"";"";"120.0";"";""
"20";"2026-03-30 20:47:01";"Day 1: Power Push (Heavy Chest & Shoulders)";"3583";"Triceps Extension (Cable)";"1";"45.3592";"8";"";"";"";"";""
"20";"2026-03-30 20:47:01";"Day 1: Power Push (Heavy Chest & Shoulders)";"3583";"Triceps Extension (Cable)";"Rest Timer";"";"";"";"";"180.0";"";""
"20";"2026-03-30 20:47:01";"Day 1: Power Push (Heavy Chest & Shoulders)";"3583";"Triceps Extension (Cable)";"2";"45.3592";"5";"";"";"";"";""
"20";"2026-03-30 20:47:01";"Day 1: Power Push (Heavy Chest & Shoulders)";"3583";"Triceps Extension (Cable)";"Rest Timer";"";"";"";"";"120.0";"";""
"20";"2026-03-30 20:47:01";"Day 1: Power Push (Heavy Chest & Shoulders)";"3583";"Triceps Extension (Cable)";"W";"40.82328";"10";"";"";"";"";""
"20";"2026-03-30 20:47:01";"Day 1: Power Push (Heavy Chest & Shoulders)";"3583";"Triceps Extension (Cable)";"1";"45.3592";"8";"";"";"";"";""
"20";"2026-03-30 20:47:01";"Day 1: Power Push (Heavy Chest & Shoulders)";"3583";"Triceps Extension (Cable)";"Rest Timer";"";"";"";"";"120.0";"";""
"21";"2026-04-01 20:20:24";"Day 3: Power Pull (Heavy Back & Deadlifts)";"3198";"Lat Pulldown (Cable)";"1";"35.0";"14";"";"";"";"";""
"21";"2026-04-01 20:20:24";"Day 3: Power Pull (Heavy Back & Deadlifts)";"3198";"Lat Pulldown (Cable)";"Rest Timer";"";"";"";"";"120.0";"";""
"21";"2026-04-01 20:20:24";"Day 3: Power Pull (Heavy Back & Deadlifts)";"3198";"Lat Pulldown (Cable)";"2";"65.0";"11";"";"";"";"";""
"21";"2026-04-01 20:20:24";"Day 3: Power Pull (Heavy Back & Deadlifts)";"3198";"Lat Pulldown (Cable)";"Rest Timer";"";"";"";"";"120.0";"";""
"21";"2026-04-01 20:20:24";"Day 3: Power Pull (Heavy Back & Deadlifts)";"3198";"Lat Pulldown (Cable)";"3";"71.0";"8";"";"";"";"";""
"21";"2026-04-01 20:20:24";"Day 3: Power Pull (Heavy Back & Deadlifts)";"3198";"Lat Pulldown (Cable)";"Rest Timer";"";"";"";"";"120.0";"";""
"21";"2026-04-01 20:20:24";"Day 3: Power Pull (Heavy Back & Deadlifts)";"3198";"Iso-Lateral Row (Machine)";"1";"25.0";"16";"";"";"";"";""
"21";"2026-04-01 20:20:24";"Day 3: Power Pull (Heavy Back & Deadlifts)";"3198";"Iso-Lateral Row (Machine)";"Rest Timer";"";"";"";"";"120.0";"";""
"21";"2026-04-01 20:20:24";"Day 3: Power Pull (Heavy Back & Deadlifts)";"3198";"Iso-Lateral Row (Machine)";"2";"40.5";"10";"";"";"";"";""
"21";"2026-04-01 20:20:24";"Day 3: Power Pull (Heavy Back & Deadlifts)";"3198";"Iso-Lateral Row (Machine)";"Rest Timer";"";"";"";"";"120.0";"";""
"21";"2026-04-01 20:20:24";"Day 3: Power Pull (Heavy Back & Deadlifts)";"3198";"Iso-Lateral Row (Machine)";"3";"56.5";"10";"";"";"";"";""
"21";"2026-04-01 20:20:24";"Day 3: Power Pull (Heavy Back & Deadlifts)";"3198";"Iso-Lateral Row (Machine)";"Rest Timer";"";"";"";"";"120.0";"";""
"21";"2026-04-01 20:20:24";"Day 3: Power Pull (Heavy Back & Deadlifts)";"3198";"T Bar Row";"1";"25.0";"10";"";"";"";"";""
"21";"2026-04-01 20:20:24";"Day 3: Power Pull (Heavy Back & Deadlifts)";"3198";"T Bar Row";"Rest Timer";"";"";"";"";"120.0";"";""
"21";"2026-04-01 20:20:24";"Day 3: Power Pull (Heavy Back & Deadlifts)";"3198";"T Bar Row";"D";"40.0";"5";"";"";"";"";""
"21";"2026-04-01 20:20:24";"Day 3: Power Pull (Heavy Back & Deadlifts)";"3198";"T Bar Row";"D";"25.0";"3";"";"";"";"";""
"21";"2026-04-01 20:20:24";"Day 3: Power Pull (Heavy Back & Deadlifts)";"3198";"Reverse Fly (Cable)";"1";"36.28736";"10";"";"";"";"";""
"21";"2026-04-01 20:20:24";"Day 3: Power Pull (Heavy Back & Deadlifts)";"3198";"Reverse Fly (Cable)";"Rest Timer";"";"";"";"";"120.0";"";""
"21";"2026-04-01 20:20:24";"Day 3: Power Pull (Heavy Back & Deadlifts)";"3198";"Reverse Fly (Cable)";"2";"54.431039999999996";"5";"";"";"";"";""
"21";"2026-04-01 20:20:24";"Day 3: Power Pull (Heavy Back & Deadlifts)";"3198";"Reverse Fly (Cable)";"Rest Timer";"";"";"";"";"120.0";"";""
"21";"2026-04-01 20:20:24";"Day 3: Power Pull (Heavy Back & Deadlifts)";"3198";"Reverse Fly (Cable)";"3";"45.3592";"5";"";"";"";"";""
"21";"2026-04-01 20:20:24";"Day 3: Power Pull (Heavy Back & Deadlifts)";"3198";"Reverse Fly (Cable)";"Rest Timer";"";"";"";"";"120.0";"";""
"21";"2026-04-01 20:20:24";"Day 3: Power Pull (Heavy Back & Deadlifts)";"3198";"Bicep Curl (Machine)";"1";"17.0";"14";"";"";"";"";""
"21";"2026-04-01 20:20:24";"Day 3: Power Pull (Heavy Back & Deadlifts)";"3198";"Bicep Curl (Machine)";"Rest Timer";"";"";"";"";"120.0";"";""
"21";"2026-04-01 20:20:24";"Day 3: Power Pull (Heavy Back & Deadlifts)";"3198";"Bicep Curl (Machine)";"2";"26.0";"10";"";"";"";"";""
"21";"2026-04-01 20:20:24";"Day 3: Power Pull (Heavy Back & Deadlifts)";"3198";"Bicep Curl (Machine)";"Rest Timer";"";"";"";"";"120.0";"";""
"21";"2026-04-01 20:20:24";"Day 3: Power Pull (Heavy Back & Deadlifts)";"3198";"Bicep Curl (Machine)";"3";"29.0";"10";"";"";"";"";""
"21";"2026-04-01 20:20:24";"Day 3: Power Pull (Heavy Back & Deadlifts)";"3198";"Bicep Curl (Machine)";"Rest Timer";"";"";"";"";"120.0";"";""
"22";"2026-04-02 20:39:04";"Day 2: Power Legs (Awakening the Squat)";"3868";"Squat (Barbell)";"W";"25.0";"10";"";"";"";"";""
"22";"2026-04-02 20:39:04";"Day 2: Power Legs (Awakening the Squat)";"3868";"Squat (Barbell)";"1";"55.0";"8";"";"";"";"";""
"22";"2026-04-02 20:39:04";"Day 2: Power Legs (Awakening the Squat)";"3868";"Squat (Barbell)";"Rest Timer";"";"";"";"";"120.0";"";""
"22";"2026-04-02 20:39:04";"Day 2: Power Legs (Awakening the Squat)";"3868";"Squat (Barbell)";"2";"95.0";"4";"";"";"";"";""
"22";"2026-04-02 20:39:04";"Day 2: Power Legs (Awakening the Squat)";"3868";"Squat (Barbell)";"3";"135.0";"3";"";"";"";"";""
"22";"2026-04-02 20:39:04";"Day 2: Power Legs (Awakening the Squat)";"3868";"Squat (Barbell)";"Rest Timer";"";"";"";"";"120.0";"";""
"22";"2026-04-02 20:39:04";"Day 2: Power Legs (Awakening the Squat)";"3868";"Squat (Barbell)";"4";"95.0";"5";"";"";"";"";""
"22";"2026-04-02 20:39:04";"Day 2: Power Legs (Awakening the Squat)";"3868";"Squat (Barbell)";"Rest Timer";"";"";"";"";"120.0";"";""
"22";"2026-04-02 20:39:04";"Day 2: Power Legs (Awakening the Squat)";"3868";"Leg Press";"1";"115.0";"10";"";"";"";"";""
"22";"2026-04-02 20:39:04";"Day 2: Power Legs (Awakening the Squat)";"3868";"Leg Press";"Rest Timer";"";"";"";"";"120.0";"";""
"22";"2026-04-02 20:39:04";"Day 2: Power Legs (Awakening the Squat)";"3868";"Leg Press";"2";"165.0";"16";"";"";"";"";""
"22";"2026-04-02 20:39:04";"Day 2: Power Legs (Awakening the Squat)";"3868";"Leg Press";"Rest Timer";"";"";"";"";"120.0";"";""
"22";"2026-04-02 20:39:04";"Day 2: Power Legs (Awakening the Squat)";"3868";"Leg Press";"3";"215.0";"11";"";"";"";"";""
"22";"2026-04-02 20:39:04";"Day 2: Power Legs (Awakening the Squat)";"3868";"Leg Press";"Rest Timer";"";"";"";"";"120.0";"";""
"22";"2026-04-02 20:39:04";"Day 2: Power Legs (Awakening the Squat)";"3868";"One Leg Curl Plates Loaded";"1";"15.0";"7";"";"";"";"";""
"22";"2026-04-02 20:39:04";"Day 2: Power Legs (Awakening the Squat)";"3868";"One Leg Curl Plates Loaded";"Rest Timer";"";"";"";"";"120.0";"";""
"22";"2026-04-02 20:39:04";"Day 2: Power Legs (Awakening the Squat)";"3868";"One Leg Curl Plates Loaded";"2";"15.0";"9";"";"";"";"";""
"22";"2026-04-02 20:39:04";"Day 2: Power Legs (Awakening the Squat)";"3868";"One Leg Curl Plates Loaded";"Rest Timer";"";"";"";"";"120.0";"";""
"22";"2026-04-02 20:39:04";"Day 2: Power Legs (Awakening the Squat)";"3868";"One Leg Curl Plates Loaded";"3";"15.0";"11";"";"";"";"";""
"22";"2026-04-02 20:39:04";"Day 2: Power Legs (Awakening the Squat)";"3868";"One Leg Curl Plates Loaded";"Rest Timer";"";"";"";"";"120.0";"";""
"22";"2026-04-02 20:39:04";"Day 2: Power Legs (Awakening the Squat)";"3868";"Seated Calf Raise (Plate Loaded)";"1";"30.0";"11";"";"";"";"";""
"22";"2026-04-02 20:39:04";"Day 2: Power Legs (Awakening the Squat)";"3868";"Seated Calf Raise (Plate Loaded)";"Rest Timer";"";"";"";"";"120.0";"";""
"22";"2026-04-02 20:39:04";"Day 2: Power Legs (Awakening the Squat)";"3868";"Seated Calf Raise (Plate Loaded)";"2";"30.0";"13";"";"";"";"";""
"22";"2026-04-02 20:39:04";"Day 2: Power Legs (Awakening the Squat)";"3868";"Seated Calf Raise (Plate Loaded)";"Rest Timer";"";"";"";"";"120.0";"";""
"22";"2026-04-02 20:39:04";"Day 2: Power Legs (Awakening the Squat)";"3868";"Seated Calf Raise (Plate Loaded)";"3";"30.0";"14";"";"";"";"";""
"22";"2026-04-02 20:39:04";"Day 2: Power Legs (Awakening the Squat)";"3868";"Seated Calf Raise (Plate Loaded)";"Rest Timer";"";"";"";"";"120.0";"";""
"23";"2026-04-03 20:25:33";"Retouche";"3745";"Seated Overhead Press (Dumbbell)";"W";"10.0";"10";"";"";"";"";""
"23";"2026-04-03 20:25:33";"Retouche";"3745";"Seated Overhead Press (Dumbbell)";"1";"18.0";"10";"";"";"";"";""
"23";"2026-04-03 20:25:33";"Retouche";"3745";"Seated Overhead Press (Dumbbell)";"Rest Timer";"";"";"";"";"120.0";"";""
"23";"2026-04-03 20:25:33";"Retouche";"3745";"Seated Overhead Press (Dumbbell)";"2";"34.0";"10";"";"";"";"";""
"23";"2026-04-03 20:25:33";"Retouche";"3745";"Seated Overhead Press (Dumbbell)";"Rest Timer";"";"";"";"";"120.0";"";""
"23";"2026-04-03 20:25:33";"Retouche";"3745";"Seated Overhead Press (Dumbbell)";"3";"40.0";"10";"";"";"";"";""
"23";"2026-04-03 20:25:33";"Retouche";"3745";"Seated Overhead Press (Dumbbell)";"Rest Timer";"";"";"";"";"120.0";"";""
"23";"2026-04-03 20:25:33";"Retouche";"3745";"Incline Chest Press (Machine)";"1";"36.28736";"10";"";"";"";"";""
"23";"2026-04-03 20:25:33";"Retouche";"3745";"Incline Chest Press (Machine)";"Rest Timer";"";"";"";"";"120.0";"";""
"23";"2026-04-03 20:25:33";"Retouche";"3745";"Incline Chest Press (Machine)";"2";"54.431039999999996";"10";"";"";"";"";""
"23";"2026-04-03 20:25:33";"Retouche";"3745";"Incline Chest Press (Machine)";"Rest Timer";"";"";"";"";"120.0";"";""
"23";"2026-04-03 20:25:33";"Retouche";"3745";"Incline Chest Press (Machine)";"3";"63.50288";"5";"";"";"";"";""
"23";"2026-04-03 20:25:33";"Retouche";"3745";"Incline Chest Press (Machine)";"Rest Timer";"";"";"";"";"120.0";"";""
"23";"2026-04-03 20:25:33";"Retouche";"3745";"Lateral Raise (Dumbbell)";"1";"18.0";"9";"";"";"";"";""
"23";"2026-04-03 20:25:33";"Retouche";"3745";"Lateral Raise (Dumbbell)";"Rest Timer";"";"";"";"";"120.0";"";""
"23";"2026-04-03 20:25:33";"Retouche";"3745";"Lateral Raise (Dumbbell)";"D";"20.0";"6";"";"";"";"";""
"23";"2026-04-03 20:25:33";"Retouche";"3745";"Lateral Raise (Dumbbell)";"D";"6.0";"8";"";"";"";"";""
"23";"2026-04-03 20:25:33";"Retouche";"3745";"Machine Dips";"1";"18.14368";"18";"";"";"";"";""
"23";"2026-04-03 20:25:33";"Retouche";"3745";"Machine Dips";"Rest Timer";"";"";"";"";"120.0";"";""
"23";"2026-04-03 20:25:33";"Retouche";"3745";"Machine Dips";"2";"45.3592";"9";"";"";"";"";""
"23";"2026-04-03 20:25:33";"Retouche";"3745";"Machine Dips";"Rest Timer";"";"";"";"";"120.0";"";""
"23";"2026-04-03 20:25:33";"Retouche";"3745";"Machine Dips";"D";"81.64656";"3";"";"";"";"";""
"23";"2026-04-03 20:25:33";"Retouche";"3745";"Machine Dips";"4";"40.82328";"10";"";"";"";"";""
"23";"2026-04-03 20:25:33";"Retouche";"3745";"Machine Dips";"Rest Timer";"";"";"";"";"120.0";"";""
"23";"2026-04-03 20:25:33";"Retouche";"3745";"Seated Bicep Curls";"1";"12.0";"9";"";"";"";"";""
"23";"2026-04-03 20:25:33";"Retouche";"3745";"Seated Bicep Curls";"Rest Timer";"";"";"";"";"120.0";"";""
"23";"2026-04-03 20:25:33";"Retouche";"3745";"Seated Bicep Curls";"2";"14.0";"9";"";"";"";"";""
"23";"2026-04-03 20:25:33";"Retouche";"3745";"Seated Bicep Curls";"Rest Timer";"";"";"";"";"120.0";"";""
"24";"2026-04-06 20:34:40";"Day 1: Power Push (Heavy Chest & Shoulders)";"4279";"Bench Press (Barbell)";"W";"55.0";"8";"";"";"";"";""
"24";"2026-04-06 20:34:40";"Day 1: Power Push (Heavy Chest & Shoulders)";"4279";"Bench Press (Barbell)";"1";"85.0";"4";"";"";"";"";""
"24";"2026-04-06 20:34:40";"Day 1: Power Push (Heavy Chest & Shoulders)";"4279";"Bench Press (Barbell)";"Rest Timer";"";"";"";"";"120.0";"";""
"24";"2026-04-06 20:34:40";"Day 1: Power Push (Heavy Chest & Shoulders)";"4279";"Bench Press (Barbell)";"2";"115.0";"2";"";"";"";"";""
"24";"2026-04-06 20:34:40";"Day 1: Power Push (Heavy Chest & Shoulders)";"4279";"Bench Press (Barbell)";"Rest Timer";"";"";"";"";"120.0";"";""
"24";"2026-04-06 20:34:40";"Day 1: Power Push (Heavy Chest & Shoulders)";"4279";"Bench Press (Barbell)";"3";"105.0";"7";"";"";"";"";""
"24";"2026-04-06 20:34:40";"Day 1: Power Push (Heavy Chest & Shoulders)";"4279";"Bench Press (Barbell)";"Rest Timer";"";"";"";"";"120.0";"";""
"24";"2026-04-06 20:34:40";"Day 1: Power Push (Heavy Chest & Shoulders)";"4279";"Shoulder Press (Machine)";"1";"22.6796";"10";"";"";"";"";""
"24";"2026-04-06 20:34:40";"Day 1: Power Push (Heavy Chest & Shoulders)";"4279";"Shoulder Press (Machine)";"Rest Timer";"";"";"";"";"120.0";"";""
"24";"2026-04-06 20:34:40";"Day 1: Power Push (Heavy Chest & Shoulders)";"4279";"Shoulder Press (Machine)";"2";"36.28736";"14";"";"";"";"";""
"24";"2026-04-06 20:34:40";"Day 1: Power Push (Heavy Chest & Shoulders)";"4279";"Shoulder Press (Machine)";"Rest Timer";"";"";"";"";"120.0";"";""
"24";"2026-04-06 20:34:40";"Day 1: Power Push (Heavy Chest & Shoulders)";"4279";"Shoulder Press (Machine)";"3";"58.96696";"7";"";"";"";"";""
"24";"2026-04-06 20:34:40";"Day 1: Power Push (Heavy Chest & Shoulders)";"4279";"Shoulder Press (Machine)";"Rest Timer";"";"";"";"";"120.0";"";""
"24";"2026-04-06 20:34:40";"Day 1: Power Push (Heavy Chest & Shoulders)";"4279";"Incline Chest Fly (Dumbbell)";"1";"18.0";"12";"";"";"";"";""
"24";"2026-04-06 20:34:40";"Day 1: Power Push (Heavy Chest & Shoulders)";"4279";"Incline Chest Fly (Dumbbell)";"Rest Timer";"";"";"";"";"120.0";"";""
"24";"2026-04-06 20:34:40";"Day 1: Power Push (Heavy Chest & Shoulders)";"4279";"Incline Chest Fly (Dumbbell)";"2";"32.0";"5";"";"";"";"";""
"24";"2026-04-06 20:34:40";"Day 1: Power Push (Heavy Chest & Shoulders)";"4279";"Incline Chest Fly (Dumbbell)";"Rest Timer";"";"";"";"";"120.0";"";""
"24";"2026-04-06 20:34:40";"Day 1: Power Push (Heavy Chest & Shoulders)";"4279";"Incline Chest Fly (Dumbbell)";"3";"28.0";"9";"";"";"";"";""
"24";"2026-04-06 20:34:40";"Day 1: Power Push (Heavy Chest & Shoulders)";"4279";"Incline Chest Fly (Dumbbell)";"Rest Timer";"";"";"";"";"120.0";"";""
"24";"2026-04-06 20:34:40";"Day 1: Power Push (Heavy Chest & Shoulders)";"4279";"Lateral Raise (Dumbbell)";"1";"20.0";"9";"";"";"";"";""
"24";"2026-04-06 20:34:40";"Day 1: Power Push (Heavy Chest & Shoulders)";"4279";"Lateral Raise (Dumbbell)";"Rest Timer";"";"";"";"";"120.0";"";""
"24";"2026-04-06 20:34:40";"Day 1: Power Push (Heavy Chest & Shoulders)";"4279";"Lateral Raise (Dumbbell)";"2";"18.0";"13";"";"";"";"";""
"24";"2026-04-06 20:34:40";"Day 1: Power Push (Heavy Chest & Shoulders)";"4279";"Lateral Raise (Dumbbell)";"Rest Timer";"";"";"";"";"120.0";"";""
"24";"2026-04-06 20:34:40";"Day 1: Power Push (Heavy Chest & Shoulders)";"4279";"Lateral Raise (Dumbbell)";"3";"10.0";"22";"";"";"";"";""
"24";"2026-04-06 20:34:40";"Day 1: Power Push (Heavy Chest & Shoulders)";"4279";"Lateral Raise (Dumbbell)";"Rest Timer";"";"";"";"";"120.0";"";""
"24";"2026-04-06 20:34:40";"Day 1: Power Push (Heavy Chest & Shoulders)";"4279";"Triceps Extension (Cable)";"W";"31.75144";"12";"";"";"";"";""
"24";"2026-04-06 20:34:40";"Day 1: Power Push (Heavy Chest & Shoulders)";"4279";"Triceps Extension (Cable)";"1";"45.3592";"5";"";"";"";"";""
"24";"2026-04-06 20:34:40";"Day 1: Power Push (Heavy Chest & Shoulders)";"4279";"Triceps Extension (Cable)";"Rest Timer";"";"";"";"";"120.0";"";""
"24";"2026-04-06 20:34:40";"Day 1: Power Push (Heavy Chest & Shoulders)";"4279";"Triceps Extension (Cable)";"2";"49.89512";"4";"";"";"";"";""
"24";"2026-04-06 20:34:40";"Day 1: Power Push (Heavy Chest & Shoulders)";"4279";"Triceps Extension (Cable)";"Rest Timer";"";"";"";"";"120.0";"";""
"25";"2026-04-08 20:24:47";"Day 3: Power Pull (Heavy Back & Deadlifts)";"4299";"Lat Pulldown (Cable)";"1";"35.0";"14";"";"";"";"";""
"25";"2026-04-08 20:24:47";"Day 3: Power Pull (Heavy Back & Deadlifts)";"4299";"Lat Pulldown (Cable)";"Rest Timer";"";"";"";"";"120.0";"";""
"25";"2026-04-08 20:24:47";"Day 3: Power Pull (Heavy Back & Deadlifts)";"4299";"Lat Pulldown (Cable)";"2";"71.0";"10";"";"";"";"";""
"25";"2026-04-08 20:24:47";"Day 3: Power Pull (Heavy Back & Deadlifts)";"4299";"Lat Pulldown (Cable)";"Rest Timer";"";"";"";"";"120.0";"";""
"25";"2026-04-08 20:24:47";"Day 3: Power Pull (Heavy Back & Deadlifts)";"4299";"Lat Pulldown (Cable)";"3";"77.0";"6";"";"";"";"";""
"25";"2026-04-08 20:24:47";"Day 3: Power Pull (Heavy Back & Deadlifts)";"4299";"Lat Pulldown (Cable)";"Rest Timer";"";"";"";"";"120.0";"";""
"25";"2026-04-08 20:24:47";"Day 3: Power Pull (Heavy Back & Deadlifts)";"4299";"Iso-Lateral Row (Machine)";"1";"32.5";"12";"";"";"";"";""
"25";"2026-04-08 20:24:47";"Day 3: Power Pull (Heavy Back & Deadlifts)";"4299";"Iso-Lateral Row (Machine)";"Rest Timer";"";"";"";"";"120.0";"";""
"25";"2026-04-08 20:24:47";"Day 3: Power Pull (Heavy Back & Deadlifts)";"4299";"Iso-Lateral Row (Machine)";"2";"72.5";"7";"";"";"";"";""
"25";"2026-04-08 20:24:47";"Day 3: Power Pull (Heavy Back & Deadlifts)";"4299";"Iso-Lateral Row (Machine)";"Rest Timer";"";"";"";"";"120.0";"";""
"25";"2026-04-08 20:24:47";"Day 3: Power Pull (Heavy Back & Deadlifts)";"4299";"Iso-Lateral Row (Machine)";"3";"64.5";"10";"";"";"";"";""
"25";"2026-04-08 20:24:47";"Day 3: Power Pull (Heavy Back & Deadlifts)";"4299";"Iso-Lateral Row (Machine)";"Rest Timer";"";"";"";"";"120.0";"";""
"25";"2026-04-08 20:24:47";"Day 3: Power Pull (Heavy Back & Deadlifts)";"4299";"T Bar Row";"1";"15.0";"8";"";"";"";"";""
"25";"2026-04-08 20:24:47";"Day 3: Power Pull (Heavy Back & Deadlifts)";"4299";"T Bar Row";"Rest Timer";"";"";"";"";"120.0";"";""
"25";"2026-04-08 20:24:47";"Day 3: Power Pull (Heavy Back & Deadlifts)";"4299";"T Bar Row";"2";"40.0";"7";"";"";"";"";""
"25";"2026-04-08 20:24:47";"Day 3: Power Pull (Heavy Back & Deadlifts)";"4299";"T Bar Row";"Rest Timer";"";"";"";"";"120.0";"";""
"25";"2026-04-08 20:24:47";"Day 3: Power Pull (Heavy Back & Deadlifts)";"4299";"T Bar Row";"3";"40.0";"9";"";"";"";"";""
"25";"2026-04-08 20:24:47";"Day 3: Power Pull (Heavy Back & Deadlifts)";"4299";"T Bar Row";"Rest Timer";"";"";"";"";"120.0";"";""
"25";"2026-04-08 20:24:47";"Day 3: Power Pull (Heavy Back & Deadlifts)";"4299";"Reverse Fly (Cable)";"1";"18.14368";"10";"";"";"";"";""
"25";"2026-04-08 20:24:47";"Day 3: Power Pull (Heavy Back & Deadlifts)";"4299";"Reverse Fly (Cable)";"Rest Timer";"";"";"";"";"120.0";"";""
"25";"2026-04-08 20:24:47";"Day 3: Power Pull (Heavy Back & Deadlifts)";"4299";"Reverse Fly (Cable)";"2";"54.431039999999996";"7";"";"";"";"";""
"25";"2026-04-08 20:24:47";"Day 3: Power Pull (Heavy Back & Deadlifts)";"4299";"Reverse Fly (Cable)";"Rest Timer";"";"";"";"";"120.0";"";""
"25";"2026-04-08 20:24:47";"Day 3: Power Pull (Heavy Back & Deadlifts)";"4299";"Reverse Fly (Cable)";"3";"45.3592";"8";"";"";"";"";""
"25";"2026-04-08 20:24:47";"Day 3: Power Pull (Heavy Back & Deadlifts)";"4299";"Reverse Fly (Cable)";"Rest Timer";"";"";"";"";"120.0";"";""
"25";"2026-04-08 20:24:47";"Day 3: Power Pull (Heavy Back & Deadlifts)";"4299";"Bicep Curl (Machine)";"1";"20.0";"8";"";"";"";"";""
"25";"2026-04-08 20:24:47";"Day 3: Power Pull (Heavy Back & Deadlifts)";"4299";"Bicep Curl (Machine)";"Rest Timer";"";"";"";"";"120.0";"";""
"25";"2026-04-08 20:24:47";"Day 3: Power Pull (Heavy Back & Deadlifts)";"4299";"Bicep Curl (Machine)";"2";"30.0";"12";"";"";"";"";""
"25";"2026-04-08 20:24:47";"Day 3: Power Pull (Heavy Back & Deadlifts)";"4299";"Bicep Curl (Machine)";"Rest Timer";"";"";"";"";"120.0";"";""
"25";"2026-04-08 20:24:47";"Day 3: Power Pull (Heavy Back & Deadlifts)";"4299";"Bicep Curl (Machine)";"3";"35.0";"10";"";"";"";"";""
"25";"2026-04-08 20:24:47";"Day 3: Power Pull (Heavy Back & Deadlifts)";"4299";"Bicep Curl (Machine)";"Rest Timer";"";"";"";"";"120.0";"";""
"26";"2026-04-09 16:47:22";"Day 2: Power Legs (Awakening the Squat)";"4378";"Squat (Barbell)";"W";"35.0";"8";"";"";"";"";""
"26";"2026-04-09 16:47:22";"Day 2: Power Legs (Awakening the Squat)";"4378";"Squat (Barbell)";"1";"65.0";"7";"";"";"";"";""
"26";"2026-04-09 16:47:22";"Day 2: Power Legs (Awakening the Squat)";"4378";"Squat (Barbell)";"Rest Timer";"";"";"";"";"120.0";"";""
"26";"2026-04-09 16:47:22";"Day 2: Power Legs (Awakening the Squat)";"4378";"Squat (Barbell)";"2";"105.0";"5";"";"";"";"";""
"26";"2026-04-09 16:47:22";"Day 2: Power Legs (Awakening the Squat)";"4378";"Squat (Barbell)";"Rest Timer";"";"";"";"";"120.0";"";""
"26";"2026-04-09 16:47:22";"Day 2: Power Legs (Awakening the Squat)";"4378";"Squat (Barbell)";"3";"145.0";"3";"";"";"";"";""
"26";"2026-04-09 16:47:22";"Day 2: Power Legs (Awakening the Squat)";"4378";"Squat (Barbell)";"Rest Timer";"";"";"";"";"120.0";"";""
"26";"2026-04-09 16:47:22";"Day 2: Power Legs (Awakening the Squat)";"4378";"Squat (Barbell)";"4";"105.0";"7";"";"";"";"";""
"26";"2026-04-09 16:47:22";"Day 2: Power Legs (Awakening the Squat)";"4378";"Squat (Barbell)";"Rest Timer";"";"";"";"";"120.0";"";""
"26";"2026-04-09 16:47:22";"Day 2: Power Legs (Awakening the Squat)";"4378";"Leg Press";"1";"120.0";"11";"";"";"";"";""
"26";"2026-04-09 16:47:22";"Day 2: Power Legs (Awakening the Squat)";"4378";"Leg Press";"Rest Timer";"";"";"";"";"120.0";"";""
"26";"2026-04-09 16:47:22";"Day 2: Power Legs (Awakening the Squat)";"4378";"Leg Press";"2";"220.0";"11";"";"";"";"";""
"26";"2026-04-09 16:47:22";"Day 2: Power Legs (Awakening the Squat)";"4378";"Leg Press";"Rest Timer";"";"";"";"";"120.0";"";""
"26";"2026-04-09 16:47:22";"Day 2: Power Legs (Awakening the Squat)";"4378";"Leg Press";"3";"250.0";"12";"";"";"";"";""
"26";"2026-04-09 16:47:22";"Day 2: Power Legs (Awakening the Squat)";"4378";"Leg Press";"Rest Timer";"";"";"";"";"120.0";"";""
"26";"2026-04-09 16:47:22";"Day 2: Power Legs (Awakening the Squat)";"4378";"Seated Leg Curl (Machine)";"1";"35.0";"11";"";"";"";"";""
"26";"2026-04-09 16:47:22";"Day 2: Power Legs (Awakening the Squat)";"4378";"Seated Leg Curl (Machine)";"Rest Timer";"";"";"";"";"120.0";"";""
"26";"2026-04-09 16:47:22";"Day 2: Power Legs (Awakening the Squat)";"4378";"Seated Leg Curl (Machine)";"2";"40.0";"12";"";"";"";"";""
"26";"2026-04-09 16:47:22";"Day 2: Power Legs (Awakening the Squat)";"4378";"Seated Leg Curl (Machine)";"Rest Timer";"";"";"";"";"120.0";"";""
"26";"2026-04-09 16:47:22";"Day 2: Power Legs (Awakening the Squat)";"4378";"Seated Leg Curl (Machine)";"3";"45.0";"9";"";"";"";"";""
"26";"2026-04-09 16:47:22";"Day 2: Power Legs (Awakening the Squat)";"4378";"Seated Leg Curl (Machine)";"Rest Timer";"";"";"";"";"120.0";"";""
"26";"2026-04-09 16:47:22";"Day 2: Power Legs (Awakening the Squat)";"4378";"Seated Calf Raise (Plate Loaded)";"1";"40.0";"12";"";"";"";"";""
"26";"2026-04-09 16:47:22";"Day 2: Power Legs (Awakening the Squat)";"4378";"Seated Calf Raise (Plate Loaded)";"Rest Timer";"";"";"";"";"120.0";"";""
"26";"2026-04-09 16:47:22";"Day 2: Power Legs (Awakening the Squat)";"4378";"Seated Calf Raise (Plate Loaded)";"2";"40.0";"15";"";"";"";"";""
"26";"2026-04-09 16:47:22";"Day 2: Power Legs (Awakening the Squat)";"4378";"Seated Calf Raise (Plate Loaded)";"Rest Timer";"";"";"";"";"120.0";"";""
"26";"2026-04-09 16:47:22";"Day 2: Power Legs (Awakening the Squat)";"4378";"Seated Calf Raise (Plate Loaded)";"3";"40.0";"16";"";"";"";"";""
"26";"2026-04-09 16:47:22";"Day 2: Power Legs (Awakening the Squat)";"4378";"Seated Calf Raise (Plate Loaded)";"Rest Timer";"";"";"";"";"120.0";"";""
"27";"2026-04-10 20:40:12";"Retouche";"4188";"Seated Overhead Press (Dumbbell)";"W";"16.0";"7";"";"";"";"";""
"27";"2026-04-10 20:40:12";"Retouche";"4188";"Seated Overhead Press (Dumbbell)";"1";"24.0";"10";"";"";"";"";""
"27";"2026-04-10 20:40:12";"Retouche";"4188";"Seated Overhead Press (Dumbbell)";"Rest Timer";"";"";"";"";"120.0";"";""
"27";"2026-04-10 20:40:12";"Retouche";"4188";"Seated Overhead Press (Dumbbell)";"2";"34.0";"11";"";"";"";"";""
"27";"2026-04-10 20:40:12";"Retouche";"4188";"Seated Overhead Press (Dumbbell)";"Rest Timer";"";"";"";"";"120.0";"";""
"27";"2026-04-10 20:40:12";"Retouche";"4188";"Seated Overhead Press (Dumbbell)";"3";"42.0";"8";"";"";"";"";""
"27";"2026-04-10 20:40:12";"Retouche";"4188";"Seated Overhead Press (Dumbbell)";"Rest Timer";"";"";"";"";"120.0";"";""
"27";"2026-04-10 20:40:12";"Retouche";"4188";"Incline Chest Press (Machine)";"1";"40.82328";"10";"";"";"";"";""
"27";"2026-04-10 20:40:12";"Retouche";"4188";"Incline Chest Press (Machine)";"Rest Timer";"";"";"";"";"120.0";"";""
"27";"2026-04-10 20:40:12";"Retouche";"4188";"Incline Chest Press (Machine)";"2";"63.50288";"7";"";"";"";"";""
"27";"2026-04-10 20:40:12";"Retouche";"4188";"Incline Chest Press (Machine)";"Rest Timer";"";"";"";"";"120.0";"";""
"27";"2026-04-10 20:40:12";"Retouche";"4188";"Incline Chest Press (Machine)";"3";"68.0388";"6";"";"";"";"";""
"27";"2026-04-10 20:40:12";"Retouche";"4188";"Incline Chest Press (Machine)";"Rest Timer";"";"";"";"";"120.0";"";""
"27";"2026-04-10 20:40:12";"Retouche";"4188";"Lateral Raise (Dumbbell)";"1";"20.0";"10";"";"";"";"";""
"27";"2026-04-10 20:40:12";"Retouche";"4188";"Lateral Raise (Dumbbell)";"Rest Timer";"";"";"";"";"120.0";"";""
"27";"2026-04-10 20:40:12";"Retouche";"4188";"Lateral Raise (Dumbbell)";"D";"18.0";"14";"";"";"";"";""
"27";"2026-04-10 20:40:12";"Retouche";"4188";"Lateral Raise (Dumbbell)";"Rest Timer";"";"";"";"";"120.0";"";""
"27";"2026-04-10 20:40:12";"Retouche";"4188";"Lateral Raise (Dumbbell)";"D";"10.0";"23";"";"";"";"";""
"27";"2026-04-10 20:40:12";"Retouche";"4188";"Dips ( Machine)";"1";"60.0";"14";"";"";"";"";""
"27";"2026-04-10 20:40:12";"Retouche";"4188";"Dips ( Machine)";"Rest Timer";"";"";"";"";"120.0";"";""
"27";"2026-04-10 20:40:12";"Retouche";"4188";"Dips ( Machine)";"2";"80.0";"7";"";"";"";"";""
"27";"2026-04-10 20:40:12";"Retouche";"4188";"Dips ( Machine)";"Rest Timer";"";"";"";"";"120.0";"";""
"27";"2026-04-10 20:40:12";"Retouche";"4188";"Triceps Extension";"1";"45.3592";"11";"";"";"";"";""
"27";"2026-04-10 20:40:12";"Retouche";"4188";"Triceps Extension";"Rest Timer";"";"";"";"";"120.0";"";""
"27";"2026-04-10 20:40:12";"Retouche";"4188";"Triceps Extension";"2";"63.50288";"10";"";"";"";"";""
"27";"2026-04-10 20:40:12";"Retouche";"4188";"Triceps Extension";"Rest Timer";"";"";"";"";"120.0";"";""
"27";"2026-04-10 20:40:12";"Retouche";"4188";"Bicep Curl (Cable)";"1";"27.215519999999998";"10";"";"";"";"";""
"27";"2026-04-10 20:40:12";"Retouche";"4188";"Bicep Curl (Cable)";"Rest Timer";"";"";"";"";"120.0";"";""
"27";"2026-04-10 20:40:12";"Retouche";"4188";"Bicep Curl (Cable)";"2";"49.89512";"8";"";"";"";"";""
"27";"2026-04-10 20:40:12";"Retouche";"4188";"Bicep Curl (Cable)";"Rest Timer";"";"";"";"";"120.0";"";""
"27";"2026-04-10 20:40:12";"Retouche";"4188";"Bicep Curl (Cable)";"3";"58.96696";"5";"";"";"";"";""
"27";"2026-04-10 20:40:12";"Retouche";"4188";"Bicep Curl (Cable)";"Rest Timer";"";"";"";"";"120.0";"";""
"28";"2026-04-13 20:29:52";"Day 1: Power Push (Heavy Chest & Shoulders)";"4414";"Bench Press (Barbell)";"W";"45.0";"8";"";"";"";"";""
"28";"2026-04-13 20:29:52";"Day 1: Power Push (Heavy Chest & Shoulders)";"4414";"Bench Press (Barbell)";"1";"85.0";"4";"";"";"";"";""
"28";"2026-04-13 20:29:52";"Day 1: Power Push (Heavy Chest & Shoulders)";"4414";"Bench Press (Barbell)";"Rest Timer";"";"";"";"";"120.0";"";""
"28";"2026-04-13 20:29:52";"Day 1: Power Push (Heavy Chest & Shoulders)";"4414";"Bench Press (Barbell)";"2";"115.0";"3";"";"";"";"";""
"28";"2026-04-13 20:29:52";"Day 1: Power Push (Heavy Chest & Shoulders)";"4414";"Bench Press (Barbell)";"Rest Timer";"";"";"";"";"120.0";"";""
"28";"2026-04-13 20:29:52";"Day 1: Power Push (Heavy Chest & Shoulders)";"4414";"Bench Press (Barbell)";"3";"105.0";"7";"";"";"";"";""
"28";"2026-04-13 20:29:52";"Day 1: Power Push (Heavy Chest & Shoulders)";"4414";"Bench Press (Barbell)";"Rest Timer";"";"";"";"";"120.0";"";""
"28";"2026-04-13 20:29:52";"Day 1: Power Push (Heavy Chest & Shoulders)";"4414";"Shoulder Press (Machine)";"1";"18.14368";"10";"";"";"";"";""
"28";"2026-04-13 20:29:52";"Day 1: Power Push (Heavy Chest & Shoulders)";"4414";"Shoulder Press (Machine)";"Rest Timer";"";"";"";"";"120.0";"";""
"28";"2026-04-13 20:29:52";"Day 1: Power Push (Heavy Chest & Shoulders)";"4414";"Shoulder Press (Machine)";"2";"40.82328";"15";"";"";"";"";""
"28";"2026-04-13 20:29:52";"Day 1: Power Push (Heavy Chest & Shoulders)";"4414";"Shoulder Press (Machine)";"Rest Timer";"";"";"";"";"120.0";"";""
"28";"2026-04-13 20:29:52";"Day 1: Power Push (Heavy Chest & Shoulders)";"4414";"Shoulder Press (Machine)";"3";"63.50288";"6";"";"";"";"";""
"28";"2026-04-13 20:29:52";"Day 1: Power Push (Heavy Chest & Shoulders)";"4414";"Shoulder Press (Machine)";"Rest Timer";"";"";"";"";"120.0";"";""
"28";"2026-04-13 20:29:52";"Day 1: Power Push (Heavy Chest & Shoulders)";"4414";"Chest Flies Salle 3isam";"1";"68.0388";"6";"";"";"";"";""
"28";"2026-04-13 20:29:52";"Day 1: Power Push (Heavy Chest & Shoulders)";"4414";"Chest Flies Salle 3isam";"Rest Timer";"";"";"";"";"120.0";"";""
"28";"2026-04-13 20:29:52";"Day 1: Power Push (Heavy Chest & Shoulders)";"4414";"Chest Flies Salle 3isam";"2";"72.57472";"8";"";"";"";"";""
"28";"2026-04-13 20:29:52";"Day 1: Power Push (Heavy Chest & Shoulders)";"4414";"Chest Flies Salle 3isam";"Rest Timer";"";"";"";"";"120.0";"";""
"28";"2026-04-13 20:29:52";"Day 1: Power Push (Heavy Chest & Shoulders)";"4414";"Chest Flies Salle 3isam";"3";"77.11064";"5";"";"";"";"";""
"28";"2026-04-13 20:29:52";"Day 1: Power Push (Heavy Chest & Shoulders)";"4414";"Chest Flies Salle 3isam";"Rest Timer";"";"";"";"";"120.0";"";""
"28";"2026-04-13 20:29:52";"Day 1: Power Push (Heavy Chest & Shoulders)";"4414";"Lateral Raise (Dumbbell)";"1";"20.0";"10";"";"";"";"";""
"28";"2026-04-13 20:29:52";"Day 1: Power Push (Heavy Chest & Shoulders)";"4414";"Lateral Raise (Dumbbell)";"Rest Timer";"";"";"";"";"120.0";"";""
"28";"2026-04-13 20:29:52";"Day 1: Power Push (Heavy Chest & Shoulders)";"4414";"Lateral Raise (Dumbbell)";"2";"22.0";"6";"";"";"";"";""
"28";"2026-04-13 20:29:52";"Day 1: Power Push (Heavy Chest & Shoulders)";"4414";"Lateral Raise (Dumbbell)";"Rest Timer";"";"";"";"";"120.0";"";""
"28";"2026-04-13 20:29:52";"Day 1: Power Push (Heavy Chest & Shoulders)";"4414";"Lateral Raise (Dumbbell)";"3";"16.0";"17";"";"";"";"";""
"28";"2026-04-13 20:29:52";"Day 1: Power Push (Heavy Chest & Shoulders)";"4414";"Lateral Raise (Dumbbell)";"Rest Timer";"";"";"";"";"120.0";"";""
"28";"2026-04-13 20:29:52";"Day 1: Power Push (Heavy Chest & Shoulders)";"4414";"Triceps Extension (Cable)";"W";"36.28736";"8";"";"";"";"";""
"28";"2026-04-13 20:29:52";"Day 1: Power Push (Heavy Chest & Shoulders)";"4414";"Triceps Extension (Cable)";"1";"45.3592";"6";"";"";"";"";""
"28";"2026-04-13 20:29:52";"Day 1: Power Push (Heavy Chest & Shoulders)";"4414";"Triceps Extension (Cable)";"Rest Timer";"";"";"";"";"120.0";"";""
"28";"2026-04-13 20:29:52";"Day 1: Power Push (Heavy Chest & Shoulders)";"4414";"Triceps Extension (Cable)";"2";"49.89512";"5";"";"";"";"";""
"28";"2026-04-13 20:29:52";"Day 1: Power Push (Heavy Chest & Shoulders)";"4414";"Triceps Extension (Cable)";"Rest Timer";"";"";"";"";"120.0";"";""
"29";"2026-04-15 20:15:00";"Pull day";"4059";"Lat Pulldown (Machine)";"W";"31.75144";"12";"";"";"";"";""
"29";"2026-04-15 20:15:00";"Pull day";"4059";"Lat Pulldown (Machine)";"Rest Timer";"";"";"";"";"120.0";"";""
"29";"2026-04-15 20:15:00";"Pull day";"4059";"Lat Pulldown (Machine)";"W";"45.3592";"10";"";"";"";"";""
"29";"2026-04-15 20:15:00";"Pull day";"4059";"Lat Pulldown (Machine)";"Rest Timer";"";"";"";"";"120.0";"";""
"29";"2026-04-15 20:15:00";"Pull day";"4059";"Lat Pulldown (Machine)";"1";"77.11064";"10";"";"";"";"";""
"29";"2026-04-15 20:15:00";"Pull day";"4059";"Lat Pulldown (Machine)";"Rest Timer";"";"";"";"";"120.0";"";""
"29";"2026-04-15 20:15:00";"Pull day";"4059";"Lat Pulldown (Machine)";"2";"95.25431999999999";"6";"";"";"";"";""
"29";"2026-04-15 20:15:00";"Pull day";"4059";"Lat Pulldown (Machine)";"Rest Timer";"";"";"";"";"120.0";"";""
"29";"2026-04-15 20:15:00";"Pull day";"4059";"Lat Pulldown (Machine)";"3";"77.11064";"11";"";"";"";"";""
"29";"2026-04-15 20:15:00";"Pull day";"4059";"Lat Pulldown (Machine)";"Rest Timer";"";"";"";"";"120.0";"";""
"29";"2026-04-15 20:15:00";"Pull day";"4059";"Iso-Lateral Row (Machine)";"1";"32.5";"10";"";"";"";"";""
"29";"2026-04-15 20:15:00";"Pull day";"4059";"Iso-Lateral Row (Machine)";"Rest Timer";"";"";"";"";"120.0";"";""
"29";"2026-04-15 20:15:00";"Pull day";"4059";"Iso-Lateral Row (Machine)";"2";"72.5";"10";"";"";"";"";""
"29";"2026-04-15 20:15:00";"Pull day";"4059";"Iso-Lateral Row (Machine)";"Rest Timer";"";"";"";"";"120.0";"";""
"29";"2026-04-15 20:15:00";"Pull day";"4059";"Iso-Lateral Row (Machine)";"3";"64.5";"11";"";"";"";"";""
"29";"2026-04-15 20:15:00";"Pull day";"4059";"Iso-Lateral Row (Machine)";"Rest Timer";"";"";"";"";"120.0";"";""
"29";"2026-04-15 20:15:00";"Pull day";"4059";"Lower Lat Row ( Plate Loaded )";"1";"25.0";"10";"";"";"";"";""
"29";"2026-04-15 20:15:00";"Pull day";"4059";"Lower Lat Row ( Plate Loaded )";"Rest Timer";"";"";"";"";"120.0";"";""
"29";"2026-04-15 20:15:00";"Pull day";"4059";"Lower Lat Row ( Plate Loaded )";"2";"36.0";"10";"";"";"";"";""
"29";"2026-04-15 20:15:00";"Pull day";"4059";"Lower Lat Row ( Plate Loaded )";"Rest Timer";"";"";"";"";"120.0";"";""
"29";"2026-04-15 20:15:00";"Pull day";"4059";"Lower Lat Row ( Plate Loaded )";"3";"41.0";"7";"";"";"";"";""
"29";"2026-04-15 20:15:00";"Pull day";"4059";"Lower Lat Row ( Plate Loaded )";"Rest Timer";"";"";"";"";"120.0";"";""
"29";"2026-04-15 20:15:00";"Pull day";"4059";"Reverse Fly (Cable)";"1";"27.215519999999998";"13";"";"";"";"";""
"29";"2026-04-15 20:15:00";"Pull day";"4059";"Reverse Fly (Cable)";"Rest Timer";"";"";"";"";"120.0";"";""
"29";"2026-04-15 20:15:00";"Pull day";"4059";"Reverse Fly (Cable)";"2";"40.82328";"7";"";"";"";"";""
"29";"2026-04-15 20:15:00";"Pull day";"4059";"Reverse Fly (Cable)";"Rest Timer";"";"";"";"";"120.0";"";""
"29";"2026-04-15 20:15:00";"Pull day";"4059";"Reverse Fly (Cable)";"3";"36.28736";"7";"";"";"";"";""
"29";"2026-04-15 20:15:00";"Pull day";"4059";"Reverse Fly (Cable)";"Rest Timer";"";"";"";"";"120.0";"";""
"29";"2026-04-15 20:15:00";"Pull day";"4059";"Bicep Curl (Cable)";"1";"27.215519999999998";"12";"";"";"";"";""
"29";"2026-04-15 20:15:00";"Pull day";"4059";"Bicep Curl (Cable)";"Rest Timer";"";"";"";"";"120.0";"";""
"29";"2026-04-15 20:15:00";"Pull day";"4059";"Bicep Curl (Cable)";"2";"45.3592";"11";"";"";"";"";""
"29";"2026-04-15 20:15:00";"Pull day";"4059";"Bicep Curl (Cable)";"Rest Timer";"";"";"";"";"120.0";"";""
"29";"2026-04-15 20:15:00";"Pull day";"4059";"Bicep Curl (Cable)";"3";"49.89512";"8";"";"";"";"";""
"29";"2026-04-15 20:15:00";"Pull day";"4059";"Bicep Curl (Cable)";"Rest Timer";"";"";"";"";"120.0";"";""
"29";"2026-04-15 20:15:00";"Pull day";"4059";"Bicep Curl (Cable)";"4";"45.3592";"12";"";"";"";"";""
"29";"2026-04-15 20:15:00";"Pull day";"4059";"Bicep Curl (Cable)";"Rest Timer";"";"";"";"";"120.0";"";""
