"Workout #";"Date";"Workout Name";"Duration (sec)";"Exercise Name";"Set Order";"Weight (kg)";"Reps";"RPE";"Distance (meters)";"Seconds";"Notes";"Workout Notes";"Sleep (hrs)";"Stress (1-10)";"Session Index"
"23";"2026-04-05 00:00:00";"Push";"5138";"Bench Press (Barbell)";"W";"60.0";"15";"";"";"";"";"";"7.8";"5.0";"0"
"23";"2026-04-05 00:00:00";"Push";"5138";"Bench Press (Barbell)";"1";"95.0";"10";"6.6";"";"";"";"";"7.8";"5.0";"0"
"23";"2026-04-05 00:00:00";"Push";"5138";"Bench Press (Barbell)";"Rest Timer";"";"";"";"";"113";"";"";"7.8";"5.0";"0"
"23";"2026-04-05 00:00:00";"Push";"5138";"Bench Press (Barbell)";"2";"95.0";"11";"7.2";"";"";"";"";"7.8";"5.0";"0"
"23";"2026-04-05 00:00:00";"Push";"5138";"Bench Press (Barbell)";"Rest Timer";"";"";"";"";"136";"";"";"7.8";"5.0";"0"
"23";"2026-04-05 00:00:00";"Push";"5138";"Bench Press (Barbell)";"3";"95.0";"11";"7.8";"";"";"";"";"7.8";"5.0";"0"
"23";"2026-04-05 00:00:00";"Push";"5138";"Bench Press (Barbell)";"Rest Timer";"";"";"";"";"128";"";"";"7.8";"5.0";"0"
"23";"2026-04-05 00:00:00";"Push";"5138";"Bench Press (Barbell)";"4";"95.0";"8";"8.3";"";"";"";"";"7.8";"5.0";"0"
"23";"2026-04-05 00:00:00";"Push";"5138";"Seated Overhead Press (Dumbbell)";"W";"17.5";"12";"";"";"";"";"";"7.8";"5.0";"0"
"23";"2026-04-05 00:00:00";"Push";"5138";"Seated Overhead Press (Dumbbell)";"1";"30.0";"7";"6.7";"";"";"";"";"7.8";"5.0";"0"
"23";"2026-04-05 00:00:00";"Push";"5138";"Seated Overhead Press (Dumbbell)";"Rest Timer";"";"";"";"";"135";"";"";"7.8";"5.0";"0"
"23";"2026-04-05 00:00:00";"Push";"5138";"Seated Overhead Press (Dumbbell)";"2";"32.5";"7";"7.2";"";"";"";"";"7.8";"5.0";"0"
"23";"2026-04-05 00:00:00";"Push";"5138";"Seated Overhead Press (Dumbbell)";"Rest Timer";"";"";"";"";"162";"";"";"7.8";"5.0";"0"
"23";"2026-04-05 00:00:00";"Push";"5138";"Seated Overhead Press (Dumbbell)";"3";"32.5";"6";"7.9";"";"";"";"";"7.8";"5.0";"0"
"23";"2026-04-05 00:00:00";"Push";"5138";"Seated Overhead Press (Dumbbell)";"Rest Timer";"";"";"";"";"125";"";"";"7.8";"5.0";"0"
"23";"2026-04-05 00:00:00";"Push";"5138";"Seated Overhead Press (Dumbbell)";"4";"35.0";"3";"8.1";"";"";"";"";"7.8";"5.0";"0"
"23";"2026-04-05 00:00:00";"Push";"5138";"Seated Overhead Press (Dumbbell)";"Rest Timer";"";"";"";"";"94";"";"";"7.8";"5.0";"0"
"23";"2026-04-05 00:00:00";"Push";"5138";"Seated Overhead Press (Dumbbell)";"5";"37.5";"3";"9.0";"";"";"";"";"7.8";"5.0";"0"
"23";"2026-04-05 00:00:00";"Push";"5138";"Incline Chest Press (Machine)";"W";"30.0";"11";"";"";"";"";"";"7.8";"5.0";"0"
"23";"2026-04-05 00:00:00";"Push";"5138";"Incline Chest Press (Machine)";"1";"55.0";"10";"6.7";"";"";"";"";"7.8";"5.0";"0"
"23";"2026-04-05 00:00:00";"Push";"5138";"Incline Chest Press (Machine)";"Rest Timer";"";"";"";"";"137";"";"";"7.8";"5.0";"0"
"23";"2026-04-05 00:00:00";"Push";"5138";"Incline Chest Press (Machine)";"2";"55.0";"5";"7.1";"";"";"";"";"7.8";"5.0";"0"
"23";"2026-04-05 00:00:00";"Push";"5138";"Incline Chest Press (Machine)";"Rest Timer";"";"";"";"";"126";"";"";"7.8";"5.0";"0"
"23";"2026-04-05 00:00:00";"Push";"5138";"Incline Chest Press (Machine)";"3";"55.0";"7";"7.9";"";"";"";"";"7.8";"5.0";"0"
"23";"2026-04-05 00:00:00";"Push";"5138";"Incline Chest Press (Machine)";"Rest Timer";"";"";"";"";"174";"";"";"7.8";"5.0";"0"
"23";"2026-04-05 00:00:00";"Push";"5138";"Incline Chest Press (Machine)";"4";"55.0";"5";"8.2";"";"";"";"";"7.8";"5.0";"0"
"23";"2026-04-05 00:00:00";"Push";"5138";"Lateral Raise (Cable)";"W";"7.5";"14";"";"";"";"";"";"7.8";"5.0";"0"
"23";"2026-04-05 00:00:00";"Push";"5138";"Lateral Raise (Cable)";"1";"12.5";"12";"7.3";"";"";"";"";"7.8";"5.0";"0"
"23";"2026-04-05 00:00:00";"Push";"5138";"Lateral Raise (Cable)";"Rest Timer";"";"";"";"";"149";"";"";"7.8";"5.0";"0"
"23";"2026-04-05 00:00:00";"Push";"5138";"Lateral Raise (Cable)";"2";"12.5";"8";"7.8";"";"";"";"";"7.8";"5.0";"0"
"23";"2026-04-05 00:00:00";"Push";"5138";"Lateral Raise (Cable)";"Rest Timer";"";"";"";"";"136";"";"";"7.8";"5.0";"0"
"23";"2026-04-05 00:00:00";"Push";"5138";"Lateral Raise (Cable)";"3";"15.0";"10";"8.4";"";"";"";"";"7.8";"5.0";"0"
"23";"2026-04-05 00:00:00";"Push";"5138";"Lateral Raise (Cable)";"Rest Timer";"";"";"";"";"104";"";"";"7.8";"5.0";"0"
"23";"2026-04-05 00:00:00";"Push";"5138";"Lateral Raise (Cable)";"4";"15.0";"9";"8.5";"";"";"";"";"7.8";"5.0";"0"
"23";"2026-04-05 00:00:00";"Push";"5138";"Skullcrusher (Dumbbell)";"W";"5.0";"13";"";"";"";"";"";"7.8";"5.0";"0"
"23";"2026-04-05 00:00:00";"Push";"5138";"Skullcrusher (Dumbbell)";"1";"10.0";"13";"7.3";"";"";"";"";"7.8";"5.0";"0"
"23";"2026-04-05 00:00:00";"Push";"5138";"Skullcrusher (Dumbbell)";"Rest Timer";"";"";"";"";"153";"";"";"7.8";"5.0";"0"
"23";"2026-04-05 00:00:00";"Push";"5138";"Skullcrusher (Dumbbell)";"2";"10.0";"10";"7.8";"";"";"";"";"7.8";"5.0";"0"
"23";"2026-04-05 00:00:00";"Push";"5138";"Skullcrusher (Dumbbell)";"Rest Timer";"";"";"";"";"90";"";"";"7.8";"5.0";"0"
"23";"2026-04-05 00:00:00";"Push";"5138";"Skullcrusher (Dumbbell)";"3";"10.0";"9";"8.4";"";"";"";"";"7.8";"5.0";"0"
"23";"2026-04-05 00:00:00";"Push";"5138";"Triceps Extension";"W";"20.0";"15";"";"";"";"";"";"7.8";"5.0";"0"
"23";"2026-04-05 00:00:00";"Push";"5138";"Triceps Extension";"1";"30.0";"8";"7.0";"";"";"";"";"7.8";"5.0";"0"
"23";"2026-04-05 00:00:00";"Push";"5138";"Triceps Extension";"Rest Timer";"";"";"";"";"119";"";"";"7.8";"5.0";"0"
"23";"2026-04-05 00:00:00";"Push";"5138";"Triceps Extension";"2";"30.0";"9";"7.5";"";"";"";"";"7.8";"5.0";"0"
"23";"2026-04-05 00:00:00";"Push";"5138";"Triceps Extension";"Rest Timer";"";"";"";"";"112";"";"";"7.8";"5.0";"0"
"23";"2026-04-05 00:00:00";"Push";"5138";"Triceps Extension";"3";"30.0";"6";"7.8";"";"";"";"";"7.8";"5.0";"0"
"23";"2026-04-05 00:00:00";"Push";"5138";"Incline Chest Fly (Dumbbell)";"W";"12.5";"11";"";"";"";"";"";"7.8";"5.0";"0"
"23";"2026-04-05 00:00:00";"Push";"5138";"Incline Chest Fly (Dumbbell)";"1";"20.0";"9";"7.5";"";"";"";"";"7.8";"5.0";"0"
"23";"2026-04-05 00:00:00";"Push";"5138";"Incline Chest Fly (Dumbbell)";"Rest Timer";"";"";"";"";"154";"";"";"7.8";"5.0";"0"
"23";"2026-04-05 00:00:00";"Push";"5138";"Incline Chest Fly (Dumbbell)";"2";"20.0";"11";"7.9";"";"";"";"";"7.8";"5.0";"0"
"23";"2026-04-05 00:00:00";"Push";"5138";"Incline Chest Fly (Dumbbell)";"Rest Timer";"";"";"";"";"126";"";"";"7.8";"5.0";"0"
"23";"2026-04-05 00:00:00";"Push";"5138";"Incline Chest Fly (Dumbbell)";"3";"20.0";"10";"8.2";"";"";"";"";"7.8";"5.0";"0"
"23";"2026-04-05 00:00:00";"Push";"5138";"Skullcrusher (Barbell)";"W";"10.0";"13";"";"";"";"";"";"7.8";"5.0";"0"
"23";"2026-04-05 00:00:00";"Push";"5138";"Skullcrusher (Barbell)";"1";"17.5";"7";"7.5";"";"";"";"";"7.8";"5.0";"0"
"23";"2026-04-05 00:00:00";"Push";"5138";"Skullcrusher (Barbell)";"Rest Timer";"";"";"";"";"168";"";"";"7.8";"5.0";"0"
"23";"2026-04-05 00:00:00";"Push";"5138";"Skullcrusher (Barbell)";"2";"17.5";"7";"7.9";"";"";"";"";"7.8";"5.0";"0"
"23";"2026-04-05 00:00:00";"Push";"5138";"Skullcrusher (Barbell)";"Rest Timer";"";"";"";"";"111";"";"";"7.8";"5.0";"0"
"23";"2026-04-05 00:00:00";"Push";"5138";"Skullcrusher (Barbell)";"3";"17.5";"8";"8.6";"";"";"";"";"7.8";"5.0";"0"
"24";"2026-04-07 00:00:00";"Pull";"3241";"Lat Pulldown (Cable)";"W";"32.5";"11";"";"";"";"";"";"6.9";"4.8";"1"
"24";"2026-04-07 00:00:00";"Pull";"3241";"Lat Pulldown (Cable)";"1";"55.0";"10";"7.5";"";"";"";"";"6.9";"4.8";"1"
"24";"2026-04-07 00:00:00";"Pull";"3241";"Lat Pulldown (Cable)";"Rest Timer";"";"";"";"";"148";"";"";"6.9";"4.8";"1"
"24";"2026-04-07 00:00:00";"Pull";"3241";"Lat Pulldown (Cable)";"2";"57.5";"10";"8.0";"";"";"";"";"6.9";"4.8";"1"
"24";"2026-04-07 00:00:00";"Pull";"3241";"Lat Pulldown (Cable)";"Rest Timer";"";"";"";"";"169";"";"";"6.9";"4.8";"1"
"24";"2026-04-07 00:00:00";"Pull";"3241";"Lat Pulldown (Cable)";"3";"60.0";"7";"8.6";"";"";"";"";"6.9";"4.8";"1"
"24";"2026-04-07 00:00:00";"Pull";"3241";"Seated Row (Machine)";"W";"37.5";"14";"";"";"";"";"";"6.9";"4.8";"1"
"24";"2026-04-07 00:00:00";"Pull";"3241";"Seated Row (Machine)";"1";"60.0";"5";"6.8";"";"";"";"";"6.9";"4.8";"1"
"24";"2026-04-07 00:00:00";"Pull";"3241";"Seated Row (Machine)";"Rest Timer";"";"";"";"";"138";"";"";"6.9";"4.8";"1"
"24";"2026-04-07 00:00:00";"Pull";"3241";"Seated Row (Machine)";"2";"60.0";"4";"7.3";"";"";"";"";"6.9";"4.8";"1"
"24";"2026-04-07 00:00:00";"Pull";"3241";"Seated Row (Machine)";"Rest Timer";"";"";"";"";"145";"";"";"6.9";"4.8";"1"
"24";"2026-04-07 00:00:00";"Pull";"3241";"Seated Row (Machine)";"3";"60.0";"2";"7.5";"";"";"";"";"6.9";"4.8";"1"
"24";"2026-04-07 00:00:00";"Pull";"3241";"Seated Row (Machine)";"Rest Timer";"";"";"";"";"180";"";"";"6.9";"4.8";"1"
"24";"2026-04-07 00:00:00";"Pull";"3241";"Seated Row (Machine)";"4";"60.0";"2";"8.4";"";"";"";"";"6.9";"4.8";"1"
"24";"2026-04-07 00:00:00";"Pull";"3241";"Seated Row (Machine)";"Rest Timer";"";"";"";"";"154";"";"";"6.9";"4.8";"1"
"24";"2026-04-07 00:00:00";"Pull";"3241";"Seated Row (Machine)";"5";"60.0";"1";"8.3";"";"";"";"";"6.9";"4.8";"1"
"24";"2026-04-07 00:00:00";"Pull";"3241";"Face Pull (Cable)";"W";"22.5";"12";"";"";"";"";"";"6.9";"4.8";"1"
"24";"2026-04-07 00:00:00";"Pull";"3241";"Face Pull (Cable)";"1";"40.0";"8";"7.5";"";"";"";"";"6.9";"4.8";"1"
"24";"2026-04-07 00:00:00";"Pull";"3241";"Face Pull (Cable)";"Rest Timer";"";"";"";"";"102";"";"";"6.9";"4.8";"1"
"24";"2026-04-07 00:00:00";"Pull";"3241";"Face Pull (Cable)";"2";"40.0";"6";"7.9";"";"";"";"";"6.9";"4.8";"1"
"24";"2026-04-07 00:00:00";"Pull";"3241";"Face Pull (Cable)";"Rest Timer";"";"";"";"";"171";"";"";"6.9";"4.8";"1"
"24";"2026-04-07 00:00:00";"Pull";"3241";"Face Pull (Cable)";"3";"40.0";"7";"8.4";"";"";"";"";"6.9";"4.8";"1"
"24";"2026-04-07 00:00:00";"Pull";"3241";"Face Pull (Cable)";"Rest Timer";"";"";"";"";"142";"";"";"6.9";"4.8";"1"
"24";"2026-04-07 00:00:00";"Pull";"3241";"Face Pull (Cable)";"4";"40.0";"3";"8.6";"";"";"";"";"6.9";"4.8";"1"
"24";"2026-04-07 00:00:00";"Pull";"3241";"Bicep Curl (Machine)";"W";"20.0";"11";"";"";"";"";"";"6.9";"4.8";"1"
"24";"2026-04-07 00:00:00";"Pull";"3241";"Bicep Curl (Machine)";"1";"32.5";"8";"6.6";"";"";"";"";"6.9";"4.8";"1"
"24";"2026-04-07 00:00:00";"Pull";"3241";"Bicep Curl (Machine)";"Rest Timer";"";"";"";"";"153";"";"";"6.9";"4.8";"1"
"24";"2026-04-07 00:00:00";"Pull";"3241";"Bicep Curl (Machine)";"2";"32.5";"3";"6.9";"";"";"";"";"6.9";"4.8";"1"
"24";"2026-04-07 00:00:00";"Pull";"3241";"Bicep Curl (Machine)";"Rest Timer";"";"";"";"";"98";"";"";"6.9";"4.8";"1"
"24";"2026-04-07 00:00:00";"Pull";"3241";"Bicep Curl (Machine)";"3";"32.5";"6";"7.4";"";"";"";"";"6.9";"4.8";"1"
"24";"2026-04-07 00:00:00";"Pull";"3241";"Bicep Curl (Dumbbell)";"W";"10.0";"13";"";"";"";"";"";"6.9";"4.8";"1"
"24";"2026-04-07 00:00:00";"Pull";"3241";"Bicep Curl (Dumbbell)";"1";"15.0";"5";"6.8";"";"";"";"";"6.9";"4.8";"1"
"24";"2026-04-07 00:00:00";"Pull";"3241";"Bicep Curl (Dumbbell)";"Rest Timer";"";"";"";"";"159";"";"";"6.9";"4.8";"1"
"24";"2026-04-07 00:00:00";"Pull";"3241";"Bicep Curl (Dumbbell)";"2";"15.0";"4";"7.2";"";"";"";"";"6.9";"4.8";"1"
"24";"2026-04-07 00:00:00";"Pull";"3241";"Bicep Curl (Dumbbell)";"Rest Timer";"";"";"";"";"96";"";"";"6.9";"4.8";"1"
"24";"2026-04-07 00:00:00";"Pull";"3241";"Bicep Curl (Dumbbell)";"3";"17.5";"2";"7.4";"";"";"";"";"6.9";"4.8";"1"
"24";"2026-04-07 00:00:00";"Pull";"3241";"Inverted Row (Bodyweight)";"W";"27.5";"12";"";"";"";"";"";"6.9";"4.8";"1"
"24";"2026-04-07 00:00:00";"Pull";"3241";"Inverted Row (Bodyweight)";"1";"50.0";"6";"7.3";"";"";"";"";"6.9";"4.8";"1"
"24";"2026-04-07 00:00:00";"Pull";"3241";"Inverted Row (Bodyweight)";"Rest Timer";"";"";"";"";"124";"";"";"6.9";"4.8";"1"
"24";"2026-04-07 00:00:00";"Pull";"3241";"Inverted Row (Bodyweight)";"2";"52.5";"6";"7.9";"";"";"";"";"6.9";"4.8";"1"
"24";"2026-04-07 00:00:00";"Pull";"3241";"Inverted Row (Bodyweight)";"Rest Timer";"";"";"";"";"173";"";"";"6.9";"4.8";"1"
"24";"2026-04-07 00:00:00";"Pull";"3241";"Inverted Row (Bodyweight)";"3";"55.0";"3";"8.2";"";"";"";"";"6.9";"4.8";"1"
"24";"2026-04-07 00:00:00";"Pull";"3241";"Inverted Row (Bodyweight)";"Rest Timer";"";"";"";"";"163";"";"";"6.9";"4.8";"1"
"24";"2026-04-07 00:00:00";"Pull";"3241";"Inverted Row (Bodyweight)";"4";"57.5";"3";"8.9";"";"";"";"";"6.9";"4.8";"1"
"24";"2026-04-07 00:00:00";"Pull";"3241";"Inverted Row (Bodyweight)";"Rest Timer";"";"";"";"";"148";"";"";"6.9";"4.8";"1"
"24";"2026-04-07 00:00:00";"Pull";"3241";"Inverted Row (Bodyweight)";"5";"62.5";"5";"9.3";"";"";"";"";"6.9";"4.8";"1"
"24";"2026-04-07 00:00:00";"Pull";"3241";"T Bar Row";"W";"17.5";"11";"";"";"";"";"";"6.9";"4.8";"1"
"24";"2026-04-07 00:00:00";"Pull";"3241";"T Bar Row";"1";"27.5";"9";"6.8";"";"";"";"";"6.9";"4.8";"1"
"24";"2026-04-07 00:00:00";"Pull";"3241";"T Bar Row";"Rest Timer";"";"";"";"";"147";"";"";"6.9";"4.8";"1"
"24";"2026-04-07 00:00:00";"Pull";"3241";"T Bar Row";"2";"27.5";"5";"7.4";"";"";"";"";"6.9";"4.8";"1"
"24";"2026-04-07 00:00:00";"Pull";"3241";"T Bar Row";"Rest Timer";"";"";"";"";"139";"";"";"6.9";"4.8";"1"
"24";"2026-04-07 00:00:00";"Pull";"3241";"T Bar Row";"3";"27.5";"2";"7.9";"";"";"";"";"6.9";"4.8";"1"
"24";"2026-04-07 00:00:00";"Pull";"3241";"T Bar Row";"Rest Timer";"";"";"";"";"99";"";"";"6.9";"4.8";"1"
"24";"2026-04-07 00:00:00";"Pull";"3241";"T Bar Row";"4";"27.5";"3";"8.5";"";"";"";"";"6.9";"4.8";"1"
"24";"2026-04-07 00:00:00";"Pull";"3241";"Reverse Fly (Cable)";"W";"27.5";"14";"";"";"";"";"";"6.9";"4.8";"1"
"24";"2026-04-07 00:00:00";"Pull";"3241";"Reverse Fly (Cable)";"1";"50.0";"6";"7.1";"";"";"";"";"6.9";"4.8";"1"
"24";"2026-04-07 00:00:00";"Pull";"3241";"Reverse Fly (Cable)";"Rest Timer";"";"";"";"";"111";"";"";"6.9";"4.8";"1"
"24";"2026-04-07 00:00:00";"Pull";"3241";"Reverse Fly (Cable)";"2";"50.0";"7";"7.6";"";"";"";"";"6.9";"4.8";"1"
"24";"2026-04-07 00:00:00";"Pull";"3241";"Reverse Fly (Cable)";"Rest Timer";"";"";"";"";"100";"";"";"6.9";"4.8";"1"
"24";"2026-04-07 00:00:00";"Pull";"3241";"Reverse Fly (Cable)";"3";"50.0";"5";"8.0";"";"";"";"";"6.9";"4.8";"1"
"24";"2026-04-07 00:00:00";"Pull";"3241";"Reverse Fly (Cable)";"Rest Timer";"";"";"";"";"116";"";"";"6.9";"4.8";"1"
"24";"2026-04-07 00:00:00";"Pull";"3241";"Reverse Fly (Cable)";"4";"50.0";"2";"8.5";"";"";"";"";"6.9";"4.8";"1"
"25";"2026-04-10 00:00:00";"Upper";"4577";"Bench Press (Barbell)";"W";"57.5";"13";"";"";"";"";"";"7.2";"3.0";"2"
"25";"2026-04-10 00:00:00";"Upper";"4577";"Bench Press (Barbell)";"1";"90.0";"6";"7.3";"";"";"";"";"7.2";"3.0";"2"
"25";"2026-04-10 00:00:00";"Upper";"4577";"Bench Press (Barbell)";"Rest Timer";"";"";"";"";"171";"";"";"7.2";"3.0";"2"
"25";"2026-04-10 00:00:00";"Upper";"4577";"Bench Press (Barbell)";"2";"90.0";"5";"7.7";"";"";"";"";"7.2";"3.0";"2"
"25";"2026-04-10 00:00:00";"Upper";"4577";"Bench Press (Barbell)";"Rest Timer";"";"";"";"";"137";"";"";"7.2";"3.0";"2"
"25";"2026-04-10 00:00:00";"Upper";"4577";"Bench Press (Barbell)";"3";"90.0";"5";"8.2";"";"";"";"";"7.2";"3.0";"2"
"25";"2026-04-10 00:00:00";"Upper";"4577";"Bench Press (Barbell)";"Rest Timer";"";"";"";"";"169";"";"";"7.2";"3.0";"2"
"25";"2026-04-10 00:00:00";"Upper";"4577";"Bench Press (Barbell)";"4";"90.0";"5";"8.5";"";"";"";"";"7.2";"3.0";"2"
"25";"2026-04-10 00:00:00";"Upper";"4577";"Lat Pulldown (Cable)";"W";"30.0";"14";"";"";"";"";"";"7.2";"3.0";"2"
"25";"2026-04-10 00:00:00";"Upper";"4577";"Lat Pulldown (Cable)";"1";"52.5";"11";"7.4";"";"";"";"";"7.2";"3.0";"2"
"25";"2026-04-10 00:00:00";"Upper";"4577";"Lat Pulldown (Cable)";"Rest Timer";"";"";"";"";"146";"";"";"7.2";"3.0";"2"
"25";"2026-04-10 00:00:00";"Upper";"4577";"Lat Pulldown (Cable)";"2";"52.5";"7";"7.8";"";"";"";"";"7.2";"3.0";"2"
"25";"2026-04-10 00:00:00";"Upper";"4577";"Lat Pulldown (Cable)";"Rest Timer";"";"";"";"";"155";"";"";"7.2";"3.0";"2"
"25";"2026-04-10 00:00:00";"Upper";"4577";"Lat Pulldown (Cable)";"3";"52.5";"6";"8.4";"";"";"";"";"7.2";"3.0";"2"
"25";"2026-04-10 00:00:00";"Upper";"4577";"Lat Pulldown (Cable)";"Rest Timer";"";"";"";"";"108";"";"";"7.2";"3.0";"2"
"25";"2026-04-10 00:00:00";"Upper";"4577";"Lat Pulldown (Cable)";"4";"52.5";"6";"9.1";"";"";"";"";"7.2";"3.0";"2"
"25";"2026-04-10 00:00:00";"Upper";"4577";"Bent Over Row (Dumbbell)";"W";"17.5";"11";"";"";"";"";"";"7.2";"3.0";"2"
"25";"2026-04-10 00:00:00";"Upper";"4577";"Bent Over Row (Dumbbell)";"1";"27.5";"7";"7.5";"";"";"";"";"7.2";"3.0";"2"
"25";"2026-04-10 00:00:00";"Upper";"4577";"Bent Over Row (Dumbbell)";"Rest Timer";"";"";"";"";"147";"";"";"7.2";"3.0";"2"
"25";"2026-04-10 00:00:00";"Upper";"4577";"Bent Over Row (Dumbbell)";"2";"27.5";"7";"8.0";"";"";"";"";"7.2";"3.0";"2"
"25";"2026-04-10 00:00:00";"Upper";"4577";"Bent Over Row (Dumbbell)";"Rest Timer";"";"";"";"";"129";"";"";"7.2";"3.0";"2"
"25";"2026-04-10 00:00:00";"Upper";"4577";"Bent Over Row (Dumbbell)";"3";"27.5";"5";"8.3";"";"";"";"";"7.2";"3.0";"2"
"25";"2026-04-10 00:00:00";"Upper";"4577";"Bent Over Row (Dumbbell)";"Rest Timer";"";"";"";"";"173";"";"";"7.2";"3.0";"2"
"25";"2026-04-10 00:00:00";"Upper";"4577";"Bent Over Row (Dumbbell)";"4";"27.5";"4";"8.6";"";"";"";"";"7.2";"3.0";"2"
"25";"2026-04-10 00:00:00";"Upper";"4577";"Bench Skullcrucher";"W";"20.0";"10";"";"";"";"";"";"7.2";"3.0";"2"
"25";"2026-04-10 00:00:00";"Upper";"4577";"Bench Skullcrucher";"1";"35.0";"7";"7.1";"";"";"";"";"7.2";"3.0";"2"
"25";"2026-04-10 00:00:00";"Upper";"4577";"Bench Skullcrucher";"Rest Timer";"";"";"";"";"103";"";"";"7.2";"3.0";"2"
"25";"2026-04-10 00:00:00";"Upper";"4577";"Bench Skullcrucher";"2";"37.5";"6";"7.6";"";"";"";"";"7.2";"3.0";"2"
"25";"2026-04-10 00:00:00";"Upper";"4577";"Bench Skullcrucher";"Rest Timer";"";"";"";"";"119";"";"";"7.2";"3.0";"2"
"25";"2026-04-10 00:00:00";"Upper";"4577";"Bench Skullcrucher";"3";"40.0";"4";"7.9";"";"";"";"";"7.2";"3.0";"2"
"25";"2026-04-10 00:00:00";"Upper";"4577";"Bench Skullcrucher";"Rest Timer";"";"";"";"";"166";"";"";"7.2";"3.0";"2"
"25";"2026-04-10 00:00:00";"Upper";"4577";"Bench Skullcrucher";"4";"40.0";"3";"8.6";"";"";"";"";"7.2";"3.0";"2"
"25";"2026-04-10 00:00:00";"Upper";"4577";"Bench Skullcrucher";"Rest Timer";"";"";"";"";"157";"";"";"7.2";"3.0";"2"
"25";"2026-04-10 00:00:00";"Upper";"4577";"Bench Skullcrucher";"5";"42.5";"1";"8.7";"";"";"";"";"7.2";"3.0";"2"
"25";"2026-04-10 00:00:00";"Upper";"4577";"Bicep Curl (Machine)";"W";"17.5";"11";"";"";"";"";"";"7.2";"3.0";"2"
"25";"2026-04-10 00:00:00";"Upper";"4577";"Bicep Curl (Machine)";"1";"27.5";"7";"6.7";"";"";"";"";"7.2";"3.0";"2"
"25";"2026-04-10 00:00:00";"Upper";"4577";"Bicep Curl (Machine)";"Rest Timer";"";"";"";"";"113";"";"";"7.2";"3.0";"2"
"25";"2026-04-10 00:00:00";"Upper";"4577";"Bicep Curl (Machine)";"2";"27.5";"7";"7.2";"";"";"";"";"7.2";"3.0";"2"
"25";"2026-04-10 00:00:00";"Upper";"4577";"Bicep Curl (Machine)";"Rest Timer";"";"";"";"";"92";"";"";"7.2";"3.0";"2"
"25";"2026-04-10 00:00:00";"Upper";"4577";"Bicep Curl (Machine)";"3";"27.5";"4";"7.8";"";"";"";"";"7.2";"3.0";"2"
"25";"2026-04-10 00:00:00";"Upper";"4577";"Lateral Raise (Dumbbell)";"W";"7.5";"11";"";"";"";"";"";"7.2";"3.0";"2"
"25";"2026-04-10 00:00:00";"Upper";"4577";"Lateral Raise (Dumbbell)";"1";"15.0";"9";"7.1";"";"";"";"";"7.2";"3.0";"2"
"25";"2026-04-10 00:00:00";"Upper";"4577";"Lateral Raise (Dumbbell)";"Rest Timer";"";"";"";"";"127";"";"";"7.2";"3.0";"2"
"25";"2026-04-10 00:00:00";"Upper";"4577";"Lateral Raise (Dumbbell)";"2";"15.0";"4";"7.7";"";"";"";"";"7.2";"3.0";"2"
"25";"2026-04-10 00:00:00";"Upper";"4577";"Lateral Raise (Dumbbell)";"Rest Timer";"";"";"";"";"128";"";"";"7.2";"3.0";"2"
"25";"2026-04-10 00:00:00";"Upper";"4577";"Lateral Raise (Dumbbell)";"3";"15.0";"6";"7.8";"";"";"";"";"7.2";"3.0";"2"
"25";"2026-04-10 00:00:00";"Upper";"4577";"Incline Chest Press (Machine)";"W";"30.0";"15";"";"";"";"";"";"7.2";"3.0";"2"
"25";"2026-04-10 00:00:00";"Upper";"4577";"Incline Chest Press (Machine)";"1";"47.5";"6";"6.7";"";"";"";"";"7.2";"3.0";"2"
"25";"2026-04-10 00:00:00";"Upper";"4577";"Incline Chest Press (Machine)";"Rest Timer";"";"";"";"";"91";"";"";"7.2";"3.0";"2"
"25";"2026-04-10 00:00:00";"Upper";"4577";"Incline Chest Press (Machine)";"2";"47.5";"6";"7.2";"";"";"";"";"7.2";"3.0";"2"
"25";"2026-04-10 00:00:00";"Upper";"4577";"Incline Chest Press (Machine)";"Rest Timer";"";"";"";"";"133";"";"";"7.2";"3.0";"2"
"25";"2026-04-10 00:00:00";"Upper";"4577";"Incline Chest Press (Machine)";"3";"47.5";"4";"7.5";"";"";"";"";"7.2";"3.0";"2"
"25";"2026-04-10 00:00:00";"Upper";"4577";"Incline Chest Press (Machine)";"Rest Timer";"";"";"";"";"179";"";"";"7.2";"3.0";"2"
"25";"2026-04-10 00:00:00";"Upper";"4577";"Incline Chest Press (Machine)";"4";"47.5";"5";"7.7";"";"";"";"";"7.2";"3.0";"2"
"26";"2026-04-12 00:00:00";"Evening Workout";"1095";"Aerobics";"W";"30.0";"14";"";"";"";"";"";"7.1";"5.7";"3"
"26";"2026-04-12 00:00:00";"Evening Workout";"1095";"Aerobics";"1";"52.5";"8";"7.0";"";"";"";"";"7.1";"5.7";"3"
"26";"2026-04-12 00:00:00";"Evening Workout";"1095";"Aerobics";"Rest Timer";"";"";"";"";"108";"";"";"7.1";"5.7";"3"
"26";"2026-04-12 00:00:00";"Evening Workout";"1095";"Aerobics";"2";"52.5";"5";"7.4";"";"";"";"";"7.1";"5.7";"3"
"26";"2026-04-12 00:00:00";"Evening Workout";"1095";"Aerobics";"Rest Timer";"";"";"";"";"147";"";"";"7.1";"5.7";"3"
"26";"2026-04-12 00:00:00";"Evening Workout";"1095";"Aerobics";"3";"52.5";"7";"7.6";"";"";"";"";"7.1";"5.7";"3"
"26";"2026-04-12 00:00:00";"Evening Workout";"1095";"Aerobics";"Rest Timer";"";"";"";"";"150";"";"";"7.1";"5.7";"3"
"26";"2026-04-12 00:00:00";"Evening Workout";"1095";"Aerobics";"4";"52.5";"3";"8.6";"";"";"";"";"7.1";"5.7";"3"
"27";"2026-04-15 00:00:00";"Day 1: Power Push (Heavy Chest & Shoulders)";"3932";"Bench Press (Barbell)";"W";"60.0";"13";"";"";"";"";"";"6.9";"4.2";"4"
"27";"2026-04-15 00:00:00";"Day 1: Power Push (Heavy Chest & Shoulders)";"3932";"Bench Press (Barbell)";"1";"100.0";"8";"7.4";"";"";"";"";"6.9";"4.2";"4"
"27";"2026-04-15 00:00:00";"Day 1: Power Push (Heavy Chest & Shoulders)";"3932";"Bench Press (Barbell)";"Rest Timer";"";"";"";"";"105";"";"";"6.9";"4.2";"4"
"27";"2026-04-15 00:00:00";"Day 1: Power Push (Heavy Chest & Shoulders)";"3932";"Bench Press (Barbell)";"2";"105.0";"6";"7.8";"";"";"";"";"6.9";"4.2";"4"
"27";"2026-04-15 00:00:00";"Day 1: Power Push (Heavy Chest & Shoulders)";"3932";"Bench Press (Barbell)";"Rest Timer";"";"";"";"";"103";"";"";"6.9";"4.2";"4"
"27";"2026-04-15 00:00:00";"Day 1: Power Push (Heavy Chest & Shoulders)";"3932";"Bench Press (Barbell)";"3";"112.5";"4";"8.3";"";"";"";"";"6.9";"4.2";"4"
"27";"2026-04-15 00:00:00";"Day 1: Power Push (Heavy Chest & Shoulders)";"3932";"Bench Press (Barbell)";"Rest Timer";"";"";"";"";"108";"";"";"6.9";"4.2";"4"
"27";"2026-04-15 00:00:00";"Day 1: Power Push (Heavy Chest & Shoulders)";"3932";"Bench Press (Barbell)";"4";"115.0";"6";"8.4";"";"";"";"";"6.9";"4.2";"4"
"27";"2026-04-15 00:00:00";"Day 1: Power Push (Heavy Chest & Shoulders)";"3932";"Shoulder Press (Plate Loaded)";"W";"20.0";"14";"";"";"";"";"";"6.9";"4.2";"4"
"27";"2026-04-15 00:00:00";"Day 1: Power Push (Heavy Chest & Shoulders)";"3932";"Shoulder Press (Plate Loaded)";"1";"30.0";"9";"7.4";"";"";"";"";"6.9";"4.2";"4"
"27";"2026-04-15 00:00:00";"Day 1: Power Push (Heavy Chest & Shoulders)";"3932";"Shoulder Press (Plate Loaded)";"Rest Timer";"";"";"";"";"91";"";"";"6.9";"4.2";"4"
"27";"2026-04-15 00:00:00";"Day 1: Power Push (Heavy Chest & Shoulders)";"3932";"Shoulder Press (Plate Loaded)";"2";"32.5";"5";"7.9";"";"";"";"";"6.9";"4.2";"4"
"27";"2026-04-15 00:00:00";"Day 1: Power Push (Heavy Chest & Shoulders)";"3932";"Shoulder Press (Plate Loaded)";"Rest Timer";"";"";"";"";"102";"";"";"6.9";"4.2";"4"
"27";"2026-04-15 00:00:00";"Day 1: Power Push (Heavy Chest & Shoulders)";"3932";"Shoulder Press (Plate Loaded)";"3";"32.5";"7";"8.4";"";"";"";"";"6.9";"4.2";"4"
"27";"2026-04-15 00:00:00";"Day 1: Power Push (Heavy Chest & Shoulders)";"3932";"Shoulder Press (Plate Loaded)";"Rest Timer";"";"";"";"";"137";"";"";"6.9";"4.2";"4"
"27";"2026-04-15 00:00:00";"Day 1: Power Push (Heavy Chest & Shoulders)";"3932";"Shoulder Press (Plate Loaded)";"4";"35.0";"5";"9.1";"";"";"";"";"6.9";"4.2";"4"
"27";"2026-04-15 00:00:00";"Day 1: Power Push (Heavy Chest & Shoulders)";"3932";"Shoulder Press (Plate Loaded)";"Rest Timer";"";"";"";"";"140";"";"";"6.9";"4.2";"4"
"27";"2026-04-15 00:00:00";"Day 1: Power Push (Heavy Chest & Shoulders)";"3932";"Shoulder Press (Plate Loaded)";"5";"35.0";"1";"8.8";"";"";"";"";"6.9";"4.2";"4"
"27";"2026-04-15 00:00:00";"Day 1: Power Push (Heavy Chest & Shoulders)";"3932";"Incline Chest Fly (Dumbbell)";"W";"12.5";"13";"";"";"";"";"";"6.9";"4.2";"4"
"27";"2026-04-15 00:00:00";"Day 1: Power Push (Heavy Chest & Shoulders)";"3932";"Incline Chest Fly (Dumbbell)";"1";"20.0";"10";"6.8";"";"";"";"";"6.9";"4.2";"4"
"27";"2026-04-15 00:00:00";"Day 1: Power Push (Heavy Chest & Shoulders)";"3932";"Incline Chest Fly (Dumbbell)";"Rest Timer";"";"";"";"";"159";"";"";"6.9";"4.2";"4"
"27";"2026-04-15 00:00:00";"Day 1: Power Push (Heavy Chest & Shoulders)";"3932";"Incline Chest Fly (Dumbbell)";"2";"20.0";"6";"7.2";"";"";"";"";"6.9";"4.2";"4"
"27";"2026-04-15 00:00:00";"Day 1: Power Push (Heavy Chest & Shoulders)";"3932";"Incline Chest Fly (Dumbbell)";"Rest Timer";"";"";"";"";"156";"";"";"6.9";"4.2";"4"
"27";"2026-04-15 00:00:00";"Day 1: Power Push (Heavy Chest & Shoulders)";"3932";"Incline Chest Fly (Dumbbell)";"3";"20.0";"7";"7.6";"";"";"";"";"6.9";"4.2";"4"
"27";"2026-04-15 00:00:00";"Day 1: Power Push (Heavy Chest & Shoulders)";"3932";"Lateral Raise (Dumbbell)";"W";"7.5";"13";"";"";"";"";"";"6.9";"4.2";"4"
"27";"2026-04-15 00:00:00";"Day 1: Power Push (Heavy Chest & Shoulders)";"3932";"Lateral Raise (Dumbbell)";"1";"15.0";"8";"7.0";"";"";"";"";"6.9";"4.2";"4"
"27";"2026-04-15 00:00:00";"Day 1: Power Push (Heavy Chest & Shoulders)";"3932";"Lateral Raise (Dumbbell)";"Rest Timer";"";"";"";"";"151";"";"";"6.9";"4.2";"4"
"27";"2026-04-15 00:00:00";"Day 1: Power Push (Heavy Chest & Shoulders)";"3932";"Lateral Raise (Dumbbell)";"2";"15.0";"7";"7.3";"";"";"";"";"6.9";"4.2";"4"
"27";"2026-04-15 00:00:00";"Day 1: Power Push (Heavy Chest & Shoulders)";"3932";"Lateral Raise (Dumbbell)";"Rest Timer";"";"";"";"";"132";"";"";"6.9";"4.2";"4"
"27";"2026-04-15 00:00:00";"Day 1: Power Push (Heavy Chest & Shoulders)";"3932";"Lateral Raise (Dumbbell)";"3";"15.0";"7";"7.9";"";"";"";"";"6.9";"4.2";"4"
"27";"2026-04-15 00:00:00";"Day 1: Power Push (Heavy Chest & Shoulders)";"3932";"Triceps Extension (Cable)";"W";"27.5";"15";"";"";"";"";"";"6.9";"4.2";"4"
"27";"2026-04-15 00:00:00";"Day 1: Power Push (Heavy Chest & Shoulders)";"3932";"Triceps Extension (Cable)";"1";"47.5";"8";"7.1";"";"";"";"";"6.9";"4.2";"4"
"27";"2026-04-15 00:00:00";"Day 1: Power Push (Heavy Chest & Shoulders)";"3932";"Triceps Extension (Cable)";"Rest Timer";"";"";"";"";"111";"";"";"6.9";"4.2";"4"
"27";"2026-04-15 00:00:00";"Day 1: Power Push (Heavy Chest & Shoulders)";"3932";"Triceps Extension (Cable)";"2";"50.0";"6";"7.5";"";"";"";"";"6.9";"4.2";"4"
"27";"2026-04-15 00:00:00";"Day 1: Power Push (Heavy Chest & Shoulders)";"3932";"Triceps Extension (Cable)";"Rest Timer";"";"";"";"";"150";"";"";"6.9";"4.2";"4"
"27";"2026-04-15 00:00:00";"Day 1: Power Push (Heavy Chest & Shoulders)";"3932";"Triceps Extension (Cable)";"3";"52.16308";"6";"7.9";"";"";"";"";"6.9";"4.2";"4"
"27";"2026-04-15 00:00:00";"Day 1: Power Push (Heavy Chest & Shoulders)";"3932";"Shoulder Press (Machine)";"W";"22.5";"10";"";"";"";"";"";"6.9";"4.2";"4"
"27";"2026-04-15 00:00:00";"Day 1: Power Push (Heavy Chest & Shoulders)";"3932";"Shoulder Press (Machine)";"1";"37.5";"8";"6.9";"";"";"";"";"6.9";"4.2";"4"
"27";"2026-04-15 00:00:00";"Day 1: Power Push (Heavy Chest & Shoulders)";"3932";"Shoulder Press (Machine)";"Rest Timer";"";"";"";"";"113";"";"";"6.9";"4.2";"4"
"27";"2026-04-15 00:00:00";"Day 1: Power Push (Heavy Chest & Shoulders)";"3932";"Shoulder Press (Machine)";"2";"37.5";"4";"7.4";"";"";"";"";"6.9";"4.2";"4"
"27";"2026-04-15 00:00:00";"Day 1: Power Push (Heavy Chest & Shoulders)";"3932";"Shoulder Press (Machine)";"Rest Timer";"";"";"";"";"135";"";"";"6.9";"4.2";"4"
"27";"2026-04-15 00:00:00";"Day 1: Power Push (Heavy Chest & Shoulders)";"3932";"Shoulder Press (Machine)";"3";"37.5";"5";"7.6";"";"";"";"";"6.9";"4.2";"4"
"27";"2026-04-15 00:00:00";"Day 1: Power Push (Heavy Chest & Shoulders)";"3932";"Shoulder Press (Machine)";"Rest Timer";"";"";"";"";"150";"";"";"6.9";"4.2";"4"
"27";"2026-04-15 00:00:00";"Day 1: Power Push (Heavy Chest & Shoulders)";"3932";"Shoulder Press (Machine)";"4";"37.5";"3";"8.3";"";"";"";"";"6.9";"4.2";"4"
"27";"2026-04-15 00:00:00";"Day 1: Power Push (Heavy Chest & Shoulders)";"3932";"Shoulder Press (Machine)";"Rest Timer";"";"";"";"";"173";"";"";"6.9";"4.2";"4"
"27";"2026-04-15 00:00:00";"Day 1: Power Push (Heavy Chest & Shoulders)";"3932";"Shoulder Press (Machine)";"5";"37.5";"1";"8.4";"";"";"";"";"6.9";"4.2";"4"
"28";"2026-04-17 00:00:00";"Day 3: Power Pull (Heavy Back & Deadlifts)";"3544";"Lat Pulldown (Cable)";"W";"32.5";"10";"";"";"";"";"";"7.4";"4.5";"5"
"28";"2026-04-17 00:00:00";"Day 3: Power Pull (Heavy Back & Deadlifts)";"3544";"Lat Pulldown (Cable)";"1";"52.5";"7";"7.4";"";"";"";"";"7.4";"4.5";"5"
"28";"2026-04-17 00:00:00";"Day 3: Power Pull (Heavy Back & Deadlifts)";"3544";"Lat Pulldown (Cable)";"Rest Timer";"";"";"";"";"160";"";"";"7.4";"4.5";"5"
"28";"2026-04-17 00:00:00";"Day 3: Power Pull (Heavy Back & Deadlifts)";"3544";"Lat Pulldown (Cable)";"2";"55.0";"7";"7.9";"";"";"";"";"7.4";"4.5";"5"
"28";"2026-04-17 00:00:00";"Day 3: Power Pull (Heavy Back & Deadlifts)";"3544";"Lat Pulldown (Cable)";"Rest Timer";"";"";"";"";"152";"";"";"7.4";"4.5";"5"
"28";"2026-04-17 00:00:00";"Day 3: Power Pull (Heavy Back & Deadlifts)";"3544";"Lat Pulldown (Cable)";"3";"60.0";"3";"8.1";"";"";"";"";"7.4";"4.5";"5"
"28";"2026-04-17 00:00:00";"Day 3: Power Pull (Heavy Back & Deadlifts)";"3544";"Lat Pulldown (Cable)";"Rest Timer";"";"";"";"";"143";"";"";"7.4";"4.5";"5"
"28";"2026-04-17 00:00:00";"Day 3: Power Pull (Heavy Back & Deadlifts)";"3544";"Lat Pulldown (Cable)";"4";"62.5";"1";"9.2";"";"";"";"";"7.4";"4.5";"5"
"28";"2026-04-17 00:00:00";"Day 3: Power Pull (Heavy Back & Deadlifts)";"3544";"Seated Row (Cable)";"W";"15.0";"11";"";"";"";"";"";"7.4";"4.5";"5"
"28";"2026-04-17 00:00:00";"Day 3: Power Pull (Heavy Back & Deadlifts)";"3544";"Seated Row (Cable)";"1";"25.0";"4";"6.9";"";"";"";"";"7.4";"4.5";"5"
"28";"2026-04-17 00:00:00";"Day 3: Power Pull (Heavy Back & Deadlifts)";"3544";"Seated Row (Cable)";"Rest Timer";"";"";"";"";"102";"";"";"7.4";"4.5";"5"
"28";"2026-04-17 00:00:00";"Day 3: Power Pull (Heavy Back & Deadlifts)";"3544";"Seated Row (Cable)";"2";"25.0";"4";"7.2";"";"";"";"";"7.4";"4.5";"5"
"28";"2026-04-17 00:00:00";"Day 3: Power Pull (Heavy Back & Deadlifts)";"3544";"Seated Row (Cable)";"Rest Timer";"";"";"";"";"110";"";"";"7.4";"4.5";"5"
"28";"2026-04-17 00:00:00";"Day 3: Power Pull (Heavy Back & Deadlifts)";"3544";"Seated Row (Cable)";"3";"25.0";"3";"8.0";"";"";"";"";"7.4";"4.5";"5"
"28";"2026-04-17 00:00:00";"Day 3: Power Pull (Heavy Back & Deadlifts)";"3544";"Seated Row (Cable)";"Rest Timer";"";"";"";"";"177";"";"";"7.4";"4.5";"5"
"28";"2026-04-17 00:00:00";"Day 3: Power Pull (Heavy Back & Deadlifts)";"3544";"Seated Row (Cable)";"4";"25.0";"1";"8.0";"";"";"";"";"7.4";"4.5";"5"
"28";"2026-04-17 00:00:00";"Day 3: Power Pull (Heavy Back & Deadlifts)";"3544";"Reverse Fly (Cable)";"W";"32.5";"14";"";"";"";"";"";"7.4";"4.5";"5"
"28";"2026-04-17 00:00:00";"Day 3: Power Pull (Heavy Back & Deadlifts)";"3544";"Reverse Fly (Cable)";"1";"52.5";"9";"6.7";"";"";"";"";"7.4";"4.5";"5"
"28";"2026-04-17 00:00:00";"Day 3: Power Pull (Heavy Back & Deadlifts)";"3544";"Reverse Fly (Cable)";"Rest Timer";"";"";"";"";"143";"";"";"7.4";"4.5";"5"
"28";"2026-04-17 00:00:00";"Day 3: Power Pull (Heavy Back & Deadlifts)";"3544";"Reverse Fly (Cable)";"2";"52.5";"8";"7.2";"";"";"";"";"7.4";"4.5";"5"
"28";"2026-04-17 00:00:00";"Day 3: Power Pull (Heavy Back & Deadlifts)";"3544";"Reverse Fly (Cable)";"Rest Timer";"";"";"";"";"168";"";"";"7.4";"4.5";"5"
"28";"2026-04-17 00:00:00";"Day 3: Power Pull (Heavy Back & Deadlifts)";"3544";"Reverse Fly (Cable)";"3";"52.5";"7";"7.5";"";"";"";"";"7.4";"4.5";"5"
"28";"2026-04-17 00:00:00";"Day 3: Power Pull (Heavy Back & Deadlifts)";"3544";"Reverse Fly (Cable)";"Rest Timer";"";"";"";"";"100";"";"";"7.4";"4.5";"5"
"28";"2026-04-17 00:00:00";"Day 3: Power Pull (Heavy Back & Deadlifts)";"3544";"Reverse Fly (Cable)";"4";"52.5";"7";"8.4";"";"";"";"";"7.4";"4.5";"5"
"28";"2026-04-17 00:00:00";"Day 3: Power Pull (Heavy Back & Deadlifts)";"3544";"Bicep Curl (Machine)";"W";"17.5";"15";"";"";"";"";"";"7.4";"4.5";"5"
"28";"2026-04-17 00:00:00";"Day 3: Power Pull (Heavy Back & Deadlifts)";"3544";"Bicep Curl (Machine)";"1";"30.0";"7";"7.0";"";"";"";"";"7.4";"4.5";"5"
"28";"2026-04-17 00:00:00";"Day 3: Power Pull (Heavy Back & Deadlifts)";"3544";"Bicep Curl (Machine)";"Rest Timer";"";"";"";"";"122";"";"";"7.4";"4.5";"5"
"28";"2026-04-17 00:00:00";"Day 3: Power Pull (Heavy Back & Deadlifts)";"3544";"Bicep Curl (Machine)";"2";"30.0";"4";"7.4";"";"";"";"";"7.4";"4.5";"5"
"28";"2026-04-17 00:00:00";"Day 3: Power Pull (Heavy Back & Deadlifts)";"3544";"Bicep Curl (Machine)";"Rest Timer";"";"";"";"";"105";"";"";"7.4";"4.5";"5"
"28";"2026-04-17 00:00:00";"Day 3: Power Pull (Heavy Back & Deadlifts)";"3544";"Bicep Curl (Machine)";"3";"30.0";"3";"8.1";"";"";"";"";"7.4";"4.5";"5"
"28";"2026-04-17 00:00:00";"Day 3: Power Pull (Heavy Back & Deadlifts)";"3544";"Back Extension";"W";"27.5";"15";"";"";"";"";"";"7.4";"4.5";"5"
"28";"2026-04-17 00:00:00";"Day 3: Power Pull (Heavy Back & Deadlifts)";"3544";"Back Extension";"1";"47.5";"6";"6.6";"";"";"";"";"7.4";"4.5";"5"
"28";"2026-04-17 00:00:00";"Day 3: Power Pull (Heavy Back & Deadlifts)";"3544";"Back Extension";"Rest Timer";"";"";"";"";"113";"";"";"7.4";"4.5";"5"
"28";"2026-04-17 00:00:00";"Day 3: Power Pull (Heavy Back & Deadlifts)";"3544";"Back Extension";"2";"50.0";"8";"6.9";"";"";"";"";"7.4";"4.5";"5"
"28";"2026-04-17 00:00:00";"Day 3: Power Pull (Heavy Back & Deadlifts)";"3544";"Back Extension";"Rest Timer";"";"";"";"";"154";"";"";"7.4";"4.5";"5"
"28";"2026-04-17 00:00:00";"Day 3: Power Pull (Heavy Back & Deadlifts)";"3544";"Back Extension";"3";"52.5";"8";"7.3";"";"";"";"";"7.4";"4.5";"5"
"28";"2026-04-17 00:00:00";"Day 3: Power Pull (Heavy Back & Deadlifts)";"3544";"Shrug (Dumbbell)";"W";"17.5";"10";"";"";"";"";"";"7.4";"4.5";"5"
"28";"2026-04-17 00:00:00";"Day 3: Power Pull (Heavy Back & Deadlifts)";"3544";"Shrug (Dumbbell)";"1";"27.5";"9";"6.7";"";"";"";"";"7.4";"4.5";"5"
"28";"2026-04-17 00:00:00";"Day 3: Power Pull (Heavy Back & Deadlifts)";"3544";"Shrug (Dumbbell)";"Rest Timer";"";"";"";"";"118";"";"";"7.4";"4.5";"5"
"28";"2026-04-17 00:00:00";"Day 3: Power Pull (Heavy Back & Deadlifts)";"3544";"Shrug (Dumbbell)";"2";"27.5";"7";"7.3";"";"";"";"";"7.4";"4.5";"5"
"28";"2026-04-17 00:00:00";"Day 3: Power Pull (Heavy Back & Deadlifts)";"3544";"Shrug (Dumbbell)";"Rest Timer";"";"";"";"";"96";"";"";"7.4";"4.5";"5"
"28";"2026-04-17 00:00:00";"Day 3: Power Pull (Heavy Back & Deadlifts)";"3544";"Shrug (Dumbbell)";"3";"27.5";"6";"7.8";"";"";"";"";"7.4";"4.5";"5"
"28";"2026-04-17 00:00:00";"Day 3: Power Pull (Heavy Back & Deadlifts)";"3544";"Shrug (Dumbbell)";"Rest Timer";"";"";"";"";"132";"";"";"7.4";"4.5";"5"
"28";"2026-04-17 00:00:00";"Day 3: Power Pull (Heavy Back & Deadlifts)";"3544";"Shrug (Dumbbell)";"4";"27.5";"8";"8.5";"";"";"";"";"7.4";"4.5";"5"
"28";"2026-04-17 00:00:00";"Day 3: Power Pull (Heavy Back & Deadlifts)";"3544";"Back Cable Pull";"W";"27.5";"13";"";"";"";"";"";"7.4";"4.5";"5"
"28";"2026-04-17 00:00:00";"Day 3: Power Pull (Heavy Back & Deadlifts)";"3544";"Back Cable Pull";"1";"47.5";"10";"7.1";"";"";"";"";"7.4";"4.5";"5"
"28";"2026-04-17 00:00:00";"Day 3: Power Pull (Heavy Back & Deadlifts)";"3544";"Back Cable Pull";"Rest Timer";"";"";"";"";"153";"";"";"7.4";"4.5";"5"
"28";"2026-04-17 00:00:00";"Day 3: Power Pull (Heavy Back & Deadlifts)";"3544";"Back Cable Pull";"2";"47.5";"9";"7.6";"";"";"";"";"7.4";"4.5";"5"
"28";"2026-04-17 00:00:00";"Day 3: Power Pull (Heavy Back & Deadlifts)";"3544";"Back Cable Pull";"Rest Timer";"";"";"";"";"151";"";"";"7.4";"4.5";"5"
"28";"2026-04-17 00:00:00";"Day 3: Power Pull (Heavy Back & Deadlifts)";"3544";"Back Cable Pull";"3";"47.5";"7";"7.9";"";"";"";"";"7.4";"4.5";"5"
"28";"2026-04-17 00:00:00";"Day 3: Power Pull (Heavy Back & Deadlifts)";"3544";"Iso-Lateral Row (Machine)";"W";"27.5";"15";"";"";"";"";"";"7.4";"4.5";"5"
"28";"2026-04-17 00:00:00";"Day 3: Power Pull (Heavy Back & Deadlifts)";"3544";"Iso-Lateral Row (Machine)";"1";"42.5";"6";"6.5";"";"";"";"";"7.4";"4.5";"5"
"28";"2026-04-17 00:00:00";"Day 3: Power Pull (Heavy Back & Deadlifts)";"3544";"Iso-Lateral Row (Machine)";"Rest Timer";"";"";"";"";"143";"";"";"7.4";"4.5";"5"
"28";"2026-04-17 00:00:00";"Day 3: Power Pull (Heavy Back & Deadlifts)";"3544";"Iso-Lateral Row (Machine)";"2";"45.0";"7";"7.1";"";"";"";"";"7.4";"4.5";"5"
"28";"2026-04-17 00:00:00";"Day 3: Power Pull (Heavy Back & Deadlifts)";"3544";"Iso-Lateral Row (Machine)";"Rest Timer";"";"";"";"";"107";"";"";"7.4";"4.5";"5"
"28";"2026-04-17 00:00:00";"Day 3: Power Pull (Heavy Back & Deadlifts)";"3544";"Iso-Lateral Row (Machine)";"3";"47.5";"4";"7.1";"";"";"";"";"7.4";"4.5";"5"
"28";"2026-04-17 00:00:00";"Day 3: Power Pull (Heavy Back & Deadlifts)";"3544";"Iso-Lateral Row (Machine)";"Rest Timer";"";"";"";"";"179";"";"";"7.4";"4.5";"5"
"28";"2026-04-17 00:00:00";"Day 3: Power Pull (Heavy Back & Deadlifts)";"3544";"Iso-Lateral Row (Machine)";"4";"47.5";"4";"7.9";"";"";"";"";"7.4";"4.5";"5"
"29";"2026-04-20 00:00:00";"Day 2: Power Legs (Awakening the Squat)";"3699";"Squat (Smith Machine)";"W";"37.5";"12";"";"";"";"";"";"7.6";"5.6";"6"
"29";"2026-04-20 00:00:00";"Day 2: Power Legs (Awakening the Squat)";"3699";"Squat (Smith Machine)";"1";"65.0";"6";"7.2";"";"";"";"";"7.6";"5.6";"6"
"29";"2026-04-20 00:00:00";"Day 2: Power Legs (Awakening the Squat)";"3699";"Squat (Smith Machine)";"Rest Timer";"";"";"";"";"152";"";"";"7.6";"5.6";"6"
"29";"2026-04-20 00:00:00";"Day 2: Power Legs (Awakening the Squat)";"3699";"Squat (Smith Machine)";"2";"70.0";"6";"7.6";"";"";"";"";"7.6";"5.6";"6"
"29";"2026-04-20 00:00:00";"Day 2: Power Legs (Awakening the Squat)";"3699";"Squat (Smith Machine)";"Rest Timer";"";"";"";"";"151";"";"";"7.6";"5.6";"6"
"29";"2026-04-20 00:00:00";"Day 2: Power Legs (Awakening the Squat)";"3699";"Squat (Smith Machine)";"3";"72.5";"6";"8.2";"";"";"";"";"7.6";"5.6";"6"
"29";"2026-04-20 00:00:00";"Day 2: Power Legs (Awakening the Squat)";"3699";"Squat (Smith Machine)";"Rest Timer";"";"";"";"";"122";"";"";"7.6";"5.6";"6"
"29";"2026-04-20 00:00:00";"Day 2: Power Legs (Awakening the Squat)";"3699";"Squat (Smith Machine)";"4";"75.0";"7";"8.2";"";"";"";"";"7.6";"5.6";"6"
"29";"2026-04-20 00:00:00";"Day 2: Power Legs (Awakening the Squat)";"3699";"Squat (Smith Machine)";"Rest Timer";"";"";"";"";"154";"";"";"7.6";"5.6";"6"
"29";"2026-04-20 00:00:00";"Day 2: Power Legs (Awakening the Squat)";"3699";"Squat (Smith Machine)";"5";"80.0";"5";"9.1";"";"";"";"";"7.6";"5.6";"6"
"29";"2026-04-20 00:00:00";"Day 2: Power Legs (Awakening the Squat)";"3699";"Leg Press";"W";"70.0";"11";"";"";"";"";"";"7.6";"5.6";"6"
"29";"2026-04-20 00:00:00";"Day 2: Power Legs (Awakening the Squat)";"3699";"Leg Press";"1";"125.0";"4";"6.7";"";"";"";"";"7.6";"5.6";"6"
"29";"2026-04-20 00:00:00";"Day 2: Power Legs (Awakening the Squat)";"3699";"Leg Press";"Rest Timer";"";"";"";"";"145";"";"";"7.6";"5.6";"6"
"29";"2026-04-20 00:00:00";"Day 2: Power Legs (Awakening the Squat)";"3699";"Leg Press";"2";"125.0";"3";"7.1";"";"";"";"";"7.6";"5.6";"6"
"29";"2026-04-20 00:00:00";"Day 2: Power Legs (Awakening the Squat)";"3699";"Leg Press";"Rest Timer";"";"";"";"";"147";"";"";"7.6";"5.6";"6"
"29";"2026-04-20 00:00:00";"Day 2: Power Legs (Awakening the Squat)";"3699";"Leg Press";"3";"125.0";"3";"7.6";"";"";"";"";"7.6";"5.6";"6"
"29";"2026-04-20 00:00:00";"Day 2: Power Legs (Awakening the Squat)";"3699";"Leg Press";"Rest Timer";"";"";"";"";"106";"";"";"7.6";"5.6";"6"
"29";"2026-04-20 00:00:00";"Day 2: Power Legs (Awakening the Squat)";"3699";"Leg Press";"4";"125.0";"4";"8.2";"";"";"";"";"7.6";"5.6";"6"
"29";"2026-04-20 00:00:00";"Day 2: Power Legs (Awakening the Squat)";"3699";"Lying Leg Curl (Machine)";"W";"17.5";"12";"";"";"";"";"";"7.6";"5.6";"6"
"29";"2026-04-20 00:00:00";"Day 2: Power Legs (Awakening the Squat)";"3699";"Lying Leg Curl (Machine)";"1";"27.5";"10";"7.3";"";"";"";"";"7.6";"5.6";"6"
"29";"2026-04-20 00:00:00";"Day 2: Power Legs (Awakening the Squat)";"3699";"Lying Leg Curl (Machine)";"Rest Timer";"";"";"";"";"140";"";"";"7.6";"5.6";"6"
"29";"2026-04-20 00:00:00";"Day 2: Power Legs (Awakening the Squat)";"3699";"Lying Leg Curl (Machine)";"2";"27.5";"8";"7.8";"";"";"";"";"7.6";"5.6";"6"
"29";"2026-04-20 00:00:00";"Day 2: Power Legs (Awakening the Squat)";"3699";"Lying Leg Curl (Machine)";"Rest Timer";"";"";"";"";"155";"";"";"7.6";"5.6";"6"
"29";"2026-04-20 00:00:00";"Day 2: Power Legs (Awakening the Squat)";"3699";"Lying Leg Curl (Machine)";"3";"30.0";"7";"8.0";"";"";"";"";"7.6";"5.6";"6"
"29";"2026-04-20 00:00:00";"Day 2: Power Legs (Awakening the Squat)";"3699";"Lying Leg Curl (Machine)";"Rest Timer";"";"";"";"";"107";"";"";"7.6";"5.6";"6"
"29";"2026-04-20 00:00:00";"Day 2: Power Legs (Awakening the Squat)";"3699";"Lying Leg Curl (Machine)";"4";"30.0";"5";"9.1";"";"";"";"";"7.6";"5.6";"6"
"29";"2026-04-20 00:00:00";"Day 2: Power Legs (Awakening the Squat)";"3699";"Standing Calf Raise (Bodyweight)";"W";"32.5";"13";"";"";"";"";"";"7.6";"5.6";"6"
"29";"2026-04-20 00:00:00";"Day 2: Power Legs (Awakening the Squat)";"3699";"Standing Calf Raise (Bodyweight)";"1";"55.0";"10";"6.8";"";"";"";"";"7.6";"5.6";"6"
"29";"2026-04-20 00:00:00";"Day 2: Power Legs (Awakening the Squat)";"3699";"Standing Calf Raise (Bodyweight)";"Rest Timer";"";"";"";"";"133";"";"";"7.6";"5.6";"6"
"29";"2026-04-20 00:00:00";"Day 2: Power Legs (Awakening the Squat)";"3699";"Standing Calf Raise (Bodyweight)";"2";"55.0";"7";"7.1";"";"";"";"";"7.6";"5.6";"6"
"29";"2026-04-20 00:00:00";"Day 2: Power Legs (Awakening the Squat)";"3699";"Standing Calf Raise (Bodyweight)";"Rest Timer";"";"";"";"";"125";"";"";"7.6";"5.6";"6"
"29";"2026-04-20 00:00:00";"Day 2: Power Legs (Awakening the Squat)";"3699";"Standing Calf Raise (Bodyweight)";"3";"55.0";"8";"7.8";"";"";"";"";"7.6";"5.6";"6"
"29";"2026-04-20 00:00:00";"Day 2: Power Legs (Awakening the Squat)";"3699";"Lateral Raise (Cable)";"W";"7.5";"15";"";"";"";"";"";"7.6";"5.6";"6"
"29";"2026-04-20 00:00:00";"Day 2: Power Legs (Awakening the Squat)";"3699";"Lateral Raise (Cable)";"1";"12.5";"10";"6.5";"";"";"";"";"7.6";"5.6";"6"
"29";"2026-04-20 00:00:00";"Day 2: Power Legs (Awakening the Squat)";"3699";"Lateral Raise (Cable)";"Rest Timer";"";"";"";"";"112";"";"";"7.6";"5.6";"6"
"29";"2026-04-20 00:00:00";"Day 2: Power Legs (Awakening the Squat)";"3699";"Lateral Raise (Cable)";"2";"12.5";"11";"6.9";"";"";"";"";"7.6";"5.6";"6"
"29";"2026-04-20 00:00:00";"Day 2: Power Legs (Awakening the Squat)";"3699";"Lateral Raise (Cable)";"Rest Timer";"";"";"";"";"110";"";"";"7.6";"5.6";"6"
"29";"2026-04-20 00:00:00";"Day 2: Power Legs (Awakening the Squat)";"3699";"Lateral Raise (Cable)";"3";"12.5";"10";"7.3";"";"";"";"";"7.6";"5.6";"6"
"29";"2026-04-20 00:00:00";"Day 2: Power Legs (Awakening the Squat)";"3699";"Squat (Barbell)";"W";"62.5";"13";"";"";"";"";"";"7.6";"5.6";"6"
"29";"2026-04-20 00:00:00";"Day 2: Power Legs (Awakening the Squat)";"3699";"Squat (Barbell)";"1";"100.0";"6";"6.9";"";"";"";"";"7.6";"5.6";"6"
"29";"2026-04-20 00:00:00";"Day 2: Power Legs (Awakening the Squat)";"3699";"Squat (Barbell)";"Rest Timer";"";"";"";"";"98";"";"";"7.6";"5.6";"6"
"29";"2026-04-20 00:00:00";"Day 2: Power Legs (Awakening the Squat)";"3699";"Squat (Barbell)";"2";"105.0";"5";"7.4";"";"";"";"";"7.6";"5.6";"6"
"29";"2026-04-20 00:00:00";"Day 2: Power Legs (Awakening the Squat)";"3699";"Squat (Barbell)";"Rest Timer";"";"";"";"";"159";"";"";"7.6";"5.6";"6"
"29";"2026-04-20 00:00:00";"Day 2: Power Legs (Awakening the Squat)";"3699";"Squat (Barbell)";"3";"110.0";"6";"7.7";"";"";"";"";"7.6";"5.6";"6"
"29";"2026-04-20 00:00:00";"Day 2: Power Legs (Awakening the Squat)";"3699";"Squat (Barbell)";"Rest Timer";"";"";"";"";"146";"";"";"7.6";"5.6";"6"
"29";"2026-04-20 00:00:00";"Day 2: Power Legs (Awakening the Squat)";"3699";"Squat (Barbell)";"4";"120.0";"5";"7.9";"";"";"";"";"7.6";"5.6";"6"
"29";"2026-04-20 00:00:00";"Day 2: Power Legs (Awakening the Squat)";"3699";"One Leg Curl Plates Loaded";"W";"10.0";"12";"";"";"";"";"";"7.6";"5.6";"6"
"29";"2026-04-20 00:00:00";"Day 2: Power Legs (Awakening the Squat)";"3699";"One Leg Curl Plates Loaded";"1";"17.5";"7";"7.2";"";"";"";"";"7.6";"5.6";"6"
"29";"2026-04-20 00:00:00";"Day 2: Power Legs (Awakening the Squat)";"3699";"One Leg Curl Plates Loaded";"Rest Timer";"";"";"";"";"90";"";"";"7.6";"5.6";"6"
"29";"2026-04-20 00:00:00";"Day 2: Power Legs (Awakening the Squat)";"3699";"One Leg Curl Plates Loaded";"2";"17.5";"9";"7.5";"";"";"";"";"7.6";"5.6";"6"
"29";"2026-04-20 00:00:00";"Day 2: Power Legs (Awakening the Squat)";"3699";"One Leg Curl Plates Loaded";"Rest Timer";"";"";"";"";"112";"";"";"7.6";"5.6";"6"
"29";"2026-04-20 00:00:00";"Day 2: Power Legs (Awakening the Squat)";"3699";"One Leg Curl Plates Loaded";"3";"17.5";"9";"7.9";"";"";"";"";"7.6";"5.6";"6"
"29";"2026-04-20 00:00:00";"Day 2: Power Legs (Awakening the Squat)";"3699";"One Leg Curl Plates Loaded";"Rest Timer";"";"";"";"";"160";"";"";"7.6";"5.6";"6"
"29";"2026-04-20 00:00:00";"Day 2: Power Legs (Awakening the Squat)";"3699";"One Leg Curl Plates Loaded";"4";"17.5";"7";"8.7";"";"";"";"";"7.6";"5.6";"6"
"29";"2026-04-20 00:00:00";"Day 2: Power Legs (Awakening the Squat)";"3699";"Seated Calf Raise (Plate Loaded)";"W";"17.5";"11";"";"";"";"";"";"7.6";"5.6";"6"
"29";"2026-04-20 00:00:00";"Day 2: Power Legs (Awakening the Squat)";"3699";"Seated Calf Raise (Plate Loaded)";"1";"32.5";"9";"6.9";"";"";"";"";"7.6";"5.6";"6"
"29";"2026-04-20 00:00:00";"Day 2: Power Legs (Awakening the Squat)";"3699";"Seated Calf Raise (Plate Loaded)";"Rest Timer";"";"";"";"";"98";"";"";"7.6";"5.6";"6"
"29";"2026-04-20 00:00:00";"Day 2: Power Legs (Awakening the Squat)";"3699";"Seated Calf Raise (Plate Loaded)";"2";"32.5";"10";"7.2";"";"";"";"";"7.6";"5.6";"6"
"29";"2026-04-20 00:00:00";"Day 2: Power Legs (Awakening the Squat)";"3699";"Seated Calf Raise (Plate Loaded)";"Rest Timer";"";"";"";"";"99";"";"";"7.6";"5.6";"6"
"29";"2026-04-20 00:00:00";"Day 2: Power Legs (Awakening the Squat)";"3699";"Seated Calf Raise (Plate Loaded)";"3";"32.5";"8";"7.9";"";"";"";"";"7.6";"5.6";"6"
"30";"2026-04-22 00:00:00";"Push";"5754";"Bench Press (Barbell)";"W";"55.0";"11";"";"";"";"";"";"6.4";"6.8";"7"
"30";"2026-04-22 00:00:00";"Push";"5754";"Bench Press (Barbell)";"1";"95.0";"5";"7.4";"";"";"";"";"6.4";"6.8";"7"
"30";"2026-04-22 00:00:00";"Push";"5754";"Bench Press (Barbell)";"Rest Timer";"";"";"";"";"135";"";"";"6.4";"6.8";"7"
"30";"2026-04-22 00:00:00";"Push";"5754";"Bench Press (Barbell)";"2";"100.0";"7";"7.7";"";"";"";"";"6.4";"6.8";"7"
"30";"2026-04-22 00:00:00";"Push";"5754";"Bench Press (Barbell)";"Rest Timer";"";"";"";"";"174";"";"";"6.4";"6.8";"7"
"30";"2026-04-22 00:00:00";"Push";"5754";"Bench Press (Barbell)";"3";"107.5";"7";"8.5";"";"";"";"";"6.4";"6.8";"7"
"30";"2026-04-22 00:00:00";"Push";"5754";"Bench Press (Barbell)";"Rest Timer";"";"";"";"";"169";"";"";"6.4";"6.8";"7"
"30";"2026-04-22 00:00:00";"Push";"5754";"Bench Press (Barbell)";"4";"110.0";"7";"9.0";"";"";"";"";"6.4";"6.8";"7"
"30";"2026-04-22 00:00:00";"Push";"5754";"Seated Overhead Press (Dumbbell)";"W";"20.0";"10";"";"";"";"";"";"6.4";"6.8";"7"
"30";"2026-04-22 00:00:00";"Push";"5754";"Seated Overhead Press (Dumbbell)";"1";"32.5";"8";"6.7";"";"";"";"";"6.4";"6.8";"7"
"30";"2026-04-22 00:00:00";"Push";"5754";"Seated Overhead Press (Dumbbell)";"Rest Timer";"";"";"";"";"103";"";"";"6.4";"6.8";"7"
"30";"2026-04-22 00:00:00";"Push";"5754";"Seated Overhead Press (Dumbbell)";"2";"35.0";"6";"7.0";"";"";"";"";"6.4";"6.8";"7"
"30";"2026-04-22 00:00:00";"Push";"5754";"Seated Overhead Press (Dumbbell)";"Rest Timer";"";"";"";"";"122";"";"";"6.4";"6.8";"7"
"30";"2026-04-22 00:00:00";"Push";"5754";"Seated Overhead Press (Dumbbell)";"3";"35.0";"3";"7.7";"";"";"";"";"6.4";"6.8";"7"
"30";"2026-04-22 00:00:00";"Push";"5754";"Seated Overhead Press (Dumbbell)";"Rest Timer";"";"";"";"";"118";"";"";"6.4";"6.8";"7"
"30";"2026-04-22 00:00:00";"Push";"5754";"Seated Overhead Press (Dumbbell)";"4";"37.5";"1";"8.4";"";"";"";"";"6.4";"6.8";"7"
"30";"2026-04-22 00:00:00";"Push";"5754";"Seated Overhead Press (Dumbbell)";"Rest Timer";"";"";"";"";"166";"";"";"6.4";"6.8";"7"
"30";"2026-04-22 00:00:00";"Push";"5754";"Seated Overhead Press (Dumbbell)";"5";"40.0";"4";"9.0";"";"";"";"";"6.4";"6.8";"7"
"30";"2026-04-22 00:00:00";"Push";"5754";"Incline Chest Press (Machine)";"W";"32.5";"11";"";"";"";"";"";"6.4";"6.8";"7"
"30";"2026-04-22 00:00:00";"Push";"5754";"Incline Chest Press (Machine)";"1";"57.5";"11";"7.3";"";"";"";"";"6.4";"6.8";"7"
"30";"2026-04-22 00:00:00";"Push";"5754";"Incline Chest Press (Machine)";"Rest Timer";"";"";"";"";"94";"";"";"6.4";"6.8";"7"
"30";"2026-04-22 00:00:00";"Push";"5754";"Incline Chest Press (Machine)";"2";"57.5";"6";"7.9";"";"";"";"";"6.4";"6.8";"7"
"30";"2026-04-22 00:00:00";"Push";"5754";"Incline Chest Press (Machine)";"Rest Timer";"";"";"";"";"91";"";"";"6.4";"6.8";"7"
"30";"2026-04-22 00:00:00";"Push";"5754";"Incline Chest Press (Machine)";"3";"57.5";"7";"8.2";"";"";"";"";"6.4";"6.8";"7"
"30";"2026-04-22 00:00:00";"Push";"5754";"Incline Chest Press (Machine)";"Rest Timer";"";"";"";"";"112";"";"";"6.4";"6.8";"7"
"30";"2026-04-22 00:00:00";"Push";"5754";"Incline Chest Press (Machine)";"4";"57.5";"5";"8.6";"";"";"";"";"6.4";"6.8";"7"
"30";"2026-04-22 00:00:00";"Push";"5754";"Lateral Raise (Cable)";"W";"7.5";"14";"";"";"";"";"";"6.4";"6.8";"7"
"30";"2026-04-22 00:00:00";"Push";"5754";"Lateral Raise (Cable)";"1";"12.5";"9";"6.5";"";"";"";"";"6.4";"6.8";"7"
"30";"2026-04-22 00:00:00";"Push";"5754";"Lateral Raise (Cable)";"Rest Timer";"";"";"";"";"101";"";"";"6.4";"6.8";"7"
"30";"2026-04-22 00:00:00";"Push";"5754";"Lateral Raise (Cable)";"2";"12.5";"9";"7.0";"";"";"";"";"6.4";"6.8";"7"
"30";"2026-04-22 00:00:00";"Push";"5754";"Lateral Raise (Cable)";"Rest Timer";"";"";"";"";"137";"";"";"6.4";"6.8";"7"
"30";"2026-04-22 00:00:00";"Push";"5754";"Lateral Raise (Cable)";"3";"12.5";"7";"7.6";"";"";"";"";"6.4";"6.8";"7"
"30";"2026-04-22 00:00:00";"Push";"5754";"Lateral Raise (Cable)";"Rest Timer";"";"";"";"";"178";"";"";"6.4";"6.8";"7"
"30";"2026-04-22 00:00:00";"Push";"5754";"Lateral Raise (Cable)";"4";"12.5";"6";"7.7";"";"";"";"";"6.4";"6.8";"7"
"30";"2026-04-22 00:00:00";"Push";"5754";"Skullcrusher (Dumbbell)";"W";"7.5";"15";"";"";"";"";"";"6.4";"6.8";"7"
"30";"2026-04-22 00:00:00";"Push";"5754";"Skullcrusher (Dumbbell)";"1";"10.0";"12";"7.5";"";"";"";"";"6.4";"6.8";"7"
"30";"2026-04-22 00:00:00";"Push";"5754";"Skullcrusher (Dumbbell)";"Rest Timer";"";"";"";"";"103";"";"";"6.4";"6.8";"7"
"30";"2026-04-22 00:00:00";"Push";"5754";"Skullcrusher (Dumbbell)";"2";"10.0";"10";"7.9";"";"";"";"";"6.4";"6.8";"7"
"30";"2026-04-22 00:00:00";"Push";"5754";"Skullcrusher (Dumbbell)";"Rest Timer";"";"";"";"";"137";"";"";"6.4";"6.8";"7"
"30";"2026-04-22 00:00:00";"Push";"5754";"Skullcrusher (Dumbbell)";"3";"12.5";"8";"8.2";"";"";"";"";"6.4";"6.8";"7"
"30";"2026-04-22 00:00:00";"Push";"5754";"Triceps Extension";"W";"22.5";"10";"";"";"";"";"";"6.4";"6.8";"7"
"30";"2026-04-22 00:00:00";"Push";"5754";"Triceps Extension";"1";"35.0";"9";"6.7";"";"";"";"";"6.4";"6.8";"7"
"30";"2026-04-22 00:00:00";"Push";"5754";"Triceps Extension";"Rest Timer";"";"";"";"";"104";"";"";"6.4";"6.8";"7"
"30";"2026-04-22 00:00:00";"Push";"5754";"Triceps Extension";"2";"35.0";"8";"7.3";"";"";"";"";"6.4";"6.8";"7"
"30";"2026-04-22 00:00:00";"Push";"5754";"Triceps Extension";"Rest Timer";"";"";"";"";"105";"";"";"6.4";"6.8";"7"
"30";"2026-04-22 00:00:00";"Push";"5754";"Triceps Extension";"3";"35.0";"9";"7.8";"";"";"";"";"6.4";"6.8";"7"
"30";"2026-04-22 00:00:00";"Push";"5754";"Triceps Extension";"Rest Timer";"";"";"";"";"179";"";"";"6.4";"6.8";"7"
"30";"2026-04-22 00:00:00";"Push";"5754";"Triceps Extension";"4";"35.0";"6";"8.0";"";"";"";"";"6.4";"6.8";"7"
"30";"2026-04-22 00:00:00";"Push";"5754";"Incline Chest Fly (Dumbbell)";"W";"12.5";"13";"";"";"";"";"";"6.4";"6.8";"7"
"30";"2026-04-22 00:00:00";"Push";"5754";"Incline Chest Fly (Dumbbell)";"1";"20.0";"12";"7.1";"";"";"";"";"6.4";"6.8";"7"
"30";"2026-04-22 00:00:00";"Push";"5754";"Incline Chest Fly (Dumbbell)";"Rest Timer";"";"";"";"";"162";"";"";"6.4";"6.8";"7"
"30";"2026-04-22 00:00:00";"Push";"5754";"Incline Chest Fly (Dumbbell)";"2";"20.0";"10";"7.6";"";"";"";"";"6.4";"6.8";"7"
"30";"2026-04-22 00:00:00";"Push";"5754";"Incline Chest Fly (Dumbbell)";"Rest Timer";"";"";"";"";"156";"";"";"6.4";"6.8";"7"
"30";"2026-04-22 00:00:00";"Push";"5754";"Incline Chest Fly (Dumbbell)";"3";"20.0";"9";"8.2";"";"";"";"";"6.4";"6.8";"7"
"30";"2026-04-22 00:00:00";"Push";"5754";"Skullcrusher (Barbell)";"W";"12.5";"13";"";"";"";"";"";"6.4";"6.8";"7"
"30";"2026-04-22 00:00:00";"Push";"5754";"Skullcrusher (Barbell)";"1";"20.0";"7";"7.4";"";"";"";"";"6.4";"6.8";"7"
"30";"2026-04-22 00:00:00";"Push";"5754";"Skullcrusher (Barbell)";"Rest Timer";"";"";"";"";"115";"";"";"6.4";"6.8";"7"
"30";"2026-04-22 00:00:00";"Push";"5754";"Skullcrusher (Barbell)";"2";"20.0";"7";"7.8";"";"";"";"";"6.4";"6.8";"7"
"30";"2026-04-22 00:00:00";"Push";"5754";"Skullcrusher (Barbell)";"Rest Timer";"";"";"";"";"109";"";"";"6.4";"6.8";"7"
"30";"2026-04-22 00:00:00";"Push";"5754";"Skullcrusher (Barbell)";"3";"20.0";"3";"8.6";"";"";"";"";"6.4";"6.8";"7"
"31";"2026-04-25 00:00:00";"Pull";"3457";"Lat Pulldown (Cable)";"W";"35.0";"12";"";"";"";"";"";"6.6";"5.7";"8"
"31";"2026-04-25 00:00:00";"Pull";"3457";"Lat Pulldown (Cable)";"1";"55.0";"8";"7.2";"";"";"";"";"6.6";"5.7";"8"
"31";"2026-04-25 00:00:00";"Pull";"3457";"Lat Pulldown (Cable)";"Rest Timer";"";"";"";"";"167";"";"";"6.6";"5.7";"8"
"31";"2026-04-25 00:00:00";"Pull";"3457";"Lat Pulldown (Cable)";"2";"57.5";"6";"7.6";"";"";"";"";"6.6";"5.7";"8"
"31";"2026-04-25 00:00:00";"Pull";"3457";"Lat Pulldown (Cable)";"Rest Timer";"";"";"";"";"110";"";"";"6.6";"5.7";"8"
"31";"2026-04-25 00:00:00";"Pull";"3457";"Lat Pulldown (Cable)";"3";"62.5";"7";"8.3";"";"";"";"";"6.6";"5.7";"8"
"31";"2026-04-25 00:00:00";"Pull";"3457";"Seated Row (Machine)";"W";"30.0";"14";"";"";"";"";"";"6.6";"5.7";"8"
"31";"2026-04-25 00:00:00";"Pull";"3457";"Seated Row (Machine)";"1";"55.0";"7";"6.9";"";"";"";"";"6.6";"5.7";"8"
"31";"2026-04-25 00:00:00";"Pull";"3457";"Seated Row (Machine)";"Rest Timer";"";"";"";"";"93";"";"";"6.6";"5.7";"8"
"31";"2026-04-25 00:00:00";"Pull";"3457";"Seated Row (Machine)";"2";"55.0";"5";"7.4";"";"";"";"";"6.6";"5.7";"8"
"31";"2026-04-25 00:00:00";"Pull";"3457";"Seated Row (Machine)";"Rest Timer";"";"";"";"";"125";"";"";"6.6";"5.7";"8"
"31";"2026-04-25 00:00:00";"Pull";"3457";"Seated Row (Machine)";"3";"55.0";"3";"8.0";"";"";"";"";"6.6";"5.7";"8"
"31";"2026-04-25 00:00:00";"Pull";"3457";"Seated Row (Machine)";"Rest Timer";"";"";"";"";"167";"";"";"6.6";"5.7";"8"
"31";"2026-04-25 00:00:00";"Pull";"3457";"Seated Row (Machine)";"4";"55.0";"5";"8.3";"";"";"";"";"6.6";"5.7";"8"
"31";"2026-04-25 00:00:00";"Pull";"3457";"Face Pull (Cable)";"W";"27.5";"12";"";"";"";"";"";"6.6";"5.7";"8"
"31";"2026-04-25 00:00:00";"Pull";"3457";"Face Pull (Cable)";"1";"42.5";"11";"6.7";"";"";"";"";"6.6";"5.7";"8"
"31";"2026-04-25 00:00:00";"Pull";"3457";"Face Pull (Cable)";"Rest Timer";"";"";"";"";"177";"";"";"6.6";"5.7";"8"
"31";"2026-04-25 00:00:00";"Pull";"3457";"Face Pull (Cable)";"2";"42.5";"8";"7.0";"";"";"";"";"6.6";"5.7";"8"
"31";"2026-04-25 00:00:00";"Pull";"3457";"Face Pull (Cable)";"Rest Timer";"";"";"";"";"99";"";"";"6.6";"5.7";"8"
"31";"2026-04-25 00:00:00";"Pull";"3457";"Face Pull (Cable)";"3";"42.5";"7";"7.8";"";"";"";"";"6.6";"5.7";"8"
"31";"2026-04-25 00:00:00";"Pull";"3457";"Bicep Curl (Machine)";"W";"17.5";"15";"";"";"";"";"";"6.6";"5.7";"8"
"31";"2026-04-25 00:00:00";"Pull";"3457";"Bicep Curl (Machine)";"1";"32.5";"6";"7.1";"";"";"";"";"6.6";"5.7";"8"
"31";"2026-04-25 00:00:00";"Pull";"3457";"Bicep Curl (Machine)";"Rest Timer";"";"";"";"";"104";"";"";"6.6";"5.7";"8"
"31";"2026-04-25 00:00:00";"Pull";"3457";"Bicep Curl (Machine)";"2";"32.5";"6";"7.5";"";"";"";"";"6.6";"5.7";"8"
"31";"2026-04-25 00:00:00";"Pull";"3457";"Bicep Curl (Machine)";"Rest Timer";"";"";"";"";"161";"";"";"6.6";"5.7";"8"
"31";"2026-04-25 00:00:00";"Pull";"3457";"Bicep Curl (Machine)";"3";"32.5";"3";"8.1";"";"";"";"";"6.6";"5.7";"8"
"31";"2026-04-25 00:00:00";"Pull";"3457";"Bicep Curl (Machine)";"Rest Timer";"";"";"";"";"178";"";"";"6.6";"5.7";"8"
"31";"2026-04-25 00:00:00";"Pull";"3457";"Bicep Curl (Machine)";"4";"32.5";"2";"8.7";"";"";"";"";"6.6";"5.7";"8"
"31";"2026-04-25 00:00:00";"Pull";"3457";"Bicep Curl (Dumbbell)";"W";"10.0";"13";"";"";"";"";"";"6.6";"5.7";"8"
"31";"2026-04-25 00:00:00";"Pull";"3457";"Bicep Curl (Dumbbell)";"1";"15.0";"6";"7.5";"";"";"";"";"6.6";"5.7";"8"
"31";"2026-04-25 00:00:00";"Pull";"3457";"Bicep Curl (Dumbbell)";"Rest Timer";"";"";"";"";"113";"";"";"6.6";"5.7";"8"
"31";"2026-04-25 00:00:00";"Pull";"3457";"Bicep Curl (Dumbbell)";"2";"15.0";"8";"7.9";"";"";"";"";"6.6";"5.7";"8"
"31";"2026-04-25 00:00:00";"Pull";"3457";"Bicep Curl (Dumbbell)";"Rest Timer";"";"";"";"";"163";"";"";"6.6";"5.7";"8"
"31";"2026-04-25 00:00:00";"Pull";"3457";"Bicep Curl (Dumbbell)";"3";"17.5";"5";"8.3";"";"";"";"";"6.6";"5.7";"8"
"31";"2026-04-25 00:00:00";"Pull";"3457";"Bicep Curl (Dumbbell)";"Rest Timer";"";"";"";"";"112";"";"";"6.6";"5.7";"8"
"31";"2026-04-25 00:00:00";"Pull";"3457";"Bicep Curl (Dumbbell)";"4";"17.5";"3";"8.9";"";"";"";"";"6.6";"5.7";"8"
"31";"2026-04-25 00:00:00";"Pull";"3457";"Inverted Row (Bodyweight)";"W";"32.5";"15";"";"";"";"";"";"6.6";"5.7";"8"
"31";"2026-04-25 00:00:00";"Pull";"3457";"Inverted Row (Bodyweight)";"1";"52.5";"6";"7.4";"";"";"";"";"6.6";"5.7";"8"
"31";"2026-04-25 00:00:00";"Pull";"3457";"Inverted Row (Bodyweight)";"Rest Timer";"";"";"";"";"104";"";"";"6.6";"5.7";"8"
"31";"2026-04-25 00:00:00";"Pull";"3457";"Inverted Row (Bodyweight)";"2";"52.5";"6";"7.9";"";"";"";"";"6.6";"5.7";"8"
"31";"2026-04-25 00:00:00";"Pull";"3457";"Inverted Row (Bodyweight)";"Rest Timer";"";"";"";"";"97";"";"";"6.6";"5.7";"8"
"31";"2026-04-25 00:00:00";"Pull";"3457";"Inverted Row (Bodyweight)";"3";"52.5";"6";"8.5";"";"";"";"";"6.6";"5.7";"8"
"31";"2026-04-25 00:00:00";"Pull";"3457";"Inverted Row (Bodyweight)";"Rest Timer";"";"";"";"";"154";"";"";"6.6";"5.7";"8"
"31";"2026-04-25 00:00:00";"Pull";"3457";"Inverted Row (Bodyweight)";"4";"52.5";"5";"8.9";"";"";"";"";"6.6";"5.7";"8"
"31";"2026-04-25 00:00:00";"Pull";"3457";"Inverted Row (Bodyweight)";"Rest Timer";"";"";"";"";"177";"";"";"6.6";"5.7";"8"
"31";"2026-04-25 00:00:00";"Pull";"3457";"Inverted Row (Bodyweight)";"5";"52.5";"1";"9.2";"";"";"";"";"6.6";"5.7";"8"
"31";"2026-04-25 00:00:00";"Pull";"3457";"T Bar Row";"W";"15.0";"12";"";"";"";"";"";"6.6";"5.7";"8"
"31";"2026-04-25 00:00:00";"Pull";"3457";"T Bar Row";"1";"22.5";"7";"6.5";"";"";"";"";"6.6";"5.7";"8"
"31";"2026-04-25 00:00:00";"Pull";"3457";"T Bar Row";"Rest Timer";"";"";"";"";"162";"";"";"6.6";"5.7";"8"
"31";"2026-04-25 00:00:00";"Pull";"3457";"T Bar Row";"2";"22.5";"7";"6.8";"";"";"";"";"6.6";"5.7";"8"
"31";"2026-04-25 00:00:00";"Pull";"3457";"T Bar Row";"Rest Timer";"";"";"";"";"132";"";"";"6.6";"5.7";"8"
"31";"2026-04-25 00:00:00";"Pull";"3457";"T Bar Row";"3";"22.5";"4";"7.5";"";"";"";"";"6.6";"5.7";"8"
"31";"2026-04-25 00:00:00";"Pull";"3457";"T Bar Row";"Rest Timer";"";"";"";"";"179";"";"";"6.6";"5.7";"8"
"31";"2026-04-25 00:00:00";"Pull";"3457";"T Bar Row";"4";"22.5";"6";"7.5";"";"";"";"";"6.6";"5.7";"8"
"31";"2026-04-25 00:00:00";"Pull";"3457";"Reverse Fly (Cable)";"W";"27.5";"12";"";"";"";"";"";"6.6";"5.7";"8"
"31";"2026-04-25 00:00:00";"Pull";"3457";"Reverse Fly (Cable)";"1";"50.0";"6";"7.1";"";"";"";"";"6.6";"5.7";"8"
"31";"2026-04-25 00:00:00";"Pull";"3457";"Reverse Fly (Cable)";"Rest Timer";"";"";"";"";"105";"";"";"6.6";"5.7";"8"
"31";"2026-04-25 00:00:00";"Pull";"3457";"Reverse Fly (Cable)";"2";"52.5";"3";"7.6";"";"";"";"";"6.6";"5.7";"8"
"31";"2026-04-25 00:00:00";"Pull";"3457";"Reverse Fly (Cable)";"Rest Timer";"";"";"";"";"111";"";"";"6.6";"5.7";"8"
"31";"2026-04-25 00:00:00";"Pull";"3457";"Reverse Fly (Cable)";"3";"57.5";"6";"8.3";"";"";"";"";"6.6";"5.7";"8"
"32";"2026-04-27 00:00:00";"Upper";"4399";"Bench Press (Barbell)";"W";"60.0";"11";"";"";"";"";"";"7.5";"5.5";"9"
"32";"2026-04-27 00:00:00";"Upper";"4399";"Bench Press (Barbell)";"1";"92.5";"10";"7.5";"";"";"";"";"7.5";"5.5";"9"
"32";"2026-04-27 00:00:00";"Upper";"4399";"Bench Press (Barbell)";"Rest Timer";"";"";"";"";"127";"";"";"7.5";"5.5";"9"
"32";"2026-04-27 00:00:00";"Upper";"4399";"Bench Press (Barbell)";"2";"92.5";"7";"7.9";"";"";"";"";"7.5";"5.5";"9"
"32";"2026-04-27 00:00:00";"Upper";"4399";"Bench Press (Barbell)";"Rest Timer";"";"";"";"";"155";"";"";"7.5";"5.5";"9"
"32";"2026-04-27 00:00:00";"Upper";"4399";"Bench Press (Barbell)";"3";"92.5";"7";"8.6";"";"";"";"";"7.5";"5.5";"9"
"32";"2026-04-27 00:00:00";"Upper";"4399";"Bench Press (Barbell)";"Rest Timer";"";"";"";"";"159";"";"";"7.5";"5.5";"9"
"32";"2026-04-27 00:00:00";"Upper";"4399";"Bench Press (Barbell)";"4";"92.5";"7";"8.8";"";"";"";"";"7.5";"5.5";"9"
"32";"2026-04-27 00:00:00";"Upper";"4399";"Lat Pulldown (Cable)";"W";"35.0";"10";"";"";"";"";"";"7.5";"5.5";"9"
"32";"2026-04-27 00:00:00";"Upper";"4399";"Lat Pulldown (Cable)";"1";"55.0";"9";"7.3";"";"";"";"";"7.5";"5.5";"9"
"32";"2026-04-27 00:00:00";"Upper";"4399";"Lat Pulldown (Cable)";"Rest Timer";"";"";"";"";"90";"";"";"7.5";"5.5";"9"
"32";"2026-04-27 00:00:00";"Upper";"4399";"Lat Pulldown (Cable)";"2";"60.0";"10";"7.8";"";"";"";"";"7.5";"5.5";"9"
"32";"2026-04-27 00:00:00";"Upper";"4399";"Lat Pulldown (Cable)";"Rest Timer";"";"";"";"";"177";"";"";"7.5";"5.5";"9"
"32";"2026-04-27 00:00:00";"Upper";"4399";"Lat Pulldown (Cable)";"3";"60.0";"10";"8.0";"";"";"";"";"7.5";"5.5";"9"
"32";"2026-04-27 00:00:00";"Upper";"4399";"Lat Pulldown (Cable)";"Rest Timer";"";"";"";"";"105";"";"";"7.5";"5.5";"9"
"32";"2026-04-27 00:00:00";"Upper";"4399";"Lat Pulldown (Cable)";"4";"62.5";"9";"8.3";"";"";"";"";"7.5";"5.5";"9"
"32";"2026-04-27 00:00:00";"Upper";"4399";"Bent Over Row (Dumbbell)";"W";"17.5";"15";"";"";"";"";"";"7.5";"5.5";"9"
"32";"2026-04-27 00:00:00";"Upper";"4399";"Bent Over Row (Dumbbell)";"1";"27.5";"7";"7.5";"";"";"";"";"7.5";"5.5";"9"
"32";"2026-04-27 00:00:00";"Upper";"4399";"Bent Over Row (Dumbbell)";"Rest Timer";"";"";"";"";"93";"";"";"7.5";"5.5";"9"
"32";"2026-04-27 00:00:00";"Upper";"4399";"Bent Over Row (Dumbbell)";"2";"27.5";"5";"8.0";"";"";"";"";"7.5";"5.5";"9"
"32";"2026-04-27 00:00:00";"Upper";"4399";"Bent Over Row (Dumbbell)";"Rest Timer";"";"";"";"";"177";"";"";"7.5";"5.5";"9"
"32";"2026-04-27 00:00:00";"Upper";"4399";"Bent Over Row (Dumbbell)";"3";"27.5";"6";"8.4";"";"";"";"";"7.5";"5.5";"9"
"32";"2026-04-27 00:00:00";"Upper";"4399";"Bent Over Row (Dumbbell)";"Rest Timer";"";"";"";"";"127";"";"";"7.5";"5.5";"9"
"32";"2026-04-27 00:00:00";"Upper";"4399";"Bent Over Row (Dumbbell)";"4";"27.5";"3";"9.0";"";"";"";"";"7.5";"5.5";"9"
"32";"2026-04-27 00:00:00";"Upper";"4399";"Bench Skullcrucher";"W";"22.5";"14";"";"";"";"";"";"7.5";"5.5";"9"
"32";"2026-04-27 00:00:00";"Upper";"4399";"Bench Skullcrucher";"1";"37.5";"7";"6.7";"";"";"";"";"7.5";"5.5";"9"
"32";"2026-04-27 00:00:00";"Upper";"4399";"Bench Skullcrucher";"Rest Timer";"";"";"";"";"95";"";"";"7.5";"5.5";"9"
"32";"2026-04-27 00:00:00";"Upper";"4399";"Bench Skullcrucher";"2";"37.5";"8";"7.3";"";"";"";"";"7.5";"5.5";"9"
"32";"2026-04-27 00:00:00";"Upper";"4399";"Bench Skullcrucher";"Rest Timer";"";"";"";"";"151";"";"";"7.5";"5.5";"9"
"32";"2026-04-27 00:00:00";"Upper";"4399";"Bench Skullcrucher";"3";"37.5";"7";"7.6";"";"";"";"";"7.5";"5.5";"9"
"32";"2026-04-27 00:00:00";"Upper";"4399";"Bench Skullcrucher";"Rest Timer";"";"";"";"";"105";"";"";"7.5";"5.5";"9"
"32";"2026-04-27 00:00:00";"Upper";"4399";"Bench Skullcrucher";"4";"37.5";"2";"7.9";"";"";"";"";"7.5";"5.5";"9"
"32";"2026-04-27 00:00:00";"Upper";"4399";"Bench Skullcrucher";"Rest Timer";"";"";"";"";"180";"";"";"7.5";"5.5";"9"
"32";"2026-04-27 00:00:00";"Upper";"4399";"Bench Skullcrucher";"5";"37.5";"2";"8.4";"";"";"";"";"7.5";"5.5";"9"
"32";"2026-04-27 00:00:00";"Upper";"4399";"Bicep Curl (Machine)";"W";"20.0";"14";"";"";"";"";"";"7.5";"5.5";"9"
"32";"2026-04-27 00:00:00";"Upper";"4399";"Bicep Curl (Machine)";"1";"35.0";"10";"6.8";"";"";"";"";"7.5";"5.5";"9"
"32";"2026-04-27 00:00:00";"Upper";"4399";"Bicep Curl (Machine)";"Rest Timer";"";"";"";"";"177";"";"";"7.5";"5.5";"9"
"32";"2026-04-27 00:00:00";"Upper";"4399";"Bicep Curl (Machine)";"2";"35.0";"9";"7.3";"";"";"";"";"7.5";"5.5";"9"
"32";"2026-04-27 00:00:00";"Upper";"4399";"Bicep Curl (Machine)";"Rest Timer";"";"";"";"";"111";"";"";"7.5";"5.5";"9"
"32";"2026-04-27 00:00:00";"Upper";"4399";"Bicep Curl (Machine)";"3";"35.0";"10";"7.8";"";"";"";"";"7.5";"5.5";"9"
"32";"2026-04-27 00:00:00";"Upper";"4399";"Bicep Curl (Machine)";"Rest Timer";"";"";"";"";"113";"";"";"7.5";"5.5";"9"
"32";"2026-04-27 00:00:00";"Upper";"4399";"Bicep Curl (Machine)";"4";"35.0";"7";"8.1";"";"";"";"";"7.5";"5.5";"9"
"32";"2026-04-27 00:00:00";"Upper";"4399";"Lateral Raise (Dumbbell)";"W";"10.0";"15";"";"";"";"";"";"7.5";"5.5";"9"
"32";"2026-04-27 00:00:00";"Upper";"4399";"Lateral Raise (Dumbbell)";"1";"15.0";"7";"7.3";"";"";"";"";"7.5";"5.5";"9"
"32";"2026-04-27 00:00:00";"Upper";"4399";"Lateral Raise (Dumbbell)";"Rest Timer";"";"";"";"";"122";"";"";"7.5";"5.5";"9"
"32";"2026-04-27 00:00:00";"Upper";"4399";"Lateral Raise (Dumbbell)";"2";"15.0";"4";"7.8";"";"";"";"";"7.5";"5.5";"9"
"32";"2026-04-27 00:00:00";"Upper";"4399";"Lateral Raise (Dumbbell)";"Rest Timer";"";"";"";"";"171";"";"";"7.5";"5.5";"9"
"32";"2026-04-27 00:00:00";"Upper";"4399";"Lateral Raise (Dumbbell)";"3";"17.5";"3";"8.4";"";"";"";"";"7.5";"5.5";"9"
"32";"2026-04-27 00:00:00";"Upper";"4399";"Incline Chest Press (Machine)";"W";"35.0";"10";"";"";"";"";"";"7.5";"5.5";"9"
"32";"2026-04-27 00:00:00";"Upper";"4399";"Incline Chest Press (Machine)";"1";"55.0";"9";"7.5";"";"";"";"";"7.5";"5.5";"9"
"32";"2026-04-27 00:00:00";"Upper";"4399";"Incline Chest Press (Machine)";"Rest Timer";"";"";"";"";"157";"";"";"7.5";"5.5";"9"
"32";"2026-04-27 00:00:00";"Upper";"4399";"Incline Chest Press (Machine)";"2";"57.5";"7";"8.0";"";"";"";"";"7.5";"5.5";"9"
"32";"2026-04-27 00:00:00";"Upper";"4399";"Incline Chest Press (Machine)";"Rest Timer";"";"";"";"";"126";"";"";"7.5";"5.5";"9"
"32";"2026-04-27 00:00:00";"Upper";"4399";"Incline Chest Press (Machine)";"3";"60.0";"6";"8.2";"";"";"";"";"7.5";"5.5";"9"
"32";"2026-04-27 00:00:00";"Upper";"4399";"Incline Chest Press (Machine)";"Rest Timer";"";"";"";"";"103";"";"";"7.5";"5.5";"9"
"32";"2026-04-27 00:00:00";"Upper";"4399";"Incline Chest Press (Machine)";"4";"62.5";"3";"8.9";"";"";"";"";"7.5";"5.5";"9"
"32";"2026-04-27 00:00:00";"Upper";"4399";"Incline Chest Press (Machine)";"Rest Timer";"";"";"";"";"175";"";"";"7.5";"5.5";"9"
"32";"2026-04-27 00:00:00";"Upper";"4399";"Incline Chest Press (Machine)";"5";"67.5";"3";"8.9";"";"";"";"";"7.5";"5.5";"9"
"33";"2026-04-30 00:00:00";"Evening Workout";"1170";"Aerobics";"W";"32.5";"15";"";"";"";"";"";"6.9";"5.7";"10"
"33";"2026-04-30 00:00:00";"Evening Workout";"1170";"Aerobics";"1";"52.5";"11";"6.8";"";"";"";"";"6.9";"5.7";"10"
"33";"2026-04-30 00:00:00";"Evening Workout";"1170";"Aerobics";"Rest Timer";"";"";"";"";"157";"";"";"6.9";"5.7";"10"
"33";"2026-04-30 00:00:00";"Evening Workout";"1170";"Aerobics";"2";"55.0";"9";"7.2";"";"";"";"";"6.9";"5.7";"10"
"33";"2026-04-30 00:00:00";"Evening Workout";"1170";"Aerobics";"Rest Timer";"";"";"";"";"92";"";"";"6.9";"5.7";"10"
"33";"2026-04-30 00:00:00";"Evening Workout";"1170";"Aerobics";"3";"57.5";"9";"7.9";"";"";"";"";"6.9";"5.7";"10"
"34";"2026-05-02 00:00:00";"Day 1: Power Push (Heavy Chest & Shoulders)";"3670";"Bench Press (Barbell)";"W";"55.0";"10";"";"";"";"";"";"6.9";"4.8";"11"
"34";"2026-05-02 00:00:00";"Day 1: Power Push (Heavy Chest & Shoulders)";"3670";"Bench Press (Barbell)";"1";"100.0";"8";"7.3";"";"";"";"";"6.9";"4.8";"11"
"34";"2026-05-02 00:00:00";"Day 1: Power Push (Heavy Chest & Shoulders)";"3670";"Bench Press (Barbell)";"Rest Timer";"";"";"";"";"154";"";"";"6.9";"4.8";"11"
"34";"2026-05-02 00:00:00";"Day 1: Power Push (Heavy Chest & Shoulders)";"3670";"Bench Press (Barbell)";"2";"100.0";"6";"7.9";"";"";"";"";"6.9";"4.8";"11"
"34";"2026-05-02 00:00:00";"Day 1: Power Push (Heavy Chest & Shoulders)";"3670";"Bench Press (Barbell)";"Rest Timer";"";"";"";"";"93";"";"";"6.9";"4.8";"11"
"34";"2026-05-02 00:00:00";"Day 1: Power Push (Heavy Chest & Shoulders)";"3670";"Bench Press (Barbell)";"3";"100.0";"6";"8.1";"";"";"";"";"6.9";"4.8";"11"
"34";"2026-05-02 00:00:00";"Day 1: Power Push (Heavy Chest & Shoulders)";"3670";"Bench Press (Barbell)";"Rest Timer";"";"";"";"";"106";"";"";"6.9";"4.8";"11"
"34";"2026-05-02 00:00:00";"Day 1: Power Push (Heavy Chest & Shoulders)";"3670";"Bench Press (Barbell)";"4";"100.0";"6";"8.4";"";"";"";"";"6.9";"4.8";"11"
"34";"2026-05-02 00:00:00";"Day 1: Power Push (Heavy Chest & Shoulders)";"3670";"Bench Press (Barbell)";"Rest Timer";"";"";"";"";"119";"";"";"6.9";"4.8";"11"
"34";"2026-05-02 00:00:00";"Day 1: Power Push (Heavy Chest & Shoulders)";"3670";"Bench Press (Barbell)";"5";"100.0";"6";"9.7";"";"";"";"";"6.9";"4.8";"11"
"34";"2026-05-02 00:00:00";"Day 1: Power Push (Heavy Chest & Shoulders)";"3670";"Shoulder Press (Plate Loaded)";"W";"17.5";"14";"";"";"";"";"";"6.9";"4.8";"11"
"34";"2026-05-02 00:00:00";"Day 1: Power Push (Heavy Chest & Shoulders)";"3670";"Shoulder Press (Plate Loaded)";"1";"30.0";"7";"7.2";"";"";"";"";"6.9";"4.8";"11"
"34";"2026-05-02 00:00:00";"Day 1: Power Push (Heavy Chest & Shoulders)";"3670";"Shoulder Press (Plate Loaded)";"Rest Timer";"";"";"";"";"115";"";"";"6.9";"4.8";"11"
"34";"2026-05-02 00:00:00";"Day 1: Power Push (Heavy Chest & Shoulders)";"3670";"Shoulder Press (Plate Loaded)";"2";"30.0";"7";"7.5";"";"";"";"";"6.9";"4.8";"11"
"34";"2026-05-02 00:00:00";"Day 1: Power Push (Heavy Chest & Shoulders)";"3670";"Shoulder Press (Plate Loaded)";"Rest Timer";"";"";"";"";"94";"";"";"6.9";"4.8";"11"
"34";"2026-05-02 00:00:00";"Day 1: Power Push (Heavy Chest & Shoulders)";"3670";"Shoulder Press (Plate Loaded)";"3";"30.0";"5";"8.1";"";"";"";"";"6.9";"4.8";"11"
"34";"2026-05-02 00:00:00";"Day 1: Power Push (Heavy Chest & Shoulders)";"3670";"Shoulder Press (Plate Loaded)";"Rest Timer";"";"";"";"";"90";"";"";"6.9";"4.8";"11"
"34";"2026-05-02 00:00:00";"Day 1: Power Push (Heavy Chest & Shoulders)";"3670";"Shoulder Press (Plate Loaded)";"4";"30.0";"2";"8.6";"";"";"";"";"6.9";"4.8";"11"
"34";"2026-05-02 00:00:00";"Day 1: Power Push (Heavy Chest & Shoulders)";"3670";"Shoulder Press (Plate Loaded)";"Rest Timer";"";"";"";"";"168";"";"";"6.9";"4.8";"11"
"34";"2026-05-02 00:00:00";"Day 1: Power Push (Heavy Chest & Shoulders)";"3670";"Shoulder Press (Plate Loaded)";"5";"30.0";"1";"9.0";"";"";"";"";"6.9";"4.8";"11"
"34";"2026-05-02 00:00:00";"Day 1: Power Push (Heavy Chest & Shoulders)";"3670";"Incline Chest Fly (Dumbbell)";"W";"12.5";"10";"";"";"";"";"";"6.9";"4.8";"11"
"34";"2026-05-02 00:00:00";"Day 1: Power Push (Heavy Chest & Shoulders)";"3670";"Incline Chest Fly (Dumbbell)";"1";"22.5";"5";"7.2";"";"";"";"";"6.9";"4.8";"11"
"34";"2026-05-02 00:00:00";"Day 1: Power Push (Heavy Chest & Shoulders)";"3670";"Incline Chest Fly (Dumbbell)";"Rest Timer";"";"";"";"";"163";"";"";"6.9";"4.8";"11"
"34";"2026-05-02 00:00:00";"Day 1: Power Push (Heavy Chest & Shoulders)";"3670";"Incline Chest Fly (Dumbbell)";"2";"22.5";"4";"7.6";"";"";"";"";"6.9";"4.8";"11"
"34";"2026-05-02 00:00:00";"Day 1: Power Push (Heavy Chest & Shoulders)";"3670";"Incline Chest Fly (Dumbbell)";"Rest Timer";"";"";"";"";"93";"";"";"6.9";"4.8";"11"
"34";"2026-05-02 00:00:00";"Day 1: Power Push (Heavy Chest & Shoulders)";"3670";"Incline Chest Fly (Dumbbell)";"3";"25.0";"5";"8.2";"";"";"";"";"6.9";"4.8";"11"
"34";"2026-05-02 00:00:00";"Day 1: Power Push (Heavy Chest & Shoulders)";"3670";"Incline Chest Fly (Dumbbell)";"Rest Timer";"";"";"";"";"115";"";"";"6.9";"4.8";"11"
"34";"2026-05-02 00:00:00";"Day 1: Power Push (Heavy Chest & Shoulders)";"3670";"Incline Chest Fly (Dumbbell)";"4";"27.5";"4";"8.3";"";"";"";"";"6.9";"4.8";"11"
"34";"2026-05-02 00:00:00";"Day 1: Power Push (Heavy Chest & Shoulders)";"3670";"Squat (Barbell)";"W";"60.0";"11";"";"";"";"";"";"6.9";"4.8";"11"
"34";"2026-05-02 00:00:00";"Day 1: Power Push (Heavy Chest & Shoulders)";"3670";"Squat (Barbell)";"1";"105.0";"7";"6.8";"";"";"";"";"6.9";"4.8";"11"
"34";"2026-05-02 00:00:00";"Day 1: Power Push (Heavy Chest & Shoulders)";"3670";"Squat (Barbell)";"Rest Timer";"";"";"";"";"162";"";"";"6.9";"4.8";"11"
"34";"2026-05-02 00:00:00";"Day 1: Power Push (Heavy Chest & Shoulders)";"3670";"Squat (Barbell)";"2";"112.5";"3";"7.3";"";"";"";"";"6.9";"4.8";"11"
"34";"2026-05-02 00:00:00";"Day 1: Power Push (Heavy Chest & Shoulders)";"3670";"Squat (Barbell)";"Rest Timer";"";"";"";"";"141";"";"";"6.9";"4.8";"11"
"34";"2026-05-02 00:00:00";"Day 1: Power Push (Heavy Chest & Shoulders)";"3670";"Squat (Barbell)";"3";"115.0";"7";"7.5";"";"";"";"";"6.9";"4.8";"11"
"34";"2026-05-02 00:00:00";"Day 1: Power Push (Heavy Chest & Shoulders)";"3670";"Squat (Barbell)";"Rest Timer";"";"";"";"";"123";"";"";"6.9";"4.8";"11"
"34";"2026-05-02 00:00:00";"Day 1: Power Push (Heavy Chest & Shoulders)";"3670";"Squat (Barbell)";"4";"125.0";"4";"8.6";"";"";"";"";"6.9";"4.8";"11"
"34";"2026-05-02 00:00:00";"Day 1: Power Push (Heavy Chest & Shoulders)";"3670";"Triceps Extension (Cable)";"W";"25.0";"14";"";"";"";"";"";"6.9";"4.8";"11"
"34";"2026-05-02 00:00:00";"Day 1: Power Push (Heavy Chest & Shoulders)";"3670";"Triceps Extension (Cable)";"1";"40.0";"9";"7.0";"";"";"";"";"6.9";"4.8";"11"
"34";"2026-05-02 00:00:00";"Day 1: Power Push (Heavy Chest & Shoulders)";"3670";"Triceps Extension (Cable)";"Rest Timer";"";"";"";"";"119";"";"";"6.9";"4.8";"11"
"34";"2026-05-02 00:00:00";"Day 1: Power Push (Heavy Chest & Shoulders)";"3670";"Triceps Extension (Cable)";"2";"40.0";"10";"7.5";"";"";"";"";"6.9";"4.8";"11"
"34";"2026-05-02 00:00:00";"Day 1: Power Push (Heavy Chest & Shoulders)";"3670";"Triceps Extension (Cable)";"Rest Timer";"";"";"";"";"93";"";"";"6.9";"4.8";"11"
"34";"2026-05-02 00:00:00";"Day 1: Power Push (Heavy Chest & Shoulders)";"3670";"Triceps Extension (Cable)";"3";"40.0";"9";"8.0";"";"";"";"";"6.9";"4.8";"11"
"34";"2026-05-02 00:00:00";"Day 1: Power Push (Heavy Chest & Shoulders)";"3670";"Triceps Extension (Cable)";"Rest Timer";"";"";"";"";"140";"";"";"6.9";"4.8";"11"
"34";"2026-05-02 00:00:00";"Day 1: Power Push (Heavy Chest & Shoulders)";"3670";"Triceps Extension (Cable)";"4";"40.0";"7";"8.4";"";"";"";"";"6.9";"4.8";"11"
"34";"2026-05-02 00:00:00";"Day 1: Power Push (Heavy Chest & Shoulders)";"3670";"Shoulder Press (Machine)";"W";"25.0";"11";"";"";"";"";"";"6.9";"4.8";"11"
"34";"2026-05-02 00:00:00";"Day 1: Power Push (Heavy Chest & Shoulders)";"3670";"Shoulder Press (Machine)";"1";"42.5";"8";"6.9";"";"";"";"";"6.9";"4.8";"11"
"34";"2026-05-02 00:00:00";"Day 1: Power Push (Heavy Chest & Shoulders)";"3670";"Shoulder Press (Machine)";"Rest Timer";"";"";"";"";"146";"";"";"6.9";"4.8";"11"
"34";"2026-05-02 00:00:00";"Day 1: Power Push (Heavy Chest & Shoulders)";"3670";"Shoulder Press (Machine)";"2";"42.5";"6";"7.5";"";"";"";"";"6.9";"4.8";"11"
"34";"2026-05-02 00:00:00";"Day 1: Power Push (Heavy Chest & Shoulders)";"3670";"Shoulder Press (Machine)";"Rest Timer";"";"";"";"";"176";"";"";"6.9";"4.8";"11"
"34";"2026-05-02 00:00:00";"Day 1: Power Push (Heavy Chest & Shoulders)";"3670";"Shoulder Press (Machine)";"3";"42.5";"6";"7.5";"";"";"";"";"6.9";"4.8";"11"
"34";"2026-05-02 00:00:00";"Day 1: Power Push (Heavy Chest & Shoulders)";"3670";"Shoulder Press (Machine)";"Rest Timer";"";"";"";"";"91";"";"";"6.9";"4.8";"11"
"34";"2026-05-02 00:00:00";"Day 1: Power Push (Heavy Chest & Shoulders)";"3670";"Shoulder Press (Machine)";"4";"42.5";"6";"7.8";"";"";"";"";"6.9";"4.8";"11"
"35";"2026-05-05 00:00:00";"Day 3: Power Pull (Heavy Back & Deadlifts)";"3778";"Lat Pulldown (Cable)";"W";"32.5";"14";"";"";"";"";"";"6.9";"6.0";"12"
"35";"2026-05-05 00:00:00";"Day 3: Power Pull (Heavy Back & Deadlifts)";"3778";"Lat Pulldown (Cable)";"1";"57.5";"9";"7.3";"";"";"";"";"6.9";"6.0";"12"
"35";"2026-05-05 00:00:00";"Day 3: Power Pull (Heavy Back & Deadlifts)";"3778";"Lat Pulldown (Cable)";"Rest Timer";"";"";"";"";"112";"";"";"6.9";"6.0";"12"
"35";"2026-05-05 00:00:00";"Day 3: Power Pull (Heavy Back & Deadlifts)";"3778";"Lat Pulldown (Cable)";"2";"62.5";"6";"7.8";"";"";"";"";"6.9";"6.0";"12"
"35";"2026-05-05 00:00:00";"Day 3: Power Pull (Heavy Back & Deadlifts)";"3778";"Lat Pulldown (Cable)";"Rest Timer";"";"";"";"";"159";"";"";"6.9";"6.0";"12"
"35";"2026-05-05 00:00:00";"Day 3: Power Pull (Heavy Back & Deadlifts)";"3778";"Lat Pulldown (Cable)";"3";"65.0";"6";"8.3";"";"";"";"";"6.9";"6.0";"12"
"35";"2026-05-05 00:00:00";"Day 3: Power Pull (Heavy Back & Deadlifts)";"3778";"Lat Pulldown (Cable)";"Rest Timer";"";"";"";"";"114";"";"";"6.9";"6.0";"12"
"35";"2026-05-05 00:00:00";"Day 3: Power Pull (Heavy Back & Deadlifts)";"3778";"Lat Pulldown (Cable)";"4";"65.0";"8";"8.4";"";"";"";"";"6.9";"6.0";"12"
"35";"2026-05-05 00:00:00";"Day 3: Power Pull (Heavy Back & Deadlifts)";"3778";"Seated Row (Cable)";"W";"15.0";"11";"";"";"";"";"";"6.9";"6.0";"12"
"35";"2026-05-05 00:00:00";"Day 3: Power Pull (Heavy Back & Deadlifts)";"3778";"Seated Row (Cable)";"1";"25.0";"4";"7.2";"";"";"";"";"6.9";"6.0";"12"
"35";"2026-05-05 00:00:00";"Day 3: Power Pull (Heavy Back & Deadlifts)";"3778";"Seated Row (Cable)";"Rest Timer";"";"";"";"";"133";"";"";"6.9";"6.0";"12"
"35";"2026-05-05 00:00:00";"Day 3: Power Pull (Heavy Back & Deadlifts)";"3778";"Seated Row (Cable)";"2";"25.0";"1";"7.5";"";"";"";"";"6.9";"6.0";"12"
"35";"2026-05-05 00:00:00";"Day 3: Power Pull (Heavy Back & Deadlifts)";"3778";"Seated Row (Cable)";"Rest Timer";"";"";"";"";"170";"";"";"6.9";"6.0";"12"
"35";"2026-05-05 00:00:00";"Day 3: Power Pull (Heavy Back & Deadlifts)";"3778";"Seated Row (Cable)";"3";"25.0";"4";"8.2";"";"";"";"";"6.9";"6.0";"12"
"35";"2026-05-05 00:00:00";"Day 3: Power Pull (Heavy Back & Deadlifts)";"3778";"Seated Row (Cable)";"Rest Timer";"";"";"";"";"123";"";"";"6.9";"6.0";"12"
"35";"2026-05-05 00:00:00";"Day 3: Power Pull (Heavy Back & Deadlifts)";"3778";"Seated Row (Cable)";"4";"25.0";"3";"8.2";"";"";"";"";"6.9";"6.0";"12"
"35";"2026-05-05 00:00:00";"Day 3: Power Pull (Heavy Back & Deadlifts)";"3778";"Reverse Fly (Cable)";"W";"35.0";"10";"";"";"";"";"";"6.9";"6.0";"12"
"35";"2026-05-05 00:00:00";"Day 3: Power Pull (Heavy Back & Deadlifts)";"3778";"Reverse Fly (Cable)";"1";"55.0";"10";"7.1";"";"";"";"";"6.9";"6.0";"12"
"35";"2026-05-05 00:00:00";"Day 3: Power Pull (Heavy Back & Deadlifts)";"3778";"Reverse Fly (Cable)";"Rest Timer";"";"";"";"";"112";"";"";"6.9";"6.0";"12"
"35";"2026-05-05 00:00:00";"Day 3: Power Pull (Heavy Back & Deadlifts)";"3778";"Reverse Fly (Cable)";"2";"55.0";"9";"7.5";"";"";"";"";"6.9";"6.0";"12"
"35";"2026-05-05 00:00:00";"Day 3: Power Pull (Heavy Back & Deadlifts)";"3778";"Reverse Fly (Cable)";"Rest Timer";"";"";"";"";"122";"";"";"6.9";"6.0";"12"
"35";"2026-05-05 00:00:00";"Day 3: Power Pull (Heavy Back & Deadlifts)";"3778";"Reverse Fly (Cable)";"3";"55.0";"6";"8.3";"";"";"";"";"6.9";"6.0";"12"
"35";"2026-05-05 00:00:00";"Day 3: Power Pull (Heavy Back & Deadlifts)";"3778";"Reverse Fly (Cable)";"Rest Timer";"";"";"";"";"110";"";"";"6.9";"6.0";"12"
"35";"2026-05-05 00:00:00";"Day 3: Power Pull (Heavy Back & Deadlifts)";"3778";"Reverse Fly (Cable)";"4";"55.0";"6";"8.6";"";"";"";"";"6.9";"6.0";"12"
"35";"2026-05-05 00:00:00";"Day 3: Power Pull (Heavy Back & Deadlifts)";"3778";"Bicep Curl (Machine)";"W";"20.0";"15";"";"";"";"";"";"6.9";"6.0";"12"
"35";"2026-05-05 00:00:00";"Day 3: Power Pull (Heavy Back & Deadlifts)";"3778";"Bicep Curl (Machine)";"1";"32.5";"8";"7.0";"";"";"";"";"6.9";"6.0";"12"
"35";"2026-05-05 00:00:00";"Day 3: Power Pull (Heavy Back & Deadlifts)";"3778";"Bicep Curl (Machine)";"Rest Timer";"";"";"";"";"168";"";"";"6.9";"6.0";"12"
"35";"2026-05-05 00:00:00";"Day 3: Power Pull (Heavy Back & Deadlifts)";"3778";"Bicep Curl (Machine)";"2";"35.0";"9";"7.5";"";"";"";"";"6.9";"6.0";"12"
"35";"2026-05-05 00:00:00";"Day 3: Power Pull (Heavy Back & Deadlifts)";"3778";"Bicep Curl (Machine)";"Rest Timer";"";"";"";"";"114";"";"";"6.9";"6.0";"12"
"35";"2026-05-05 00:00:00";"Day 3: Power Pull (Heavy Back & Deadlifts)";"3778";"Bicep Curl (Machine)";"3";"35.0";"10";"7.7";"";"";"";"";"6.9";"6.0";"12"
"35";"2026-05-05 00:00:00";"Day 3: Power Pull (Heavy Back & Deadlifts)";"3778";"Seated Calf Raise (Plate Loaded)";"W";"17.5";"10";"";"";"";"";"";"6.9";"6.0";"12"
"35";"2026-05-05 00:00:00";"Day 3: Power Pull (Heavy Back & Deadlifts)";"3778";"Seated Calf Raise (Plate Loaded)";"1";"30.0";"5";"7.0";"";"";"";"";"6.9";"6.0";"12"
"35";"2026-05-05 00:00:00";"Day 3: Power Pull (Heavy Back & Deadlifts)";"3778";"Seated Calf Raise (Plate Loaded)";"Rest Timer";"";"";"";"";"159";"";"";"6.9";"6.0";"12"
"35";"2026-05-05 00:00:00";"Day 3: Power Pull (Heavy Back & Deadlifts)";"3778";"Seated Calf Raise (Plate Loaded)";"2";"30.0";"6";"7.5";"";"";"";"";"6.9";"6.0";"12"
"35";"2026-05-05 00:00:00";"Day 3: Power Pull (Heavy Back & Deadlifts)";"3778";"Seated Calf Raise (Plate Loaded)";"Rest Timer";"";"";"";"";"175";"";"";"6.9";"6.0";"12"
"35";"2026-05-05 00:00:00";"Day 3: Power Pull (Heavy Back & Deadlifts)";"3778";"Seated Calf Raise (Plate Loaded)";"3";"30.0";"7";"7.7";"";"";"";"";"6.9";"6.0";"12"
"35";"2026-05-05 00:00:00";"Day 3: Power Pull (Heavy Back & Deadlifts)";"3778";"Seated Calf Raise (Plate Loaded)";"Rest Timer";"";"";"";"";"98";"";"";"6.9";"6.0";"12"
"35";"2026-05-05 00:00:00";"Day 3: Power Pull (Heavy Back & Deadlifts)";"3778";"Seated Calf Raise (Plate Loaded)";"4";"30.0";"1";"8.0";"";"";"";"";"6.9";"6.0";"12"
"35";"2026-05-05 00:00:00";"Day 3: Power Pull (Heavy Back & Deadlifts)";"3778";"Shrug (Dumbbell)";"W";"20.0";"11";"";"";"";"";"";"6.9";"6.0";"12"
"35";"2026-05-05 00:00:00";"Day 3: Power Pull (Heavy Back & Deadlifts)";"3778";"Shrug (Dumbbell)";"1";"32.5";"7";"7.1";"";"";"";"";"6.9";"6.0";"12"
"35";"2026-05-05 00:00:00";"Day 3: Power Pull (Heavy Back & Deadlifts)";"3778";"Shrug (Dumbbell)";"Rest Timer";"";"";"";"";"161";"";"";"6.9";"6.0";"12"
"35";"2026-05-05 00:00:00";"Day 3: Power Pull (Heavy Back & Deadlifts)";"3778";"Shrug (Dumbbell)";"2";"32.5";"7";"7.5";"";"";"";"";"6.9";"6.0";"12"
"35";"2026-05-05 00:00:00";"Day 3: Power Pull (Heavy Back & Deadlifts)";"3778";"Shrug (Dumbbell)";"Rest Timer";"";"";"";"";"119";"";"";"6.9";"6.0";"12"
"35";"2026-05-05 00:00:00";"Day 3: Power Pull (Heavy Back & Deadlifts)";"3778";"Shrug (Dumbbell)";"3";"32.5";"5";"8.1";"";"";"";"";"6.9";"6.0";"12"
"35";"2026-05-05 00:00:00";"Day 3: Power Pull (Heavy Back & Deadlifts)";"3778";"Back Cable Pull";"W";"32.5";"15";"";"";"";"";"";"6.9";"6.0";"12"
"35";"2026-05-05 00:00:00";"Day 3: Power Pull (Heavy Back & Deadlifts)";"3778";"Back Cable Pull";"1";"50.0";"7";"7.5";"";"";"";"";"6.9";"6.0";"12"
"35";"2026-05-05 00:00:00";"Day 3: Power Pull (Heavy Back & Deadlifts)";"3778";"Back Cable Pull";"Rest Timer";"";"";"";"";"154";"";"";"6.9";"6.0";"12"
"35";"2026-05-05 00:00:00";"Day 3: Power Pull (Heavy Back & Deadlifts)";"3778";"Back Cable Pull";"2";"52.5";"8";"7.9";"";"";"";"";"6.9";"6.0";"12"
"35";"2026-05-05 00:00:00";"Day 3: Power Pull (Heavy Back & Deadlifts)";"3778";"Back Cable Pull";"Rest Timer";"";"";"";"";"155";"";"";"6.9";"6.0";"12"
"35";"2026-05-05 00:00:00";"Day 3: Power Pull (Heavy Back & Deadlifts)";"3778";"Back Cable Pull";"3";"55.0";"6";"8.5";"";"";"";"";"6.9";"6.0";"12"
"35";"2026-05-05 00:00:00";"Day 3: Power Pull (Heavy Back & Deadlifts)";"3778";"Iso-Lateral Row (Machine)";"W";"25.0";"14";"";"";"";"";"";"6.9";"6.0";"12"
"35";"2026-05-05 00:00:00";"Day 3: Power Pull (Heavy Back & Deadlifts)";"3778";"Iso-Lateral Row (Machine)";"1";"42.5";"8";"6.9";"";"";"";"";"6.9";"6.0";"12"
"35";"2026-05-05 00:00:00";"Day 3: Power Pull (Heavy Back & Deadlifts)";"3778";"Iso-Lateral Row (Machine)";"Rest Timer";"";"";"";"";"180";"";"";"6.9";"6.0";"12"
"35";"2026-05-05 00:00:00";"Day 3: Power Pull (Heavy Back & Deadlifts)";"3778";"Iso-Lateral Row (Machine)";"2";"45.0";"8";"7.5";"";"";"";"";"6.9";"6.0";"12"
"35";"2026-05-05 00:00:00";"Day 3: Power Pull (Heavy Back & Deadlifts)";"3778";"Iso-Lateral Row (Machine)";"Rest Timer";"";"";"";"";"90";"";"";"6.9";"6.0";"12"
"35";"2026-05-05 00:00:00";"Day 3: Power Pull (Heavy Back & Deadlifts)";"3778";"Iso-Lateral Row (Machine)";"3";"47.5";"5";"7.6";"";"";"";"";"6.9";"6.0";"12"
"35";"2026-05-05 00:00:00";"Day 3: Power Pull (Heavy Back & Deadlifts)";"3778";"Iso-Lateral Row (Machine)";"Rest Timer";"";"";"";"";"145";"";"";"6.9";"6.0";"12"
"35";"2026-05-05 00:00:00";"Day 3: Power Pull (Heavy Back & Deadlifts)";"3778";"Iso-Lateral Row (Machine)";"4";"50.0";"3";"8.6";"";"";"";"";"6.9";"6.0";"12"
"35";"2026-05-05 00:00:00";"Day 3: Power Pull (Heavy Back & Deadlifts)";"3778";"Iso-Lateral Row (Machine)";"Rest Timer";"";"";"";"";"158";"";"";"6.9";"6.0";"12"
"35";"2026-05-05 00:00:00";"Day 3: Power Pull (Heavy Back & Deadlifts)";"3778";"Iso-Lateral Row (Machine)";"5";"52.5";"5";"9.3";"";"";"";"";"6.9";"6.0";"12"
"36";"2026-05-07 00:00:00";"Day 2: Power Legs (Awakening the Squat)";"3695";"Squat (Smith Machine)";"W";"37.5";"15";"";"";"";"";"";"6.6";"4.9";"13"
"36";"2026-05-07 00:00:00";"Day 2: Power Legs (Awakening the Squat)";"3695";"Squat (Smith Machine)";"1";"62.5";"9";"6.7";"";"";"";"";"6.6";"4.9";"13"
"36";"2026-05-07 00:00:00";"Day 2: Power Legs (Awakening the Squat)";"3695";"Squat (Smith Machine)";"Rest Timer";"";"";"";"";"95";"";"";"6.6";"4.9";"13"
"36";"2026-05-07 00:00:00";"Day 2: Power Legs (Awakening the Squat)";"3695";"Squat (Smith Machine)";"2";"65.0";"6";"7.0";"";"";"";"";"6.6";"4.9";"13"
"36";"2026-05-07 00:00:00";"Day 2: Power Legs (Awakening the Squat)";"3695";"Squat (Smith Machine)";"Rest Timer";"";"";"";"";"118";"";"";"6.6";"4.9";"13"
"36";"2026-05-07 00:00:00";"Day 2: Power Legs (Awakening the Squat)";"3695";"Squat (Smith Machine)";"3";"70.0";"4";"7.5";"";"";"";"";"6.6";"4.9";"13"
"36";"2026-05-07 00:00:00";"Day 2: Power Legs (Awakening the Squat)";"3695";"Squat (Smith Machine)";"Rest Timer";"";"";"";"";"135";"";"";"6.6";"4.9";"13"
"36";"2026-05-07 00:00:00";"Day 2: Power Legs (Awakening the Squat)";"3695";"Squat (Smith Machine)";"4";"72.5";"4";"7.7";"";"";"";"";"6.6";"4.9";"13"
"36";"2026-05-07 00:00:00";"Day 2: Power Legs (Awakening the Squat)";"3695";"Leg Press";"W";"72.5";"14";"";"";"";"";"";"6.6";"4.9";"13"
"36";"2026-05-07 00:00:00";"Day 2: Power Legs (Awakening the Squat)";"3695";"Leg Press";"1";"125.0";"7";"7.0";"";"";"";"";"6.6";"4.9";"13"
"36";"2026-05-07 00:00:00";"Day 2: Power Legs (Awakening the Squat)";"3695";"Leg Press";"Rest Timer";"";"";"";"";"116";"";"";"6.6";"4.9";"13"
"36";"2026-05-07 00:00:00";"Day 2: Power Legs (Awakening the Squat)";"3695";"Leg Press";"2";"125.0";"10";"7.3";"";"";"";"";"6.6";"4.9";"13"
"36";"2026-05-07 00:00:00";"Day 2: Power Legs (Awakening the Squat)";"3695";"Leg Press";"Rest Timer";"";"";"";"";"111";"";"";"6.6";"4.9";"13"
"36";"2026-05-07 00:00:00";"Day 2: Power Legs (Awakening the Squat)";"3695";"Leg Press";"3";"125.0";"5";"7.9";"";"";"";"";"6.6";"4.9";"13"
"36";"2026-05-07 00:00:00";"Day 2: Power Legs (Awakening the Squat)";"3695";"Leg Press";"Rest Timer";"";"";"";"";"132";"";"";"6.6";"4.9";"13"
"36";"2026-05-07 00:00:00";"Day 2: Power Legs (Awakening the Squat)";"3695";"Leg Press";"4";"125.0";"5";"8.0";"";"";"";"";"6.6";"4.9";"13"
"36";"2026-05-07 00:00:00";"Day 2: Power Legs (Awakening the Squat)";"3695";"Leg Press";"Rest Timer";"";"";"";"";"174";"";"";"6.6";"4.9";"13"
"36";"2026-05-07 00:00:00";"Day 2: Power Legs (Awakening the Squat)";"3695";"Leg Press";"5";"125.0";"3";"8.3";"";"";"";"";"6.6";"4.9";"13"
"36";"2026-05-07 00:00:00";"Day 2: Power Legs (Awakening the Squat)";"3695";"Lying Leg Curl (Machine)";"W";"17.5";"12";"";"";"";"";"";"6.6";"4.9";"13"
"36";"2026-05-07 00:00:00";"Day 2: Power Legs (Awakening the Squat)";"3695";"Lying Leg Curl (Machine)";"1";"30.0";"8";"7.0";"";"";"";"";"6.6";"4.9";"13"
"36";"2026-05-07 00:00:00";"Day 2: Power Legs (Awakening the Squat)";"3695";"Lying Leg Curl (Machine)";"Rest Timer";"";"";"";"";"167";"";"";"6.6";"4.9";"13"
"36";"2026-05-07 00:00:00";"Day 2: Power Legs (Awakening the Squat)";"3695";"Lying Leg Curl (Machine)";"2";"30.0";"10";"7.6";"";"";"";"";"6.6";"4.9";"13"
"36";"2026-05-07 00:00:00";"Day 2: Power Legs (Awakening the Squat)";"3695";"Lying Leg Curl (Machine)";"Rest Timer";"";"";"";"";"91";"";"";"6.6";"4.9";"13"
"36";"2026-05-07 00:00:00";"Day 2: Power Legs (Awakening the Squat)";"3695";"Lying Leg Curl (Machine)";"3";"30.0";"7";"8.1";"";"";"";"";"6.6";"4.9";"13"
"36";"2026-05-07 00:00:00";"Day 2: Power Legs (Awakening the Squat)";"3695";"Lying Leg Curl (Machine)";"Rest Timer";"";"";"";"";"180";"";"";"6.6";"4.9";"13"
"36";"2026-05-07 00:00:00";"Day 2: Power Legs (Awakening the Squat)";"3695";"Lying Leg Curl (Machine)";"4";"30.0";"8";"8.3";"";"";"";"";"6.6";"4.9";"13"
"36";"2026-05-07 00:00:00";"Day 2: Power Legs (Awakening the Squat)";"3695";"Standing Calf Raise (Bodyweight)";"W";"30.0";"15";"";"";"";"";"";"6.6";"4.9";"13"
"36";"2026-05-07 00:00:00";"Day 2: Power Legs (Awakening the Squat)";"3695";"Standing Calf Raise (Bodyweight)";"1";"50.0";"6";"6.9";"";"";"";"";"6.6";"4.9";"13"
"36";"2026-05-07 00:00:00";"Day 2: Power Legs (Awakening the Squat)";"3695";"Standing Calf Raise (Bodyweight)";"Rest Timer";"";"";"";"";"160";"";"";"6.6";"4.9";"13"
"36";"2026-05-07 00:00:00";"Day 2: Power Legs (Awakening the Squat)";"3695";"Standing Calf Raise (Bodyweight)";"2";"50.0";"6";"7.3";"";"";"";"";"6.6";"4.9";"13"
"36";"2026-05-07 00:00:00";"Day 2: Power Legs (Awakening the Squat)";"3695";"Standing Calf Raise (Bodyweight)";"Rest Timer";"";"";"";"";"146";"";"";"6.6";"4.9";"13"
"36";"2026-05-07 00:00:00";"Day 2: Power Legs (Awakening the Squat)";"3695";"Standing Calf Raise (Bodyweight)";"3";"50.0";"4";"7.8";"";"";"";"";"6.6";"4.9";"13"
"36";"2026-05-07 00:00:00";"Day 2: Power Legs (Awakening the Squat)";"3695";"Lateral Raise (Cable)";"W";"7.5";"15";"";"";"";"";"";"6.6";"4.9";"13"
"36";"2026-05-07 00:00:00";"Day 2: Power Legs (Awakening the Squat)";"3695";"Lateral Raise (Cable)";"1";"12.5";"7";"6.7";"";"";"";"";"6.6";"4.9";"13"
"36";"2026-05-07 00:00:00";"Day 2: Power Legs (Awakening the Squat)";"3695";"Lateral Raise (Cable)";"Rest Timer";"";"";"";"";"119";"";"";"6.6";"4.9";"13"
"36";"2026-05-07 00:00:00";"Day 2: Power Legs (Awakening the Squat)";"3695";"Lateral Raise (Cable)";"2";"12.5";"5";"7.0";"";"";"";"";"6.6";"4.9";"13"
"36";"2026-05-07 00:00:00";"Day 2: Power Legs (Awakening the Squat)";"3695";"Lateral Raise (Cable)";"Rest Timer";"";"";"";"";"115";"";"";"6.6";"4.9";"13"
"36";"2026-05-07 00:00:00";"Day 2: Power Legs (Awakening the Squat)";"3695";"Lateral Raise (Cable)";"3";"15.0";"6";"7.9";"";"";"";"";"6.6";"4.9";"13"
"36";"2026-05-07 00:00:00";"Day 2: Power Legs (Awakening the Squat)";"3695";"Squat (Barbell)";"W";"62.5";"12";"";"";"";"";"";"6.6";"4.9";"13"
"36";"2026-05-07 00:00:00";"Day 2: Power Legs (Awakening the Squat)";"3695";"Squat (Barbell)";"1";"102.5";"4";"7.3";"";"";"";"";"6.6";"4.9";"13"
"36";"2026-05-07 00:00:00";"Day 2: Power Legs (Awakening the Squat)";"3695";"Squat (Barbell)";"Rest Timer";"";"";"";"";"112";"";"";"6.6";"4.9";"13"
"36";"2026-05-07 00:00:00";"Day 2: Power Legs (Awakening the Squat)";"3695";"Squat (Barbell)";"2";"110.0";"2";"7.9";"";"";"";"";"6.6";"4.9";"13"
"36";"2026-05-07 00:00:00";"Day 2: Power Legs (Awakening the Squat)";"3695";"Squat (Barbell)";"Rest Timer";"";"";"";"";"128";"";"";"6.6";"4.9";"13"
"36";"2026-05-07 00:00:00";"Day 2: Power Legs (Awakening the Squat)";"3695";"Squat (Barbell)";"3";"112.5";"3";"8.4";"";"";"";"";"6.6";"4.9";"13"
"36";"2026-05-07 00:00:00";"Day 2: Power Legs (Awakening the Squat)";"3695";"Squat (Barbell)";"Rest Timer";"";"";"";"";"135";"";"";"6.6";"4.9";"13"
"36";"2026-05-07 00:00:00";"Day 2: Power Legs (Awakening the Squat)";"3695";"Squat (Barbell)";"4";"122.5";"3";"9.0";"";"";"";"";"6.6";"4.9";"13"
"36";"2026-05-07 00:00:00";"Day 2: Power Legs (Awakening the Squat)";"3695";"Squat (Barbell)";"Rest Timer";"";"";"";"";"180";"";"";"6.6";"4.9";"13"
"36";"2026-05-07 00:00:00";"Day 2: Power Legs (Awakening the Squat)";"3695";"Squat (Barbell)";"5";"127.5";"1";"8.9";"";"";"";"";"6.6";"4.9";"13"
"36";"2026-05-07 00:00:00";"Day 2: Power Legs (Awakening the Squat)";"3695";"One Leg Curl Plates Loaded";"W";"10.0";"13";"";"";"";"";"";"6.6";"4.9";"13"
"36";"2026-05-07 00:00:00";"Day 2: Power Legs (Awakening the Squat)";"3695";"One Leg Curl Plates Loaded";"1";"15.0";"6";"7.2";"";"";"";"";"6.6";"4.9";"13"
"36";"2026-05-07 00:00:00";"Day 2: Power Legs (Awakening the Squat)";"3695";"One Leg Curl Plates Loaded";"Rest Timer";"";"";"";"";"151";"";"";"6.6";"4.9";"13"
"36";"2026-05-07 00:00:00";"Day 2: Power Legs (Awakening the Squat)";"3695";"One Leg Curl Plates Loaded";"2";"15.0";"5";"7.8";"";"";"";"";"6.6";"4.9";"13"
"36";"2026-05-07 00:00:00";"Day 2: Power Legs (Awakening the Squat)";"3695";"One Leg Curl Plates Loaded";"Rest Timer";"";"";"";"";"154";"";"";"6.6";"4.9";"13"
"36";"2026-05-07 00:00:00";"Day 2: Power Legs (Awakening the Squat)";"3695";"One Leg Curl Plates Loaded";"3";"15.0";"5";"8.2";"";"";"";"";"6.6";"4.9";"13"
"36";"2026-05-07 00:00:00";"Day 2: Power Legs (Awakening the Squat)";"3695";"Triceps Extension (Cable)";"W";"25.0";"11";"";"";"";"";"";"6.6";"4.9";"13"
"36";"2026-05-07 00:00:00";"Day 2: Power Legs (Awakening the Squat)";"3695";"Triceps Extension (Cable)";"1";"45.0";"4";"7.1";"";"";"";"";"6.6";"4.9";"13"
"36";"2026-05-07 00:00:00";"Day 2: Power Legs (Awakening the Squat)";"3695";"Triceps Extension (Cable)";"Rest Timer";"";"";"";"";"164";"";"";"6.6";"4.9";"13"
"36";"2026-05-07 00:00:00";"Day 2: Power Legs (Awakening the Squat)";"3695";"Triceps Extension (Cable)";"2";"47.5";"2";"7.7";"";"";"";"";"6.6";"4.9";"13"
"36";"2026-05-07 00:00:00";"Day 2: Power Legs (Awakening the Squat)";"3695";"Triceps Extension (Cable)";"Rest Timer";"";"";"";"";"154";"";"";"6.6";"4.9";"13"
"36";"2026-05-07 00:00:00";"Day 2: Power Legs (Awakening the Squat)";"3695";"Triceps Extension (Cable)";"3";"50.0";"2";"8.1";"";"";"";"";"6.6";"4.9";"13"
"37";"2026-05-10 00:00:00";"Push";"4500";"Bench Press (Barbell)";"W";"60.0";"10";"";"";"";"";"";"6.6";"5.2";"14"
"37";"2026-05-10 00:00:00";"Push";"4500";"Bench Press (Barbell)";"1";"97.5";"6";"6.8";"";"";"";"";"6.6";"5.2";"14"
"37";"2026-05-10 00:00:00";"Push";"4500";"Bench Press (Barbell)";"Rest Timer";"";"";"";"";"113";"";"";"6.6";"5.2";"14"
"37";"2026-05-10 00:00:00";"Push";"4500";"Bench Press (Barbell)";"2";"102.5";"4";"7.2";"";"";"";"";"6.6";"5.2";"14"
"37";"2026-05-10 00:00:00";"Push";"4500";"Bench Press (Barbell)";"Rest Timer";"";"";"";"";"166";"";"";"6.6";"5.2";"14"
"37";"2026-05-10 00:00:00";"Push";"4500";"Bench Press (Barbell)";"3";"107.5";"5";"8.0";"";"";"";"";"6.6";"5.2";"14"
"37";"2026-05-10 00:00:00";"Push";"4500";"Bench Press (Barbell)";"Rest Timer";"";"";"";"";"124";"";"";"6.6";"5.2";"14"
"37";"2026-05-10 00:00:00";"Push";"4500";"Bench Press (Barbell)";"4";"112.5";"4";"8.2";"";"";"";"";"6.6";"5.2";"14"
"37";"2026-05-10 00:00:00";"Push";"4500";"Bench Press (Barbell)";"Rest Timer";"";"";"";"";"123";"";"";"6.6";"5.2";"14"
"37";"2026-05-10 00:00:00";"Push";"4500";"Bench Press (Barbell)";"5";"117.5";"5";"9.1";"";"";"";"";"6.6";"5.2";"14"
"37";"2026-05-10 00:00:00";"Push";"4500";"Seated Overhead Press (Dumbbell)";"W";"22.5";"13";"";"";"";"";"";"6.6";"5.2";"14"
"37";"2026-05-10 00:00:00";"Push";"4500";"Seated Overhead Press (Dumbbell)";"1";"37.5";"3";"7.2";"";"";"";"";"6.6";"5.2";"14"
"37";"2026-05-10 00:00:00";"Push";"4500";"Seated Overhead Press (Dumbbell)";"Rest Timer";"";"";"";"";"171";"";"";"6.6";"5.2";"14"
"37";"2026-05-10 00:00:00";"Push";"4500";"Seated Overhead Press (Dumbbell)";"2";"37.5";"5";"7.7";"";"";"";"";"6.6";"5.2";"14"
"37";"2026-05-10 00:00:00";"Push";"4500";"Seated Overhead Press (Dumbbell)";"Rest Timer";"";"";"";"";"96";"";"";"6.6";"5.2";"14"
"37";"2026-05-10 00:00:00";"Push";"4500";"Seated Overhead Press (Dumbbell)";"3";"37.5";"4";"8.1";"";"";"";"";"6.6";"5.2";"14"
"37";"2026-05-10 00:00:00";"Push";"4500";"Seated Overhead Press (Dumbbell)";"Rest Timer";"";"";"";"";"120";"";"";"6.6";"5.2";"14"
"37";"2026-05-10 00:00:00";"Push";"4500";"Seated Overhead Press (Dumbbell)";"4";"37.5";"3";"8.3";"";"";"";"";"6.6";"5.2";"14"
"37";"2026-05-10 00:00:00";"Push";"4500";"Incline Chest Press (Machine)";"W";"35.0";"10";"";"";"";"";"";"6.6";"5.2";"14"
"37";"2026-05-10 00:00:00";"Push";"4500";"Incline Chest Press (Machine)";"1";"57.5";"6";"7.5";"";"";"";"";"6.6";"5.2";"14"
"37";"2026-05-10 00:00:00";"Push";"4500";"Incline Chest Press (Machine)";"Rest Timer";"";"";"";"";"120";"";"";"6.6";"5.2";"14"
"37";"2026-05-10 00:00:00";"Push";"4500";"Incline Chest Press (Machine)";"2";"57.5";"6";"8.0";"";"";"";"";"6.6";"5.2";"14"
"37";"2026-05-10 00:00:00";"Push";"4500";"Incline Chest Press (Machine)";"Rest Timer";"";"";"";"";"164";"";"";"6.6";"5.2";"14"
"37";"2026-05-10 00:00:00";"Push";"4500";"Incline Chest Press (Machine)";"3";"57.5";"8";"8.4";"";"";"";"";"6.6";"5.2";"14"
"37";"2026-05-10 00:00:00";"Push";"4500";"Incline Chest Press (Machine)";"Rest Timer";"";"";"";"";"90";"";"";"6.6";"5.2";"14"
"37";"2026-05-10 00:00:00";"Push";"4500";"Incline Chest Press (Machine)";"4";"57.5";"2";"9.1";"";"";"";"";"6.6";"5.2";"14"
"37";"2026-05-10 00:00:00";"Push";"4500";"Incline Chest Press (Machine)";"Rest Timer";"";"";"";"";"168";"";"";"6.6";"5.2";"14"
"37";"2026-05-10 00:00:00";"Push";"4500";"Incline Chest Press (Machine)";"5";"57.5";"2";"9.4";"";"";"";"";"6.6";"5.2";"14"
"37";"2026-05-10 00:00:00";"Push";"4500";"Lateral Raise (Cable)";"W";"7.5";"12";"";"";"";"";"";"6.6";"5.2";"14"
"37";"2026-05-10 00:00:00";"Push";"4500";"Lateral Raise (Cable)";"1";"12.5";"7";"6.9";"";"";"";"";"6.6";"5.2";"14"
"37";"2026-05-10 00:00:00";"Push";"4500";"Lateral Raise (Cable)";"Rest Timer";"";"";"";"";"138";"";"";"6.6";"5.2";"14"
"37";"2026-05-10 00:00:00";"Push";"4500";"Lateral Raise (Cable)";"2";"12.5";"1";"7.3";"";"";"";"";"6.6";"5.2";"14"
"37";"2026-05-10 00:00:00";"Push";"4500";"Lateral Raise (Cable)";"Rest Timer";"";"";"";"";"173";"";"";"6.6";"5.2";"14"
"37";"2026-05-10 00:00:00";"Push";"4500";"Lateral Raise (Cable)";"3";"12.5";"6";"8.1";"";"";"";"";"6.6";"5.2";"14"
"37";"2026-05-10 00:00:00";"Push";"4500";"Lateral Raise (Cable)";"Rest Timer";"";"";"";"";"146";"";"";"6.6";"5.2";"14"
"37";"2026-05-10 00:00:00";"Push";"4500";"Lateral Raise (Cable)";"4";"12.5";"1";"8.0";"";"";"";"";"6.6";"5.2";"14"
"37";"2026-05-10 00:00:00";"Push";"4500";"Skullcrusher (Dumbbell)";"W";"7.5";"13";"";"";"";"";"";"6.6";"5.2";"14"
"37";"2026-05-10 00:00:00";"Push";"4500";"Skullcrusher (Dumbbell)";"1";"12.5";"12";"7.0";"";"";"";"";"6.6";"5.2";"14"
"37";"2026-05-10 00:00:00";"Push";"4500";"Skullcrusher (Dumbbell)";"Rest Timer";"";"";"";"";"171";"";"";"6.6";"5.2";"14"
"37";"2026-05-10 00:00:00";"Push";"4500";"Skullcrusher (Dumbbell)";"2";"12.5";"12";"7.4";"";"";"";"";"6.6";"5.2";"14"
"37";"2026-05-10 00:00:00";"Push";"4500";"Skullcrusher (Dumbbell)";"Rest Timer";"";"";"";"";"165";"";"";"6.6";"5.2";"14"
"37";"2026-05-10 00:00:00";"Push";"4500";"Skullcrusher (Dumbbell)";"3";"13.799999999999999";"8";"7.7";"";"";"";"";"6.6";"5.2";"14"
"37";"2026-05-10 00:00:00";"Push";"4500";"Triceps Extension";"W";"20.0";"14";"";"";"";"";"";"6.6";"5.2";"14"
"37";"2026-05-10 00:00:00";"Push";"4500";"Triceps Extension";"1";"32.5";"8";"6.7";"";"";"";"";"6.6";"5.2";"14"
"37";"2026-05-10 00:00:00";"Push";"4500";"Triceps Extension";"Rest Timer";"";"";"";"";"122";"";"";"6.6";"5.2";"14"
"37";"2026-05-10 00:00:00";"Push";"4500";"Triceps Extension";"2";"32.5";"6";"7.1";"";"";"";"";"6.6";"5.2";"14"
"37";"2026-05-10 00:00:00";"Push";"4500";"Triceps Extension";"Rest Timer";"";"";"";"";"158";"";"";"6.6";"5.2";"14"
"37";"2026-05-10 00:00:00";"Push";"4500";"Triceps Extension";"3";"32.5";"4";"7.8";"";"";"";"";"6.6";"5.2";"14"
"37";"2026-05-10 00:00:00";"Push";"4500";"Triceps Extension";"Rest Timer";"";"";"";"";"168";"";"";"6.6";"5.2";"14"
"37";"2026-05-10 00:00:00";"Push";"4500";"Triceps Extension";"4";"32.5";"5";"8.2";"";"";"";"";"6.6";"5.2";"14"
"37";"2026-05-10 00:00:00";"Push";"4500";"Lateral Raise (Cable)";"W";"7.5";"15";"";"";"";"";"";"6.6";"5.2";"14"
"37";"2026-05-10 00:00:00";"Push";"4500";"Lateral Raise (Cable)";"1";"12.5";"12";"6.8";"";"";"";"";"6.6";"5.2";"14"
"37";"2026-05-10 00:00:00";"Push";"4500";"Lateral Raise (Cable)";"Rest Timer";"";"";"";"";"156";"";"";"6.6";"5.2";"14"
"37";"2026-05-10 00:00:00";"Push";"4500";"Lateral Raise (Cable)";"2";"12.5";"9";"7.2";"";"";"";"";"6.6";"5.2";"14"
"37";"2026-05-10 00:00:00";"Push";"4500";"Lateral Raise (Cable)";"Rest Timer";"";"";"";"";"168";"";"";"6.6";"5.2";"14"
"37";"2026-05-10 00:00:00";"Push";"4500";"Lateral Raise (Cable)";"3";"12.5";"8";"7.4";"";"";"";"";"6.6";"5.2";"14"
"37";"2026-05-10 00:00:00";"Push";"4500";"Skullcrusher (Barbell)";"W";"12.5";"15";"";"";"";"";"";"6.6";"5.2";"14"
"37";"2026-05-10 00:00:00";"Push";"4500";"Skullcrusher (Barbell)";"1";"20.0";"10";"6.6";"";"";"";"";"6.6";"5.2";"14"
"37";"2026-05-10 00:00:00";"Push";"4500";"Skullcrusher (Barbell)";"Rest Timer";"";"";"";"";"178";"";"";"6.6";"5.2";"14"
"37";"2026-05-10 00:00:00";"Push";"4500";"Skullcrusher (Barbell)";"2";"22.5";"9";"7.1";"";"";"";"";"6.6";"5.2";"14"
"37";"2026-05-10 00:00:00";"Push";"4500";"Skullcrusher (Barbell)";"Rest Timer";"";"";"";"";"112";"";"";"6.6";"5.2";"14"
"37";"2026-05-10 00:00:00";"Push";"4500";"Skullcrusher (Barbell)";"3";"22.5";"8";"7.3";"";"";"";"";"6.6";"5.2";"14"
"38";"2026-05-12 00:00:00";"Pull";"3513";"Lat Pulldown (Cable)";"W";"30.0";"14";"";"";"";"";"";"7.2";"5.4";"15"
"38";"2026-05-12 00:00:00";"Pull";"3513";"Lat Pulldown (Cable)";"1";"55.0";"8";"7.5";"";"";"";"";"7.2";"5.4";"15"
"38";"2026-05-12 00:00:00";"Pull";"3513";"Lat Pulldown (Cable)";"Rest Timer";"";"";"";"";"154";"";"";"7.2";"5.4";"15"
"38";"2026-05-12 00:00:00";"Pull";"3513";"Lat Pulldown (Cable)";"2";"55.0";"8";"7.9";"";"";"";"";"7.2";"5.4";"15"
"38";"2026-05-12 00:00:00";"Pull";"3513";"Lat Pulldown (Cable)";"Rest Timer";"";"";"";"";"124";"";"";"7.2";"5.4";"15"
"38";"2026-05-12 00:00:00";"Pull";"3513";"Lat Pulldown (Cable)";"3";"55.0";"8";"8.5";"";"";"";"";"7.2";"5.4";"15"
"38";"2026-05-12 00:00:00";"Pull";"3513";"Lat Pulldown (Cable)";"Rest Timer";"";"";"";"";"103";"";"";"7.2";"5.4";"15"
"38";"2026-05-12 00:00:00";"Pull";"3513";"Lat Pulldown (Cable)";"4";"55.0";"5";"8.9";"";"";"";"";"7.2";"5.4";"15"
"38";"2026-05-12 00:00:00";"Pull";"3513";"Seated Row (Machine)";"W";"42.5";"13";"";"";"";"";"";"7.2";"5.4";"15"
"38";"2026-05-12 00:00:00";"Pull";"3513";"Seated Row (Machine)";"1";"65.0";"10";"7.3";"";"";"";"";"7.2";"5.4";"15"
"38";"2026-05-12 00:00:00";"Pull";"3513";"Seated Row (Machine)";"Rest Timer";"";"";"";"";"177";"";"";"7.2";"5.4";"15"
"38";"2026-05-12 00:00:00";"Pull";"3513";"Seated Row (Machine)";"2";"65.0";"11";"7.9";"";"";"";"";"7.2";"5.4";"15"
"38";"2026-05-12 00:00:00";"Pull";"3513";"Seated Row (Machine)";"Rest Timer";"";"";"";"";"130";"";"";"7.2";"5.4";"15"
"38";"2026-05-12 00:00:00";"Pull";"3513";"Seated Row (Machine)";"3";"65.0";"9";"8.2";"";"";"";"";"7.2";"5.4";"15"
"38";"2026-05-12 00:00:00";"Pull";"3513";"Seated Row (Machine)";"Rest Timer";"";"";"";"";"174";"";"";"7.2";"5.4";"15"
"38";"2026-05-12 00:00:00";"Pull";"3513";"Seated Row (Machine)";"4";"65.0";"7";"8.2";"";"";"";"";"7.2";"5.4";"15"
"38";"2026-05-12 00:00:00";"Pull";"3513";"Face Pull (Cable)";"W";"25.0";"10";"";"";"";"";"";"7.2";"5.4";"15"
"38";"2026-05-12 00:00:00";"Pull";"3513";"Face Pull (Cable)";"1";"42.5";"10";"7.0";"";"";"";"";"7.2";"5.4";"15"
"38";"2026-05-12 00:00:00";"Pull";"3513";"Face Pull (Cable)";"Rest Timer";"";"";"";"";"122";"";"";"7.2";"5.4";"15"
"38";"2026-05-12 00:00:00";"Pull";"3513";"Face Pull (Cable)";"2";"42.5";"10";"7.4";"";"";"";"";"7.2";"5.4";"15"
"38";"2026-05-12 00:00:00";"Pull";"3513";"Face Pull (Cable)";"Rest Timer";"";"";"";"";"129";"";"";"7.2";"5.4";"15"
"38";"2026-05-12 00:00:00";"Pull";"3513";"Face Pull (Cable)";"3";"42.5";"10";"7.8";"";"";"";"";"7.2";"5.4";"15"
"38";"2026-05-12 00:00:00";"Pull";"3513";"Face Pull (Cable)";"Rest Timer";"";"";"";"";"141";"";"";"7.2";"5.4";"15"
"38";"2026-05-12 00:00:00";"Pull";"3513";"Face Pull (Cable)";"4";"42.5";"5";"8.7";"";"";"";"";"7.2";"5.4";"15"
"38";"2026-05-12 00:00:00";"Pull";"3513";"Bicep Curl (Machine)";"W";"17.5";"15";"";"";"";"";"";"7.2";"5.4";"15"
"38";"2026-05-12 00:00:00";"Pull";"3513";"Bicep Curl (Machine)";"1";"32.5";"5";"7.2";"";"";"";"";"7.2";"5.4";"15"
"38";"2026-05-12 00:00:00";"Pull";"3513";"Bicep Curl (Machine)";"Rest Timer";"";"";"";"";"176";"";"";"7.2";"5.4";"15"
"38";"2026-05-12 00:00:00";"Pull";"3513";"Bicep Curl (Machine)";"2";"35.0";"5";"7.5";"";"";"";"";"7.2";"5.4";"15"
"38";"2026-05-12 00:00:00";"Pull";"3513";"Bicep Curl (Machine)";"Rest Timer";"";"";"";"";"125";"";"";"7.2";"5.4";"15"
"38";"2026-05-12 00:00:00";"Pull";"3513";"Bicep Curl (Machine)";"3";"37.5";"3";"8.2";"";"";"";"";"7.2";"5.4";"15"
"38";"2026-05-12 00:00:00";"Pull";"3513";"Bicep Curl (Dumbbell)";"W";"12.5";"12";"";"";"";"";"";"7.2";"5.4";"15"
"38";"2026-05-12 00:00:00";"Pull";"3513";"Bicep Curl (Dumbbell)";"1";"17.5";"11";"6.6";"";"";"";"";"7.2";"5.4";"15"
"38";"2026-05-12 00:00:00";"Pull";"3513";"Bicep Curl (Dumbbell)";"Rest Timer";"";"";"";"";"170";"";"";"7.2";"5.4";"15"
"38";"2026-05-12 00:00:00";"Pull";"3513";"Bicep Curl (Dumbbell)";"2";"17.5";"9";"7.1";"";"";"";"";"7.2";"5.4";"15"
"38";"2026-05-12 00:00:00";"Pull";"3513";"Bicep Curl (Dumbbell)";"Rest Timer";"";"";"";"";"108";"";"";"7.2";"5.4";"15"
"38";"2026-05-12 00:00:00";"Pull";"3513";"Bicep Curl (Dumbbell)";"3";"17.5";"5";"7.6";"";"";"";"";"7.2";"5.4";"15"
"38";"2026-05-12 00:00:00";"Pull";"3513";"Bicep Curl (Dumbbell)";"Rest Timer";"";"";"";"";"119";"";"";"7.2";"5.4";"15"
"38";"2026-05-12 00:00:00";"Pull";"3513";"Bicep Curl (Dumbbell)";"4";"17.5";"4";"7.7";"";"";"";"";"7.2";"5.4";"15"
"38";"2026-05-12 00:00:00";"Pull";"3513";"Inverted Row (Bodyweight)";"W";"35.0";"15";"";"";"";"";"";"7.2";"5.4";"15"
"38";"2026-05-12 00:00:00";"Pull";"3513";"Inverted Row (Bodyweight)";"1";"55.0";"7";"7.3";"";"";"";"";"7.2";"5.4";"15"
"38";"2026-05-12 00:00:00";"Pull";"3513";"Inverted Row (Bodyweight)";"Rest Timer";"";"";"";"";"95";"";"";"7.2";"5.4";"15"
"38";"2026-05-12 00:00:00";"Pull";"3513";"Inverted Row (Bodyweight)";"2";"57.5";"7";"7.8";"";"";"";"";"7.2";"5.4";"15"
"38";"2026-05-12 00:00:00";"Pull";"3513";"Inverted Row (Bodyweight)";"Rest Timer";"";"";"";"";"131";"";"";"7.2";"5.4";"15"
"38";"2026-05-12 00:00:00";"Pull";"3513";"Inverted Row (Bodyweight)";"3";"60.0";"4";"8.4";"";"";"";"";"7.2";"5.4";"15"
"38";"2026-05-12 00:00:00";"Pull";"3513";"Inverted Row (Bodyweight)";"Rest Timer";"";"";"";"";"159";"";"";"7.2";"5.4";"15"
"38";"2026-05-12 00:00:00";"Pull";"3513";"Inverted Row (Bodyweight)";"4";"65.0";"3";"9.0";"";"";"";"";"7.2";"5.4";"15"
"38";"2026-05-12 00:00:00";"Pull";"3513";"T Bar Row";"W";"17.5";"12";"";"";"";"";"";"7.2";"5.4";"15"
"38";"2026-05-12 00:00:00";"Pull";"3513";"T Bar Row";"1";"27.5";"14";"7.1";"";"";"";"";"7.2";"5.4";"15"
"38";"2026-05-12 00:00:00";"Pull";"3513";"T Bar Row";"Rest Timer";"";"";"";"";"103";"";"";"7.2";"5.4";"15"
"38";"2026-05-12 00:00:00";"Pull";"3513";"T Bar Row";"2";"27.5";"10";"7.7";"";"";"";"";"7.2";"5.4";"15"
"38";"2026-05-12 00:00:00";"Pull";"3513";"T Bar Row";"Rest Timer";"";"";"";"";"114";"";"";"7.2";"5.4";"15"
"38";"2026-05-12 00:00:00";"Pull";"3513";"T Bar Row";"3";"27.5";"11";"8.2";"";"";"";"";"7.2";"5.4";"15"
"38";"2026-05-12 00:00:00";"Pull";"3513";"T Bar Row";"Rest Timer";"";"";"";"";"129";"";"";"7.2";"5.4";"15"
"38";"2026-05-12 00:00:00";"Pull";"3513";"T Bar Row";"4";"27.5";"9";"8.9";"";"";"";"";"7.2";"5.4";"15"
"38";"2026-05-12 00:00:00";"Pull";"3513";"T Bar Row";"Rest Timer";"";"";"";"";"158";"";"";"7.2";"5.4";"15"
"38";"2026-05-12 00:00:00";"Pull";"3513";"T Bar Row";"5";"27.5";"9";"9.2";"";"";"";"";"7.2";"5.4";"15"
"38";"2026-05-12 00:00:00";"Pull";"3513";"Reverse Fly (Cable)";"W";"32.5";"10";"";"";"";"";"";"7.2";"5.4";"15"
"38";"2026-05-12 00:00:00";"Pull";"3513";"Reverse Fly (Cable)";"1";"55.0";"8";"6.8";"";"";"";"";"7.2";"5.4";"15"
"38";"2026-05-12 00:00:00";"Pull";"3513";"Reverse Fly (Cable)";"Rest Timer";"";"";"";"";"125";"";"";"7.2";"5.4";"15"
"38";"2026-05-12 00:00:00";"Pull";"3513";"Reverse Fly (Cable)";"2";"55.0";"8";"7.2";"";"";"";"";"7.2";"5.4";"15"
"38";"2026-05-12 00:00:00";"Pull";"3513";"Reverse Fly (Cable)";"Rest Timer";"";"";"";"";"177";"";"";"7.2";"5.4";"15"
"38";"2026-05-12 00:00:00";"Pull";"3513";"Reverse Fly (Cable)";"3";"55.0";"6";"7.4";"";"";"";"";"7.2";"5.4";"15"
"38";"2026-05-12 00:00:00";"Pull";"3513";"Reverse Fly (Cable)";"Rest Timer";"";"";"";"";"104";"";"";"7.2";"5.4";"15"
"38";"2026-05-12 00:00:00";"Pull";"3513";"Reverse Fly (Cable)";"4";"55.0";"6";"8.2";"";"";"";"";"7.2";"5.4";"15"
"39";"2026-05-15 00:00:00";"Upper";"4615";"Bench Press (Barbell)";"W";"57.5";"10";"";"";"";"";"";"7.1";"4.5";"16"
"39";"2026-05-15 00:00:00";"Upper";"4615";"Bench Press (Barbell)";"1";"92.5";"9";"7.4";"";"";"";"";"7.1";"4.5";"16"
"39";"2026-05-15 00:00:00";"Upper";"4615";"Bench Press (Barbell)";"Rest Timer";"";"";"";"";"119";"";"";"7.1";"4.5";"16"
"39";"2026-05-15 00:00:00";"Upper";"4615";"Bench Press (Barbell)";"2";"97.5";"10";"7.9";"";"";"";"";"7.1";"4.5";"16"
"39";"2026-05-15 00:00:00";"Upper";"4615";"Bench Press (Barbell)";"Rest Timer";"";"";"";"";"167";"";"";"7.1";"4.5";"16"
"39";"2026-05-15 00:00:00";"Upper";"4615";"Bench Press (Barbell)";"3";"102.5";"5";"8.5";"";"";"";"";"7.1";"4.5";"16"
"39";"2026-05-15 00:00:00";"Upper";"4615";"Bench Press (Barbell)";"Rest Timer";"";"";"";"";"107";"";"";"7.1";"4.5";"16"
"39";"2026-05-15 00:00:00";"Upper";"4615";"Bench Press (Barbell)";"4";"110.0";"5";"9.1";"";"";"";"";"7.1";"4.5";"16"
"39";"2026-05-15 00:00:00";"Upper";"4615";"Lat Pulldown (Cable)";"W";"32.5";"12";"";"";"";"";"";"7.1";"4.5";"16"
"39";"2026-05-15 00:00:00";"Upper";"4615";"Lat Pulldown (Cable)";"1";"57.5";"8";"7.0";"";"";"";"";"7.1";"4.5";"16"
"39";"2026-05-15 00:00:00";"Upper";"4615";"Lat Pulldown (Cable)";"Rest Timer";"";"";"";"";"166";"";"";"7.1";"4.5";"16"
"39";"2026-05-15 00:00:00";"Upper";"4615";"Lat Pulldown (Cable)";"2";"57.5";"10";"7.5";"";"";"";"";"7.1";"4.5";"16"
"39";"2026-05-15 00:00:00";"Upper";"4615";"Lat Pulldown (Cable)";"Rest Timer";"";"";"";"";"153";"";"";"7.1";"4.5";"16"
"39";"2026-05-15 00:00:00";"Upper";"4615";"Lat Pulldown (Cable)";"3";"57.5";"7";"7.7";"";"";"";"";"7.1";"4.5";"16"
"39";"2026-05-15 00:00:00";"Upper";"4615";"Bent Over Row (Dumbbell)";"W";"20.0";"15";"";"";"";"";"";"7.1";"4.5";"16"
"39";"2026-05-15 00:00:00";"Upper";"4615";"Bent Over Row (Dumbbell)";"1";"30.0";"9";"7.5";"";"";"";"";"7.1";"4.5";"16"
"39";"2026-05-15 00:00:00";"Upper";"4615";"Bent Over Row (Dumbbell)";"Rest Timer";"";"";"";"";"145";"";"";"7.1";"4.5";"16"
"39";"2026-05-15 00:00:00";"Upper";"4615";"Bent Over Row (Dumbbell)";"2";"30.0";"7";"7.9";"";"";"";"";"7.1";"4.5";"16"
"39";"2026-05-15 00:00:00";"Upper";"4615";"Bent Over Row (Dumbbell)";"Rest Timer";"";"";"";"";"125";"";"";"7.1";"4.5";"16"
"39";"2026-05-15 00:00:00";"Upper";"4615";"Bent Over Row (Dumbbell)";"3";"30.0";"7";"8.1";"";"";"";"";"7.1";"4.5";"16"
"39";"2026-05-15 00:00:00";"Upper";"4615";"Bent Over Row (Dumbbell)";"Rest Timer";"";"";"";"";"132";"";"";"7.1";"4.5";"16"
"39";"2026-05-15 00:00:00";"Upper";"4615";"Bent Over Row (Dumbbell)";"4";"30.0";"3";"8.4";"";"";"";"";"7.1";"4.5";"16"
"39";"2026-05-15 00:00:00";"Upper";"4615";"Bent Over Row (Dumbbell)";"Rest Timer";"";"";"";"";"134";"";"";"7.1";"4.5";"16"
"39";"2026-05-15 00:00:00";"Upper";"4615";"Bent Over Row (Dumbbell)";"5";"30.0";"6";"9.1";"";"";"";"";"7.1";"4.5";"16"
"39";"2026-05-15 00:00:00";"Upper";"4615";"Bench Skullcrucher";"W";"20.0";"14";"";"";"";"";"";"7.1";"4.5";"16"
"39";"2026-05-15 00:00:00";"Upper";"4615";"Bench Skullcrucher";"1";"32.5";"5";"7.5";"";"";"";"";"7.1";"4.5";"16"
"39";"2026-05-15 00:00:00";"Upper";"4615";"Bench Skullcrucher";"Rest Timer";"";"";"";"";"107";"";"";"7.1";"4.5";"16"
"39";"2026-05-15 00:00:00";"Upper";"4615";"Bench Skullcrucher";"2";"35.0";"4";"7.8";"";"";"";"";"7.1";"4.5";"16"
"39";"2026-05-15 00:00:00";"Upper";"4615";"Bench Skullcrucher";"Rest Timer";"";"";"";"";"127";"";"";"7.1";"4.5";"16"
"39";"2026-05-15 00:00:00";"Upper";"4615";"Bench Skullcrucher";"3";"35.0";"5";"8.4";"";"";"";"";"7.1";"4.5";"16"
"39";"2026-05-15 00:00:00";"Upper";"4615";"Bench Skullcrucher";"Rest Timer";"";"";"";"";"172";"";"";"7.1";"4.5";"16"
"39";"2026-05-15 00:00:00";"Upper";"4615";"Bench Skullcrucher";"4";"37.5";"3";"8.9";"";"";"";"";"7.1";"4.5";"16"
"39";"2026-05-15 00:00:00";"Upper";"4615";"Bicep Curl (Machine)";"W";"20.0";"14";"";"";"";"";"";"7.1";"4.5";"16"
"39";"2026-05-15 00:00:00";"Upper";"4615";"Bicep Curl (Machine)";"1";"30.0";"9";"7.3";"";"";"";"";"7.1";"4.5";"16"
"39";"2026-05-15 00:00:00";"Upper";"4615";"Bicep Curl (Machine)";"Rest Timer";"";"";"";"";"159";"";"";"7.1";"4.5";"16"
"39";"2026-05-15 00:00:00";"Upper";"4615";"Bicep Curl (Machine)";"2";"32.5";"6";"7.6";"";"";"";"";"7.1";"4.5";"16"
"39";"2026-05-15 00:00:00";"Upper";"4615";"Bicep Curl (Machine)";"Rest Timer";"";"";"";"";"102";"";"";"7.1";"4.5";"16"
"39";"2026-05-15 00:00:00";"Upper";"4615";"Bicep Curl (Machine)";"3";"32.5";"4";"8.5";"";"";"";"";"7.1";"4.5";"16"
"39";"2026-05-15 00:00:00";"Upper";"4615";"Lateral Raise (Dumbbell)";"W";"7.5";"12";"";"";"";"";"";"7.1";"4.5";"16"
"39";"2026-05-15 00:00:00";"Upper";"4615";"Lateral Raise (Dumbbell)";"1";"15.0";"12";"7.0";"";"";"";"";"7.1";"4.5";"16"
"39";"2026-05-15 00:00:00";"Upper";"4615";"Lateral Raise (Dumbbell)";"Rest Timer";"";"";"";"";"168";"";"";"7.1";"4.5";"16"
"39";"2026-05-15 00:00:00";"Upper";"4615";"Lateral Raise (Dumbbell)";"2";"15.0";"9";"7.4";"";"";"";"";"7.1";"4.5";"16"
"39";"2026-05-15 00:00:00";"Upper";"4615";"Lateral Raise (Dumbbell)";"Rest Timer";"";"";"";"";"178";"";"";"7.1";"4.5";"16"
"39";"2026-05-15 00:00:00";"Upper";"4615";"Lateral Raise (Dumbbell)";"3";"15.0";"11";"8.1";"";"";"";"";"7.1";"4.5";"16"
"39";"2026-05-15 00:00:00";"Upper";"4615";"Leg Press";"W";"82.5";"15";"";"";"";"";"";"7.1";"4.5";"16"
"39";"2026-05-15 00:00:00";"Upper";"4615";"Leg Press";"1";"135.0";"8";"6.6";"";"";"";"";"7.1";"4.5";"16"
"39";"2026-05-15 00:00:00";"Upper";"4615";"Leg Press";"Rest Timer";"";"";"";"";"143";"";"";"7.1";"4.5";"16"
"39";"2026-05-15 00:00:00";"Upper";"4615";"Leg Press";"2";"135.0";"7";"7.1";"";"";"";"";"7.1";"4.5";"16"
"39";"2026-05-15 00:00:00";"Upper";"4615";"Leg Press";"Rest Timer";"";"";"";"";"140";"";"";"7.1";"4.5";"16"
"39";"2026-05-15 00:00:00";"Upper";"4615";"Leg Press";"3";"135.0";"6";"7.5";"";"";"";"";"7.1";"4.5";"16"
"39";"2026-05-15 00:00:00";"Upper";"4615";"Leg Press";"Rest Timer";"";"";"";"";"145";"";"";"7.1";"4.5";"16"
"39";"2026-05-15 00:00:00";"Upper";"4615";"Leg Press";"4";"135.0";"5";"8.0";"";"";"";"";"7.1";"4.5";"16"
"39";"2026-05-15 00:00:00";"Upper";"4615";"Leg Press";"Rest Timer";"";"";"";"";"141";"";"";"7.1";"4.5";"16"
"39";"2026-05-15 00:00:00";"Upper";"4615";"Leg Press";"5";"135.0";"5";"8.8";"";"";"";"";"7.1";"4.5";"16"
"40";"2026-05-17 00:00:00";"Evening Workout";"1104";"Aerobics";"W";"30.0";"13";"";"";"";"";"";"7.4";"6.2";"17"
"40";"2026-05-17 00:00:00";"Evening Workout";"1104";"Aerobics";"1";"52.5";"6";"7.5";"";"";"";"";"7.4";"6.2";"17"
"40";"2026-05-17 00:00:00";"Evening Workout";"1104";"Aerobics";"Rest Timer";"";"";"";"";"150";"";"";"7.4";"6.2";"17"
"40";"2026-05-17 00:00:00";"Evening Workout";"1104";"Aerobics";"2";"55.0";"4";"7.9";"";"";"";"";"7.4";"6.2";"17"
"40";"2026-05-17 00:00:00";"Evening Workout";"1104";"Aerobics";"Rest Timer";"";"";"";"";"139";"";"";"7.4";"6.2";"17"
"40";"2026-05-17 00:00:00";"Evening Workout";"1104";"Aerobics";"3";"57.5";"4";"8.2";"";"";"";"";"7.4";"6.2";"17"
"41";"2026-05-20 00:00:00";"Day 1: Power Push (Heavy Chest & Shoulders)";"4017";"Bench Press (Barbell)";"W";"65.0";"14";"";"";"";"";"";"7.2";"6.2";"18"
"41";"2026-05-20 00:00:00";"Day 1: Power Push (Heavy Chest & Shoulders)";"4017";"Bench Press (Barbell)";"1";"112.5";"6";"6.6";"";"";"";"";"7.2";"6.2";"18"
"41";"2026-05-20 00:00:00";"Day 1: Power Push (Heavy Chest & Shoulders)";"4017";"Bench Press (Barbell)";"Rest Timer";"";"";"";"";"148";"";"";"7.2";"6.2";"18"
"41";"2026-05-20 00:00:00";"Day 1: Power Push (Heavy Chest & Shoulders)";"4017";"Bench Press (Barbell)";"2";"112.5";"6";"7.0";"";"";"";"";"7.2";"6.2";"18"
"41";"2026-05-20 00:00:00";"Day 1: Power Push (Heavy Chest & Shoulders)";"4017";"Bench Press (Barbell)";"Rest Timer";"";"";"";"";"166";"";"";"7.2";"6.2";"18"
"41";"2026-05-20 00:00:00";"Day 1: Power Push (Heavy Chest & Shoulders)";"4017";"Bench Press (Barbell)";"3";"112.5";"5";"7.6";"";"";"";"";"7.2";"6.2";"18"
"41";"2026-05-20 00:00:00";"Day 1: Power Push (Heavy Chest & Shoulders)";"4017";"Bench Press (Barbell)";"Rest Timer";"";"";"";"";"102";"";"";"7.2";"6.2";"18"
"41";"2026-05-20 00:00:00";"Day 1: Power Push (Heavy Chest & Shoulders)";"4017";"Bench Press (Barbell)";"4";"112.5";"1";"7.8";"";"";"";"";"7.2";"6.2";"18"
"41";"2026-05-20 00:00:00";"Day 1: Power Push (Heavy Chest & Shoulders)";"4017";"Bench Press (Barbell)";"Rest Timer";"";"";"";"";"163";"";"";"7.2";"6.2";"18"
"41";"2026-05-20 00:00:00";"Day 1: Power Push (Heavy Chest & Shoulders)";"4017";"Bench Press (Barbell)";"5";"112.5";"3";"8.8";"";"";"";"";"7.2";"6.2";"18"
"41";"2026-05-20 00:00:00";"Day 1: Power Push (Heavy Chest & Shoulders)";"4017";"Shoulder Press (Plate Loaded)";"W";"17.5";"14";"";"";"";"";"";"7.2";"6.2";"18"
"41";"2026-05-20 00:00:00";"Day 1: Power Push (Heavy Chest & Shoulders)";"4017";"Shoulder Press (Plate Loaded)";"1";"30.0";"6";"6.6";"";"";"";"";"7.2";"6.2";"18"
"41";"2026-05-20 00:00:00";"Day 1: Power Push (Heavy Chest & Shoulders)";"4017";"Shoulder Press (Plate Loaded)";"Rest Timer";"";"";"";"";"165";"";"";"7.2";"6.2";"18"
"41";"2026-05-20 00:00:00";"Day 1: Power Push (Heavy Chest & Shoulders)";"4017";"Shoulder Press (Plate Loaded)";"2";"32.5";"7";"7.1";"";"";"";"";"7.2";"6.2";"18"
"41";"2026-05-20 00:00:00";"Day 1: Power Push (Heavy Chest & Shoulders)";"4017";"Shoulder Press (Plate Loaded)";"Rest Timer";"";"";"";"";"172";"";"";"7.2";"6.2";"18"
"41";"2026-05-20 00:00:00";"Day 1: Power Push (Heavy Chest & Shoulders)";"4017";"Shoulder Press (Plate Loaded)";"3";"32.5";"4";"7.4";"";"";"";"";"7.2";"6.2";"18"
"41";"2026-05-20 00:00:00";"Day 1: Power Push (Heavy Chest & Shoulders)";"4017";"Shoulder Press (Plate Loaded)";"Rest Timer";"";"";"";"";"101";"";"";"7.2";"6.2";"18"
"41";"2026-05-20 00:00:00";"Day 1: Power Push (Heavy Chest & Shoulders)";"4017";"Shoulder Press (Plate Loaded)";"4";"32.5";"3";"7.8";"";"";"";"";"7.2";"6.2";"18"
"41";"2026-05-20 00:00:00";"Day 1: Power Push (Heavy Chest & Shoulders)";"4017";"Shoulder Press (Plate Loaded)";"Rest Timer";"";"";"";"";"104";"";"";"7.2";"6.2";"18"
"41";"2026-05-20 00:00:00";"Day 1: Power Push (Heavy Chest & Shoulders)";"4017";"Shoulder Press (Plate Loaded)";"5";"37.5";"3";"8.7";"";"";"";"";"7.2";"6.2";"18"
"41";"2026-05-20 00:00:00";"Day 1: Power Push (Heavy Chest & Shoulders)";"4017";"Incline Chest Fly (Dumbbell)";"W";"12.5";"13";"";"";"";"";"";"7.2";"6.2";"18"
"41";"2026-05-20 00:00:00";"Day 1: Power Push (Heavy Chest & Shoulders)";"4017";"Incline Chest Fly (Dumbbell)";"1";"22.5";"11";"7.3";"";"";"";"";"7.2";"6.2";"18"
"41";"2026-05-20 00:00:00";"Day 1: Power Push (Heavy Chest & Shoulders)";"4017";"Incline Chest Fly (Dumbbell)";"Rest Timer";"";"";"";"";"105";"";"";"7.2";"6.2";"18"
"41";"2026-05-20 00:00:00";"Day 1: Power Push (Heavy Chest & Shoulders)";"4017";"Incline Chest Fly (Dumbbell)";"2";"22.5";"9";"7.9";"";"";"";"";"7.2";"6.2";"18"
"41";"2026-05-20 00:00:00";"Day 1: Power Push (Heavy Chest & Shoulders)";"4017";"Incline Chest Fly (Dumbbell)";"Rest Timer";"";"";"";"";"118";"";"";"7.2";"6.2";"18"
"41";"2026-05-20 00:00:00";"Day 1: Power Push (Heavy Chest & Shoulders)";"4017";"Incline Chest Fly (Dumbbell)";"3";"22.5";"8";"8.2";"";"";"";"";"7.2";"6.2";"18"
"41";"2026-05-20 00:00:00";"Day 1: Power Push (Heavy Chest & Shoulders)";"4017";"Lateral Raise (Dumbbell)";"W";"10.0";"15";"";"";"";"";"";"7.2";"6.2";"18"
"41";"2026-05-20 00:00:00";"Day 1: Power Push (Heavy Chest & Shoulders)";"4017";"Lateral Raise (Dumbbell)";"1";"17.5";"9";"7.2";"";"";"";"";"7.2";"6.2";"18"
"41";"2026-05-20 00:00:00";"Day 1: Power Push (Heavy Chest & Shoulders)";"4017";"Lateral Raise (Dumbbell)";"Rest Timer";"";"";"";"";"147";"";"";"7.2";"6.2";"18"
"41";"2026-05-20 00:00:00";"Day 1: Power Push (Heavy Chest & Shoulders)";"4017";"Lateral Raise (Dumbbell)";"2";"17.5";"8";"7.6";"";"";"";"";"7.2";"6.2";"18"
"41";"2026-05-20 00:00:00";"Day 1: Power Push (Heavy Chest & Shoulders)";"4017";"Lateral Raise (Dumbbell)";"Rest Timer";"";"";"";"";"98";"";"";"7.2";"6.2";"18"
"41";"2026-05-20 00:00:00";"Day 1: Power Push (Heavy Chest & Shoulders)";"4017";"Lateral Raise (Dumbbell)";"3";"20.0";"7";"8.1";"";"";"";"";"7.2";"6.2";"18"
"41";"2026-05-20 00:00:00";"Day 1: Power Push (Heavy Chest & Shoulders)";"4017";"Triceps Extension (Cable)";"W";"27.5";"12";"";"";"";"";"";"7.2";"6.2";"18"
"41";"2026-05-20 00:00:00";"Day 1: Power Push (Heavy Chest & Shoulders)";"4017";"Triceps Extension (Cable)";"1";"45.0";"12";"6.5";"";"";"";"";"7.2";"6.2";"18"
"41";"2026-05-20 00:00:00";"Day 1: Power Push (Heavy Chest & Shoulders)";"4017";"Triceps Extension (Cable)";"Rest Timer";"";"";"";"";"150";"";"";"7.2";"6.2";"18"
"41";"2026-05-20 00:00:00";"Day 1: Power Push (Heavy Chest & Shoulders)";"4017";"Triceps Extension (Cable)";"2";"45.0";"6";"7.1";"";"";"";"";"7.2";"6.2";"18"
"41";"2026-05-20 00:00:00";"Day 1: Power Push (Heavy Chest & Shoulders)";"4017";"Triceps Extension (Cable)";"Rest Timer";"";"";"";"";"122";"";"";"7.2";"6.2";"18"
"41";"2026-05-20 00:00:00";"Day 1: Power Push (Heavy Chest & Shoulders)";"4017";"Triceps Extension (Cable)";"3";"45.0";"7";"7.2";"";"";"";"";"7.2";"6.2";"18"
"41";"2026-05-20 00:00:00";"Day 1: Power Push (Heavy Chest & Shoulders)";"4017";"Triceps Extension (Cable)";"Rest Timer";"";"";"";"";"111";"";"";"7.2";"6.2";"18"
"41";"2026-05-20 00:00:00";"Day 1: Power Push (Heavy Chest & Shoulders)";"4017";"Triceps Extension (Cable)";"4";"45.0";"7";"7.8";"";"";"";"";"7.2";"6.2";"18"
"41";"2026-05-20 00:00:00";"Day 1: Power Push (Heavy Chest & Shoulders)";"4017";"Shoulder Press (Machine)";"W";"22.5";"11";"";"";"";"";"";"7.2";"6.2";"18"
"41";"2026-05-20 00:00:00";"Day 1: Power Push (Heavy Chest & Shoulders)";"4017";"Shoulder Press (Machine)";"1";"40.0";"9";"7.0";"";"";"";"";"7.2";"6.2";"18"
"41";"2026-05-20 00:00:00";"Day 1: Power Push (Heavy Chest & Shoulders)";"4017";"Shoulder Press (Machine)";"Rest Timer";"";"";"";"";"146";"";"";"7.2";"6.2";"18"
"41";"2026-05-20 00:00:00";"Day 1: Power Push (Heavy Chest & Shoulders)";"4017";"Shoulder Press (Machine)";"2";"40.0";"9";"7.4";"";"";"";"";"7.2";"6.2";"18"
"41";"2026-05-20 00:00:00";"Day 1: Power Push (Heavy Chest & Shoulders)";"4017";"Shoulder Press (Machine)";"Rest Timer";"";"";"";"";"170";"";"";"7.2";"6.2";"18"
"41";"2026-05-20 00:00:00";"Day 1: Power Push (Heavy Chest & Shoulders)";"4017";"Shoulder Press (Machine)";"3";"40.0";"6";"7.9";"";"";"";"";"7.2";"6.2";"18"
"41";"2026-05-20 00:00:00";"Day 1: Power Push (Heavy Chest & Shoulders)";"4017";"Shoulder Press (Machine)";"Rest Timer";"";"";"";"";"113";"";"";"7.2";"6.2";"18"
"41";"2026-05-20 00:00:00";"Day 1: Power Push (Heavy Chest & Shoulders)";"4017";"Shoulder Press (Machine)";"4";"40.0";"6";"8.4";"";"";"";"";"7.2";"6.2";"18"
"42";"2026-05-22 00:00:00";"Day 3: Power Pull (Heavy Back & Deadlifts)";"3460";"Lat Pulldown (Cable)";"W";"35.0";"12";"";"";"";"";"";"6.9";"3.4";"19"
"42";"2026-05-22 00:00:00";"Day 3: Power Pull (Heavy Back & Deadlifts)";"3460";"Lat Pulldown (Cable)";"1";"60.0";"9";"7.4";"";"";"";"";"6.9";"3.4";"19"
"42";"2026-05-22 00:00:00";"Day 3: Power Pull (Heavy Back & Deadlifts)";"3460";"Lat Pulldown (Cable)";"Rest Timer";"";"";"";"";"158";"";"";"6.9";"3.4";"19"
"42";"2026-05-22 00:00:00";"Day 3: Power Pull (Heavy Back & Deadlifts)";"3460";"Lat Pulldown (Cable)";"2";"60.0";"7";"7.9";"";"";"";"";"6.9";"3.4";"19"
"42";"2026-05-22 00:00:00";"Day 3: Power Pull (Heavy Back & Deadlifts)";"3460";"Lat Pulldown (Cable)";"Rest Timer";"";"";"";"";"130";"";"";"6.9";"3.4";"19"
"42";"2026-05-22 00:00:00";"Day 3: Power Pull (Heavy Back & Deadlifts)";"3460";"Lat Pulldown (Cable)";"3";"60.0";"7";"8.0";"";"";"";"";"6.9";"3.4";"19"
"42";"2026-05-22 00:00:00";"Day 3: Power Pull (Heavy Back & Deadlifts)";"3460";"Lat Pulldown (Cable)";"Rest Timer";"";"";"";"";"119";"";"";"6.9";"3.4";"19"
"42";"2026-05-22 00:00:00";"Day 3: Power Pull (Heavy Back & Deadlifts)";"3460";"Lat Pulldown (Cable)";"4";"60.0";"2";"8.3";"";"";"";"";"6.9";"3.4";"19"
"42";"2026-05-22 00:00:00";"Day 3: Power Pull (Heavy Back & Deadlifts)";"3460";"Seated Row (Cable)";"W";"17.5";"13";"";"";"";"";"";"6.9";"3.4";"19"
"42";"2026-05-22 00:00:00";"Day 3: Power Pull (Heavy Back & Deadlifts)";"3460";"Seated Row (Cable)";"1";"27.5";"8";"7.4";"";"";"";"";"6.9";"3.4";"19"
"42";"2026-05-22 00:00:00";"Day 3: Power Pull (Heavy Back & Deadlifts)";"3460";"Seated Row (Cable)";"Rest Timer";"";"";"";"";"178";"";"";"6.9";"3.4";"19"
"42";"2026-05-22 00:00:00";"Day 3: Power Pull (Heavy Back & Deadlifts)";"3460";"Seated Row (Cable)";"2";"27.5";"8";"7.9";"";"";"";"";"6.9";"3.4";"19"
"42";"2026-05-22 00:00:00";"Day 3: Power Pull (Heavy Back & Deadlifts)";"3460";"Seated Row (Cable)";"Rest Timer";"";"";"";"";"177";"";"";"6.9";"3.4";"19"
"42";"2026-05-22 00:00:00";"Day 3: Power Pull (Heavy Back & Deadlifts)";"3460";"Seated Row (Cable)";"3";"30.0";"3";"8.5";"";"";"";"";"6.9";"3.4";"19"
"42";"2026-05-22 00:00:00";"Day 3: Power Pull (Heavy Back & Deadlifts)";"3460";"Seated Row (Cable)";"Rest Timer";"";"";"";"";"146";"";"";"6.9";"3.4";"19"
"42";"2026-05-22 00:00:00";"Day 3: Power Pull (Heavy Back & Deadlifts)";"3460";"Seated Row (Cable)";"4";"32.5";"3";"8.6";"";"";"";"";"6.9";"3.4";"19"
"42";"2026-05-22 00:00:00";"Day 3: Power Pull (Heavy Back & Deadlifts)";"3460";"Reverse Fly (Cable)";"W";"30.0";"10";"";"";"";"";"";"6.9";"3.4";"19"
"42";"2026-05-22 00:00:00";"Day 3: Power Pull (Heavy Back & Deadlifts)";"3460";"Reverse Fly (Cable)";"1";"52.5";"11";"7.2";"";"";"";"";"6.9";"3.4";"19"
"42";"2026-05-22 00:00:00";"Day 3: Power Pull (Heavy Back & Deadlifts)";"3460";"Reverse Fly (Cable)";"Rest Timer";"";"";"";"";"157";"";"";"6.9";"3.4";"19"
"42";"2026-05-22 00:00:00";"Day 3: Power Pull (Heavy Back & Deadlifts)";"3460";"Reverse Fly (Cable)";"2";"55.0";"12";"7.6";"";"";"";"";"6.9";"3.4";"19"
"42";"2026-05-22 00:00:00";"Day 3: Power Pull (Heavy Back & Deadlifts)";"3460";"Reverse Fly (Cable)";"Rest Timer";"";"";"";"";"126";"";"";"6.9";"3.4";"19"
"42";"2026-05-22 00:00:00";"Day 3: Power Pull (Heavy Back & Deadlifts)";"3460";"Reverse Fly (Cable)";"3";"60.0";"8";"8.3";"";"";"";"";"6.9";"3.4";"19"
"42";"2026-05-22 00:00:00";"Day 3: Power Pull (Heavy Back & Deadlifts)";"3460";"Reverse Fly (Cable)";"Rest Timer";"";"";"";"";"173";"";"";"6.9";"3.4";"19"
"42";"2026-05-22 00:00:00";"Day 3: Power Pull (Heavy Back & Deadlifts)";"3460";"Reverse Fly (Cable)";"4";"60.0";"9";"8.5";"";"";"";"";"6.9";"3.4";"19"
"42";"2026-05-22 00:00:00";"Day 3: Power Pull (Heavy Back & Deadlifts)";"3460";"Bicep Curl (Machine)";"W";"17.5";"15";"";"";"";"";"";"6.9";"3.4";"19"
"42";"2026-05-22 00:00:00";"Day 3: Power Pull (Heavy Back & Deadlifts)";"3460";"Bicep Curl (Machine)";"1";"32.5";"10";"6.7";"";"";"";"";"6.9";"3.4";"19"
"42";"2026-05-22 00:00:00";"Day 3: Power Pull (Heavy Back & Deadlifts)";"3460";"Bicep Curl (Machine)";"Rest Timer";"";"";"";"";"120";"";"";"6.9";"3.4";"19"
"42";"2026-05-22 00:00:00";"Day 3: Power Pull (Heavy Back & Deadlifts)";"3460";"Bicep Curl (Machine)";"2";"35.0";"7";"7.1";"";"";"";"";"6.9";"3.4";"19"
"42";"2026-05-22 00:00:00";"Day 3: Power Pull (Heavy Back & Deadlifts)";"3460";"Bicep Curl (Machine)";"Rest Timer";"";"";"";"";"128";"";"";"6.9";"3.4";"19"
"42";"2026-05-22 00:00:00";"Day 3: Power Pull (Heavy Back & Deadlifts)";"3460";"Bicep Curl (Machine)";"3";"35.0";"8";"7.3";"";"";"";"";"6.9";"3.4";"19"
"42";"2026-05-22 00:00:00";"Day 3: Power Pull (Heavy Back & Deadlifts)";"3460";"Back Extension";"W";"32.5";"10";"";"";"";"";"";"6.9";"3.4";"19"
"42";"2026-05-22 00:00:00";"Day 3: Power Pull (Heavy Back & Deadlifts)";"3460";"Back Extension";"1";"50.0";"8";"6.9";"";"";"";"";"6.9";"3.4";"19"
"42";"2026-05-22 00:00:00";"Day 3: Power Pull (Heavy Back & Deadlifts)";"3460";"Back Extension";"Rest Timer";"";"";"";"";"148";"";"";"6.9";"3.4";"19"
"42";"2026-05-22 00:00:00";"Day 3: Power Pull (Heavy Back & Deadlifts)";"3460";"Back Extension";"2";"52.5";"8";"7.4";"";"";"";"";"6.9";"3.4";"19"
"42";"2026-05-22 00:00:00";"Day 3: Power Pull (Heavy Back & Deadlifts)";"3460";"Back Extension";"Rest Timer";"";"";"";"";"169";"";"";"6.9";"3.4";"19"
"42";"2026-05-22 00:00:00";"Day 3: Power Pull (Heavy Back & Deadlifts)";"3460";"Back Extension";"3";"55.0";"4";"7.6";"";"";"";"";"6.9";"3.4";"19"
"42";"2026-05-22 00:00:00";"Day 3: Power Pull (Heavy Back & Deadlifts)";"3460";"Back Extension";"Rest Timer";"";"";"";"";"117";"";"";"6.9";"3.4";"19"
"42";"2026-05-22 00:00:00";"Day 3: Power Pull (Heavy Back & Deadlifts)";"3460";"Back Extension";"4";"60.0";"7";"8.1";"";"";"";"";"6.9";"3.4";"19"
"42";"2026-05-22 00:00:00";"Day 3: Power Pull (Heavy Back & Deadlifts)";"3460";"Shrug (Dumbbell)";"W";"17.5";"11";"";"";"";"";"";"6.9";"3.4";"19"
"42";"2026-05-22 00:00:00";"Day 3: Power Pull (Heavy Back & Deadlifts)";"3460";"Shrug (Dumbbell)";"1";"30.0";"12";"7.3";"";"";"";"";"6.9";"3.4";"19"
"42";"2026-05-22 00:00:00";"Day 3: Power Pull (Heavy Back & Deadlifts)";"3460";"Shrug (Dumbbell)";"Rest Timer";"";"";"";"";"148";"";"";"6.9";"3.4";"19"
"42";"2026-05-22 00:00:00";"Day 3: Power Pull (Heavy Back & Deadlifts)";"3460";"Shrug (Dumbbell)";"2";"30.0";"9";"7.7";"";"";"";"";"6.9";"3.4";"19"
"42";"2026-05-22 00:00:00";"Day 3: Power Pull (Heavy Back & Deadlifts)";"3460";"Shrug (Dumbbell)";"Rest Timer";"";"";"";"";"97";"";"";"6.9";"3.4";"19"
"42";"2026-05-22 00:00:00";"Day 3: Power Pull (Heavy Back & Deadlifts)";"3460";"Shrug (Dumbbell)";"3";"30.0";"11";"8.2";"";"";"";"";"6.9";"3.4";"19"
"42";"2026-05-22 00:00:00";"Day 3: Power Pull (Heavy Back & Deadlifts)";"3460";"Back Cable Pull";"W";"30.0";"13";"";"";"";"";"";"6.9";"3.4";"19"
"42";"2026-05-22 00:00:00";"Day 3: Power Pull (Heavy Back & Deadlifts)";"3460";"Back Cable Pull";"1";"52.5";"6";"7.2";"";"";"";"";"6.9";"3.4";"19"
"42";"2026-05-22 00:00:00";"Day 3: Power Pull (Heavy Back & Deadlifts)";"3460";"Back Cable Pull";"Rest Timer";"";"";"";"";"103";"";"";"6.9";"3.4";"19"
"42";"2026-05-22 00:00:00";"Day 3: Power Pull (Heavy Back & Deadlifts)";"3460";"Back Cable Pull";"2";"52.5";"5";"7.7";"";"";"";"";"6.9";"3.4";"19"
"42";"2026-05-22 00:00:00";"Day 3: Power Pull (Heavy Back & Deadlifts)";"3460";"Back Cable Pull";"Rest Timer";"";"";"";"";"92";"";"";"6.9";"3.4";"19"
"42";"2026-05-22 00:00:00";"Day 3: Power Pull (Heavy Back & Deadlifts)";"3460";"Back Cable Pull";"3";"52.5";"4";"8.1";"";"";"";"";"6.9";"3.4";"19"
"42";"2026-05-22 00:00:00";"Day 3: Power Pull (Heavy Back & Deadlifts)";"3460";"Iso-Lateral Row (Machine)";"W";"27.5";"11";"";"";"";"";"";"6.9";"3.4";"19"
"42";"2026-05-22 00:00:00";"Day 3: Power Pull (Heavy Back & Deadlifts)";"3460";"Iso-Lateral Row (Machine)";"1";"45.0";"7";"7.1";"";"";"";"";"6.9";"3.4";"19"
"42";"2026-05-22 00:00:00";"Day 3: Power Pull (Heavy Back & Deadlifts)";"3460";"Iso-Lateral Row (Machine)";"Rest Timer";"";"";"";"";"145";"";"";"6.9";"3.4";"19"
"42";"2026-05-22 00:00:00";"Day 3: Power Pull (Heavy Back & Deadlifts)";"3460";"Iso-Lateral Row (Machine)";"2";"45.0";"5";"7.5";"";"";"";"";"6.9";"3.4";"19"
"42";"2026-05-22 00:00:00";"Day 3: Power Pull (Heavy Back & Deadlifts)";"3460";"Iso-Lateral Row (Machine)";"Rest Timer";"";"";"";"";"166";"";"";"6.9";"3.4";"19"
"42";"2026-05-22 00:00:00";"Day 3: Power Pull (Heavy Back & Deadlifts)";"3460";"Iso-Lateral Row (Machine)";"3";"45.0";"6";"7.7";"";"";"";"";"6.9";"3.4";"19"
"42";"2026-05-22 00:00:00";"Day 3: Power Pull (Heavy Back & Deadlifts)";"3460";"Iso-Lateral Row (Machine)";"Rest Timer";"";"";"";"";"135";"";"";"6.9";"3.4";"19"
"42";"2026-05-22 00:00:00";"Day 3: Power Pull (Heavy Back & Deadlifts)";"3460";"Iso-Lateral Row (Machine)";"4";"45.0";"5";"8.7";"";"";"";"";"6.9";"3.4";"19"
"43";"2026-05-25 00:00:00";"Day 2: Power Legs (Awakening the Squat)";"3655";"Squat (Smith Machine)";"W";"40.0";"14";"";"";"";"";"";"7.6";"5.9";"20"
"43";"2026-05-25 00:00:00";"Day 2: Power Legs (Awakening the Squat)";"3655";"Squat (Smith Machine)";"1";"65.0";"7";"7.5";"";"";"";"";"7.6";"5.9";"20"
"43";"2026-05-25 00:00:00";"Day 2: Power Legs (Awakening the Squat)";"3655";"Squat (Smith Machine)";"Rest Timer";"";"";"";"";"119";"";"";"7.6";"5.9";"20"
"43";"2026-05-25 00:00:00";"Day 2: Power Legs (Awakening the Squat)";"3655";"Squat (Smith Machine)";"2";"65.0";"7";"7.9";"";"";"";"";"7.6";"5.9";"20"
"43";"2026-05-25 00:00:00";"Day 2: Power Legs (Awakening the Squat)";"3655";"Squat (Smith Machine)";"Rest Timer";"";"";"";"";"172";"";"";"7.6";"5.9";"20"
"43";"2026-05-25 00:00:00";"Day 2: Power Legs (Awakening the Squat)";"3655";"Squat (Smith Machine)";"3";"65.0";"7";"8.5";"";"";"";"";"7.6";"5.9";"20"
"43";"2026-05-25 00:00:00";"Day 2: Power Legs (Awakening the Squat)";"3655";"Squat (Smith Machine)";"Rest Timer";"";"";"";"";"149";"";"";"7.6";"5.9";"20"
"43";"2026-05-25 00:00:00";"Day 2: Power Legs (Awakening the Squat)";"3655";"Squat (Smith Machine)";"4";"65.0";"8";"9.0";"";"";"";"";"7.6";"5.9";"20"
"43";"2026-05-25 00:00:00";"Day 2: Power Legs (Awakening the Squat)";"3655";"Squat (Smith Machine)";"Rest Timer";"";"";"";"";"122";"";"";"7.6";"5.9";"20"
"43";"2026-05-25 00:00:00";"Day 2: Power Legs (Awakening the Squat)";"3655";"Squat (Smith Machine)";"5";"65.0";"4";"8.8";"";"";"";"";"7.6";"5.9";"20"
"43";"2026-05-25 00:00:00";"Day 2: Power Legs (Awakening the Squat)";"3655";"Leg Press";"W";"75.0";"10";"";"";"";"";"";"7.6";"5.9";"20"
"43";"2026-05-25 00:00:00";"Day 2: Power Legs (Awakening the Squat)";"3655";"Leg Press";"1";"127.5";"5";"6.7";"";"";"";"";"7.6";"5.9";"20"
"43";"2026-05-25 00:00:00";"Day 2: Power Legs (Awakening the Squat)";"3655";"Leg Press";"Rest Timer";"";"";"";"";"99";"";"";"7.6";"5.9";"20"
"43";"2026-05-25 00:00:00";"Day 2: Power Legs (Awakening the Squat)";"3655";"Leg Press";"2";"135.0";"5";"7.0";"";"";"";"";"7.6";"5.9";"20"
"43";"2026-05-25 00:00:00";"Day 2: Power Legs (Awakening the Squat)";"3655";"Leg Press";"Rest Timer";"";"";"";"";"131";"";"";"7.6";"5.9";"20"
"43";"2026-05-25 00:00:00";"Day 2: Power Legs (Awakening the Squat)";"3655";"Leg Press";"3";"140.0";"3";"7.3";"";"";"";"";"7.6";"5.9";"20"
"43";"2026-05-25 00:00:00";"Day 2: Power Legs (Awakening the Squat)";"3655";"Leg Press";"Rest Timer";"";"";"";"";"176";"";"";"7.6";"5.9";"20"
"43";"2026-05-25 00:00:00";"Day 2: Power Legs (Awakening the Squat)";"3655";"Leg Press";"4";"152.5";"1";"8.3";"";"";"";"";"7.6";"5.9";"20"
"43";"2026-05-25 00:00:00";"Day 2: Power Legs (Awakening the Squat)";"3655";"Leg Press";"Rest Timer";"";"";"";"";"140";"";"";"7.6";"5.9";"20"
"43";"2026-05-25 00:00:00";"Day 2: Power Legs (Awakening the Squat)";"3655";"Leg Press";"5";"162.5";"2";"8.5";"";"";"";"";"7.6";"5.9";"20"
"43";"2026-05-25 00:00:00";"Day 2: Power Legs (Awakening the Squat)";"3655";"Lying Leg Curl (Machine)";"W";"20.0";"15";"";"";"";"";"";"7.6";"5.9";"20"
"43";"2026-05-25 00:00:00";"Day 2: Power Legs (Awakening the Squat)";"3655";"Lying Leg Curl (Machine)";"1";"35.0";"7";"6.6";"";"";"";"";"7.6";"5.9";"20"
"43";"2026-05-25 00:00:00";"Day 2: Power Legs (Awakening the Squat)";"3655";"Lying Leg Curl (Machine)";"Rest Timer";"";"";"";"";"165";"";"";"7.6";"5.9";"20"
"43";"2026-05-25 00:00:00";"Day 2: Power Legs (Awakening the Squat)";"3655";"Lying Leg Curl (Machine)";"2";"35.0";"5";"6.9";"";"";"";"";"7.6";"5.9";"20"
"43";"2026-05-25 00:00:00";"Day 2: Power Legs (Awakening the Squat)";"3655";"Lying Leg Curl (Machine)";"Rest Timer";"";"";"";"";"96";"";"";"7.6";"5.9";"20"
"43";"2026-05-25 00:00:00";"Day 2: Power Legs (Awakening the Squat)";"3655";"Lying Leg Curl (Machine)";"3";"35.0";"6";"7.6";"";"";"";"";"7.6";"5.9";"20"
"43";"2026-05-25 00:00:00";"Day 2: Power Legs (Awakening the Squat)";"3655";"Standing Calf Raise (Bodyweight)";"W";"27.5";"15";"";"";"";"";"";"7.6";"5.9";"20"
"43";"2026-05-25 00:00:00";"Day 2: Power Legs (Awakening the Squat)";"3655";"Standing Calf Raise (Bodyweight)";"1";"50.0";"11";"6.8";"";"";"";"";"7.6";"5.9";"20"
"43";"2026-05-25 00:00:00";"Day 2: Power Legs (Awakening the Squat)";"3655";"Standing Calf Raise (Bodyweight)";"Rest Timer";"";"";"";"";"157";"";"";"7.6";"5.9";"20"
"43";"2026-05-25 00:00:00";"Day 2: Power Legs (Awakening the Squat)";"3655";"Standing Calf Raise (Bodyweight)";"2";"50.0";"9";"7.1";"";"";"";"";"7.6";"5.9";"20"
"43";"2026-05-25 00:00:00";"Day 2: Power Legs (Awakening the Squat)";"3655";"Standing Calf Raise (Bodyweight)";"Rest Timer";"";"";"";"";"180";"";"";"7.6";"5.9";"20"
"43";"2026-05-25 00:00:00";"Day 2: Power Legs (Awakening the Squat)";"3655";"Standing Calf Raise (Bodyweight)";"3";"50.0";"11";"7.7";"";"";"";"";"7.6";"5.9";"20"
"43";"2026-05-25 00:00:00";"Day 2: Power Legs (Awakening the Squat)";"3655";"Lateral Raise (Cable)";"W";"7.5";"15";"";"";"";"";"";"7.6";"5.9";"20"
"43";"2026-05-25 00:00:00";"Day 2: Power Legs (Awakening the Squat)";"3655";"Lateral Raise (Cable)";"1";"12.5";"6";"7.3";"";"";"";"";"7.6";"5.9";"20"
"43";"2026-05-25 00:00:00";"Day 2: Power Legs (Awakening the Squat)";"3655";"Lateral Raise (Cable)";"Rest Timer";"";"";"";"";"94";"";"";"7.6";"5.9";"20"
"43";"2026-05-25 00:00:00";"Day 2: Power Legs (Awakening the Squat)";"3655";"Lateral Raise (Cable)";"2";"12.5";"7";"7.6";"";"";"";"";"7.6";"5.9";"20"
"43";"2026-05-25 00:00:00";"Day 2: Power Legs (Awakening the Squat)";"3655";"Lateral Raise (Cable)";"Rest Timer";"";"";"";"";"105";"";"";"7.6";"5.9";"20"
"43";"2026-05-25 00:00:00";"Day 2: Power Legs (Awakening the Squat)";"3655";"Lateral Raise (Cable)";"3";"12.5";"2";"8.0";"";"";"";"";"7.6";"5.9";"20"
"43";"2026-05-25 00:00:00";"Day 2: Power Legs (Awakening the Squat)";"3655";"Squat (Barbell)";"W";"65.0";"11";"";"";"";"";"";"7.6";"5.9";"20"
"43";"2026-05-25 00:00:00";"Day 2: Power Legs (Awakening the Squat)";"3655";"Squat (Barbell)";"1";"102.5";"8";"7.1";"";"";"";"";"7.6";"5.9";"20"
"43";"2026-05-25 00:00:00";"Day 2: Power Legs (Awakening the Squat)";"3655";"Squat (Barbell)";"Rest Timer";"";"";"";"";"147";"";"";"7.6";"5.9";"20"
"43";"2026-05-25 00:00:00";"Day 2: Power Legs (Awakening the Squat)";"3655";"Squat (Barbell)";"2";"110.0";"7";"7.4";"";"";"";"";"7.6";"5.9";"20"
"43";"2026-05-25 00:00:00";"Day 2: Power Legs (Awakening the Squat)";"3655";"Squat (Barbell)";"Rest Timer";"";"";"";"";"121";"";"";"7.6";"5.9";"20"
"43";"2026-05-25 00:00:00";"Day 2: Power Legs (Awakening the Squat)";"3655";"Squat (Barbell)";"3";"117.5";"7";"8.1";"";"";"";"";"7.6";"5.9";"20"
"43";"2026-05-25 00:00:00";"Day 2: Power Legs (Awakening the Squat)";"3655";"Squat (Barbell)";"Rest Timer";"";"";"";"";"177";"";"";"7.6";"5.9";"20"
"43";"2026-05-25 00:00:00";"Day 2: Power Legs (Awakening the Squat)";"3655";"Squat (Barbell)";"4";"120.0";"7";"8.5";"";"";"";"";"7.6";"5.9";"20"
"43";"2026-05-25 00:00:00";"Day 2: Power Legs (Awakening the Squat)";"3655";"One Leg Curl Plates Loaded";"W";"10.0";"10";"";"";"";"";"";"7.6";"5.9";"20"
"43";"2026-05-25 00:00:00";"Day 2: Power Legs (Awakening the Squat)";"3655";"One Leg Curl Plates Loaded";"1";"17.25";"9";"7.1";"";"";"";"";"7.6";"5.9";"20"
"43";"2026-05-25 00:00:00";"Day 2: Power Legs (Awakening the Squat)";"3655";"One Leg Curl Plates Loaded";"Rest Timer";"";"";"";"";"130";"";"";"7.6";"5.9";"20"
"43";"2026-05-25 00:00:00";"Day 2: Power Legs (Awakening the Squat)";"3655";"One Leg Curl Plates Loaded";"2";"17.25";"10";"7.5";"";"";"";"";"7.6";"5.9";"20"
"43";"2026-05-25 00:00:00";"Day 2: Power Legs (Awakening the Squat)";"3655";"One Leg Curl Plates Loaded";"Rest Timer";"";"";"";"";"138";"";"";"7.6";"5.9";"20"
"43";"2026-05-25 00:00:00";"Day 2: Power Legs (Awakening the Squat)";"3655";"One Leg Curl Plates Loaded";"3";"17.25";"8";"8.1";"";"";"";"";"7.6";"5.9";"20"
"43";"2026-05-25 00:00:00";"Day 2: Power Legs (Awakening the Squat)";"3655";"One Leg Curl Plates Loaded";"Rest Timer";"";"";"";"";"120";"";"";"7.6";"5.9";"20"
"43";"2026-05-25 00:00:00";"Day 2: Power Legs (Awakening the Squat)";"3655";"One Leg Curl Plates Loaded";"4";"17.25";"9";"8.9";"";"";"";"";"7.6";"5.9";"20"
"43";"2026-05-25 00:00:00";"Day 2: Power Legs (Awakening the Squat)";"3655";"Seated Calf Raise (Plate Loaded)";"W";"17.5";"15";"";"";"";"";"";"7.6";"5.9";"20"
"43";"2026-05-25 00:00:00";"Day 2: Power Legs (Awakening the Squat)";"3655";"Seated Calf Raise (Plate Loaded)";"1";"30.0";"9";"7.2";"";"";"";"";"7.6";"5.9";"20"
"43";"2026-05-25 00:00:00";"Day 2: Power Legs (Awakening the Squat)";"3655";"Seated Calf Raise (Plate Loaded)";"Rest Timer";"";"";"";"";"106";"";"";"7.6";"5.9";"20"
"43";"2026-05-25 00:00:00";"Day 2: Power Legs (Awakening the Squat)";"3655";"Seated Calf Raise (Plate Loaded)";"2";"30.0";"9";"7.6";"";"";"";"";"7.6";"5.9";"20"
"43";"2026-05-25 00:00:00";"Day 2: Power Legs (Awakening the Squat)";"3655";"Seated Calf Raise (Plate Loaded)";"Rest Timer";"";"";"";"";"150";"";"";"7.6";"5.9";"20"
"43";"2026-05-25 00:00:00";"Day 2: Power Legs (Awakening the Squat)";"3655";"Seated Calf Raise (Plate Loaded)";"3";"30.0";"6";"7.9";"";"";"";"";"7.6";"5.9";"20"
"44";"2026-05-27 00:00:00";"Push";"5978";"Bench Press (Barbell)";"W";"57.5";"11";"";"";"";"";"";"7.5";"5.4";"21"
"44";"2026-05-27 00:00:00";"Push";"5978";"Bench Press (Barbell)";"1";"97.5";"8";"6.7";"";"";"";"";"7.5";"5.4";"21"
"44";"2026-05-27 00:00:00";"Push";"5978";"Bench Press (Barbell)";"Rest Timer";"";"";"";"";"156";"";"";"7.5";"5.4";"21"
"44";"2026-05-27 00:00:00";"Push";"5978";"Bench Press (Barbell)";"2";"102.5";"6";"7.3";"";"";"";"";"7.5";"5.4";"21"
"44";"2026-05-27 00:00:00";"Push";"5978";"Bench Press (Barbell)";"Rest Timer";"";"";"";"";"113";"";"";"7.5";"5.4";"21"
"44";"2026-05-27 00:00:00";"Push";"5978";"Bench Press (Barbell)";"3";"110.0";"5";"7.5";"";"";"";"";"7.5";"5.4";"21"
"44";"2026-05-27 00:00:00";"Push";"5978";"Bench Press (Barbell)";"Rest Timer";"";"";"";"";"120";"";"";"7.5";"5.4";"21"
"44";"2026-05-27 00:00:00";"Push";"5978";"Bench Press (Barbell)";"4";"115.0";"2";"8.4";"";"";"";"";"7.5";"5.4";"21"
"44";"2026-05-27 00:00:00";"Push";"5978";"Seated Overhead Press (Dumbbell)";"W";"22.5";"10";"";"";"";"";"";"7.5";"5.4";"21"
"44";"2026-05-27 00:00:00";"Push";"5978";"Seated Overhead Press (Dumbbell)";"1";"37.5";"12";"6.8";"";"";"";"";"7.5";"5.4";"21"
"44";"2026-05-27 00:00:00";"Push";"5978";"Seated Overhead Press (Dumbbell)";"Rest Timer";"";"";"";"";"178";"";"";"7.5";"5.4";"21"
"44";"2026-05-27 00:00:00";"Push";"5978";"Seated Overhead Press (Dumbbell)";"2";"37.5";"13";"7.4";"";"";"";"";"7.5";"5.4";"21"
"44";"2026-05-27 00:00:00";"Push";"5978";"Seated Overhead Press (Dumbbell)";"Rest Timer";"";"";"";"";"151";"";"";"7.5";"5.4";"21"
"44";"2026-05-27 00:00:00";"Push";"5978";"Seated Overhead Press (Dumbbell)";"3";"37.5";"10";"7.7";"";"";"";"";"7.5";"5.4";"21"
"44";"2026-05-27 00:00:00";"Push";"5978";"Seated Overhead Press (Dumbbell)";"Rest Timer";"";"";"";"";"105";"";"";"7.5";"5.4";"21"
"44";"2026-05-27 00:00:00";"Push";"5978";"Seated Overhead Press (Dumbbell)";"4";"37.5";"10";"8.4";"";"";"";"";"7.5";"5.4";"21"
"44";"2026-05-27 00:00:00";"Push";"5978";"Seated Overhead Press (Dumbbell)";"Rest Timer";"";"";"";"";"104";"";"";"7.5";"5.4";"21"
"44";"2026-05-27 00:00:00";"Push";"5978";"Seated Overhead Press (Dumbbell)";"5";"37.5";"5";"8.5";"";"";"";"";"7.5";"5.4";"21"
"44";"2026-05-27 00:00:00";"Push";"5978";"Incline Chest Press (Machine)";"W";"37.5";"10";"";"";"";"";"";"7.5";"5.4";"21"
"44";"2026-05-27 00:00:00";"Push";"5978";"Incline Chest Press (Machine)";"1";"60.0";"10";"7.4";"";"";"";"";"7.5";"5.4";"21"
"44";"2026-05-27 00:00:00";"Push";"5978";"Incline Chest Press (Machine)";"Rest Timer";"";"";"";"";"110";"";"";"7.5";"5.4";"21"
"44";"2026-05-27 00:00:00";"Push";"5978";"Incline Chest Press (Machine)";"2";"60.0";"9";"8.0";"";"";"";"";"7.5";"5.4";"21"
"44";"2026-05-27 00:00:00";"Push";"5978";"Incline Chest Press (Machine)";"Rest Timer";"";"";"";"";"103";"";"";"7.5";"5.4";"21"
"44";"2026-05-27 00:00:00";"Push";"5978";"Incline Chest Press (Machine)";"3";"60.0";"8";"8.3";"";"";"";"";"7.5";"5.4";"21"
"44";"2026-05-27 00:00:00";"Push";"5978";"Incline Chest Press (Machine)";"Rest Timer";"";"";"";"";"127";"";"";"7.5";"5.4";"21"
"44";"2026-05-27 00:00:00";"Push";"5978";"Incline Chest Press (Machine)";"4";"60.0";"9";"8.5";"";"";"";"";"7.5";"5.4";"21"
"44";"2026-05-27 00:00:00";"Push";"5978";"Incline Chest Press (Machine)";"Rest Timer";"";"";"";"";"140";"";"";"7.5";"5.4";"21"
"44";"2026-05-27 00:00:00";"Push";"5978";"Incline Chest Press (Machine)";"5";"60.0";"10";"9.7";"";"";"";"";"7.5";"5.4";"21"
"44";"2026-05-27 00:00:00";"Push";"5978";"Lateral Raise (Cable)";"W";"7.5";"10";"";"";"";"";"";"7.5";"5.4";"21"
"44";"2026-05-27 00:00:00";"Push";"5978";"Lateral Raise (Cable)";"1";"12.5";"9";"6.7";"";"";"";"";"7.5";"5.4";"21"
"44";"2026-05-27 00:00:00";"Push";"5978";"Lateral Raise (Cable)";"Rest Timer";"";"";"";"";"115";"";"";"7.5";"5.4";"21"
"44";"2026-05-27 00:00:00";"Push";"5978";"Lateral Raise (Cable)";"2";"12.5";"9";"7.2";"";"";"";"";"7.5";"5.4";"21"
"44";"2026-05-27 00:00:00";"Push";"5978";"Lateral Raise (Cable)";"Rest Timer";"";"";"";"";"105";"";"";"7.5";"5.4";"21"
"44";"2026-05-27 00:00:00";"Push";"5978";"Lateral Raise (Cable)";"3";"12.5";"6";"7.8";"";"";"";"";"7.5";"5.4";"21"
"44";"2026-05-27 00:00:00";"Push";"5978";"Lateral Raise (Cable)";"Rest Timer";"";"";"";"";"92";"";"";"7.5";"5.4";"21"
"44";"2026-05-27 00:00:00";"Push";"5978";"Lateral Raise (Cable)";"4";"15.0";"8";"8.3";"";"";"";"";"7.5";"5.4";"21"
"44";"2026-05-27 00:00:00";"Push";"5978";"Skullcrusher (Dumbbell)";"W";"5.0";"13";"";"";"";"";"";"7.5";"5.4";"21"
"44";"2026-05-27 00:00:00";"Push";"5978";"Skullcrusher (Dumbbell)";"1";"10.0";"4";"6.5";"";"";"";"";"7.5";"5.4";"21"
"44";"2026-05-27 00:00:00";"Push";"5978";"Skullcrusher (Dumbbell)";"Rest Timer";"";"";"";"";"138";"";"";"7.5";"5.4";"21"
"44";"2026-05-27 00:00:00";"Push";"5978";"Skullcrusher (Dumbbell)";"2";"10.0";"4";"7.1";"";"";"";"";"7.5";"5.4";"21"
"44";"2026-05-27 00:00:00";"Push";"5978";"Skullcrusher (Dumbbell)";"Rest Timer";"";"";"";"";"119";"";"";"7.5";"5.4";"21"
"44";"2026-05-27 00:00:00";"Push";"5978";"Skullcrusher (Dumbbell)";"3";"10.0";"3";"7.6";"";"";"";"";"7.5";"5.4";"21"
"44";"2026-05-27 00:00:00";"Push";"5978";"Triceps Extension";"W";"22.5";"13";"";"";"";"";"";"7.5";"5.4";"21"
"44";"2026-05-27 00:00:00";"Push";"5978";"Triceps Extension";"1";"37.5";"7";"7.1";"";"";"";"";"7.5";"5.4";"21"
"44";"2026-05-27 00:00:00";"Push";"5978";"Triceps Extension";"Rest Timer";"";"";"";"";"167";"";"";"7.5";"5.4";"21"
"44";"2026-05-27 00:00:00";"Push";"5978";"Triceps Extension";"2";"37.5";"7";"7.7";"";"";"";"";"7.5";"5.4";"21"
"44";"2026-05-27 00:00:00";"Push";"5978";"Triceps Extension";"Rest Timer";"";"";"";"";"98";"";"";"7.5";"5.4";"21"
"44";"2026-05-27 00:00:00";"Push";"5978";"Triceps Extension";"3";"37.5";"8";"8.1";"";"";"";"";"7.5";"5.4";"21"
"44";"2026-05-27 00:00:00";"Push";"5978";"Incline Chest Fly (Dumbbell)";"W";"12.5";"13";"";"";"";"";"";"7.5";"5.4";"21"
"44";"2026-05-27 00:00:00";"Push";"5978";"Incline Chest Fly (Dumbbell)";"1";"22.5";"8";"7.3";"";"";"";"";"7.5";"5.4";"21"
"44";"2026-05-27 00:00:00";"Push";"5978";"Incline Chest Fly (Dumbbell)";"Rest Timer";"";"";"";"";"171";"";"";"7.5";"5.4";"21"
"44";"2026-05-27 00:00:00";"Push";"5978";"Incline Chest Fly (Dumbbell)";"2";"22.5";"6";"7.9";"";"";"";"";"7.5";"5.4";"21"
"44";"2026-05-27 00:00:00";"Push";"5978";"Incline Chest Fly (Dumbbell)";"Rest Timer";"";"";"";"";"162";"";"";"7.5";"5.4";"21"
"44";"2026-05-27 00:00:00";"Push";"5978";"Incline Chest Fly (Dumbbell)";"3";"22.5";"8";"8.4";"";"";"";"";"7.5";"5.4";"21"
"44";"2026-05-27 00:00:00";"Push";"5978";"Skullcrusher (Barbell)";"W";"12.5";"15";"";"";"";"";"";"7.5";"5.4";"21"
"44";"2026-05-27 00:00:00";"Push";"5978";"Skullcrusher (Barbell)";"1";"20.0";"13";"6.8";"";"";"";"";"7.5";"5.4";"21"
"44";"2026-05-27 00:00:00";"Push";"5978";"Skullcrusher (Barbell)";"Rest Timer";"";"";"";"";"126";"";"";"7.5";"5.4";"21"
"44";"2026-05-27 00:00:00";"Push";"5978";"Skullcrusher (Barbell)";"2";"22.5";"9";"7.3";"";"";"";"";"7.5";"5.4";"21"
"44";"2026-05-27 00:00:00";"Push";"5978";"Skullcrusher (Barbell)";"Rest Timer";"";"";"";"";"136";"";"";"7.5";"5.4";"21"
"44";"2026-05-27 00:00:00";"Push";"5978";"Skullcrusher (Barbell)";"3";"22.5";"9";"7.9";"";"";"";"";"7.5";"5.4";"21"
"45";"2026-05-30 00:00:00";"Pull";"3101";"Lat Pulldown (Cable)";"W";"35.0";"12";"";"";"";"";"";"7.5";"5.2";"22"
"45";"2026-05-30 00:00:00";"Pull";"3101";"Lat Pulldown (Cable)";"1";"57.5";"9";"6.5";"";"";"";"";"7.5";"5.2";"22"
"45";"2026-05-30 00:00:00";"Pull";"3101";"Lat Pulldown (Cable)";"Rest Timer";"";"";"";"";"95";"";"";"7.5";"5.2";"22"
"45";"2026-05-30 00:00:00";"Pull";"3101";"Lat Pulldown (Cable)";"2";"57.5";"7";"7.0";"";"";"";"";"7.5";"5.2";"22"
"45";"2026-05-30 00:00:00";"Pull";"3101";"Lat Pulldown (Cable)";"Rest Timer";"";"";"";"";"170";"";"";"7.5";"5.2";"22"
"45";"2026-05-30 00:00:00";"Pull";"3101";"Lat Pulldown (Cable)";"3";"57.5";"6";"7.7";"";"";"";"";"7.5";"5.2";"22"
"45";"2026-05-30 00:00:00";"Pull";"3101";"Lat Pulldown (Cable)";"Rest Timer";"";"";"";"";"176";"";"";"7.5";"5.2";"22"
"45";"2026-05-30 00:00:00";"Pull";"3101";"Lat Pulldown (Cable)";"4";"57.5";"8";"7.9";"";"";"";"";"7.5";"5.2";"22"
"45";"2026-05-30 00:00:00";"Pull";"3101";"Seated Row (Machine)";"W";"37.5";"13";"";"";"";"";"";"7.5";"5.2";"22"
"45";"2026-05-30 00:00:00";"Pull";"3101";"Seated Row (Machine)";"1";"65.0";"12";"7.0";"";"";"";"";"7.5";"5.2";"22"
"45";"2026-05-30 00:00:00";"Pull";"3101";"Seated Row (Machine)";"Rest Timer";"";"";"";"";"98";"";"";"7.5";"5.2";"22"
"45";"2026-05-30 00:00:00";"Pull";"3101";"Seated Row (Machine)";"2";"65.0";"7";"7.4";"";"";"";"";"7.5";"5.2";"22"
"45";"2026-05-30 00:00:00";"Pull";"3101";"Seated Row (Machine)";"Rest Timer";"";"";"";"";"94";"";"";"7.5";"5.2";"22"
"45";"2026-05-30 00:00:00";"Pull";"3101";"Seated Row (Machine)";"3";"65.0";"9";"7.8";"";"";"";"";"7.5";"5.2";"22"
"45";"2026-05-30 00:00:00";"Pull";"3101";"Seated Row (Machine)";"Rest Timer";"";"";"";"";"174";"";"";"7.5";"5.2";"22"
"45";"2026-05-30 00:00:00";"Pull";"3101";"Seated Row (Machine)";"4";"65.0";"8";"8.0";"";"";"";"";"7.5";"5.2";"22"
"45";"2026-05-30 00:00:00";"Pull";"3101";"Face Pull (Cable)";"W";"27.5";"12";"";"";"";"";"";"7.5";"5.2";"22"
"45";"2026-05-30 00:00:00";"Pull";"3101";"Face Pull (Cable)";"1";"45.0";"5";"7.1";"";"";"";"";"7.5";"5.2";"22"
"45";"2026-05-30 00:00:00";"Pull";"3101";"Face Pull (Cable)";"Rest Timer";"";"";"";"";"146";"";"";"7.5";"5.2";"22"
"45";"2026-05-30 00:00:00";"Pull";"3101";"Face Pull (Cable)";"2";"45.0";"6";"7.6";"";"";"";"";"7.5";"5.2";"22"
"45";"2026-05-30 00:00:00";"Pull";"3101";"Face Pull (Cable)";"Rest Timer";"";"";"";"";"143";"";"";"7.5";"5.2";"22"
"45";"2026-05-30 00:00:00";"Pull";"3101";"Face Pull (Cable)";"3";"45.0";"4";"8.2";"";"";"";"";"7.5";"5.2";"22"
"45";"2026-05-30 00:00:00";"Pull";"3101";"Face Pull (Cable)";"Rest Timer";"";"";"";"";"131";"";"";"7.5";"5.2";"22"
"45";"2026-05-30 00:00:00";"Pull";"3101";"Face Pull (Cable)";"4";"45.0";"7";"8.2";"";"";"";"";"7.5";"5.2";"22"
"45";"2026-05-30 00:00:00";"Pull";"3101";"Bicep Curl (Machine)";"W";"22.5";"13";"";"";"";"";"";"7.5";"5.2";"22"
"45";"2026-05-30 00:00:00";"Pull";"3101";"Bicep Curl (Machine)";"1";"35.0";"7";"6.6";"";"";"";"";"7.5";"5.2";"22"
"45";"2026-05-30 00:00:00";"Pull";"3101";"Bicep Curl (Machine)";"Rest Timer";"";"";"";"";"144";"";"";"7.5";"5.2";"22"
"45";"2026-05-30 00:00:00";"Pull";"3101";"Bicep Curl (Machine)";"2";"35.0";"8";"7.0";"";"";"";"";"7.5";"5.2";"22"
"45";"2026-05-30 00:00:00";"Pull";"3101";"Bicep Curl (Machine)";"Rest Timer";"";"";"";"";"98";"";"";"7.5";"5.2";"22"
"45";"2026-05-30 00:00:00";"Pull";"3101";"Bicep Curl (Machine)";"3";"35.0";"5";"7.3";"";"";"";"";"7.5";"5.2";"22"
"45";"2026-05-30 00:00:00";"Pull";"3101";"Bicep Curl (Dumbbell)";"W";"10.0";"15";"";"";"";"";"";"7.5";"5.2";"22"
"45";"2026-05-30 00:00:00";"Pull";"3101";"Bicep Curl (Dumbbell)";"1";"17.5";"14";"6.9";"";"";"";"";"7.5";"5.2";"22"
"45";"2026-05-30 00:00:00";"Pull";"3101";"Bicep Curl (Dumbbell)";"Rest Timer";"";"";"";"";"90";"";"";"7.5";"5.2";"22"
"45";"2026-05-30 00:00:00";"Pull";"3101";"Bicep Curl (Dumbbell)";"2";"17.5";"10";"7.4";"";"";"";"";"7.5";"5.2";"22"
"45";"2026-05-30 00:00:00";"Pull";"3101";"Bicep Curl (Dumbbell)";"Rest Timer";"";"";"";"";"168";"";"";"7.5";"5.2";"22"
"45";"2026-05-30 00:00:00";"Pull";"3101";"Bicep Curl (Dumbbell)";"3";"17.5";"9";"8.1";"";"";"";"";"7.5";"5.2";"22"
"45";"2026-05-30 00:00:00";"Pull";"3101";"Inverted Row (Bodyweight)";"W";"35.0";"11";"";"";"";"";"";"7.5";"5.2";"22"
"45";"2026-05-30 00:00:00";"Pull";"3101";"Inverted Row (Bodyweight)";"1";"60.0";"10";"7.2";"";"";"";"";"7.5";"5.2";"22"
"45";"2026-05-30 00:00:00";"Pull";"3101";"Inverted Row (Bodyweight)";"Rest Timer";"";"";"";"";"112";"";"";"7.5";"5.2";"22"
"45";"2026-05-30 00:00:00";"Pull";"3101";"Inverted Row (Bodyweight)";"2";"62.5";"8";"7.7";"";"";"";"";"7.5";"5.2";"22"
"45";"2026-05-30 00:00:00";"Pull";"3101";"Inverted Row (Bodyweight)";"Rest Timer";"";"";"";"";"172";"";"";"7.5";"5.2";"22"
"45";"2026-05-30 00:00:00";"Pull";"3101";"Inverted Row (Bodyweight)";"3";"65.0";"8";"8.2";"";"";"";"";"7.5";"5.2";"22"
"45";"2026-05-30 00:00:00";"Pull";"3101";"Inverted Row (Bodyweight)";"Rest Timer";"";"";"";"";"140";"";"";"7.5";"5.2";"22"
"45";"2026-05-30 00:00:00";"Pull";"3101";"Inverted Row (Bodyweight)";"4";"67.5";"6";"8.9";"";"";"";"";"7.5";"5.2";"22"
"45";"2026-05-30 00:00:00";"Pull";"3101";"T Bar Row";"W";"17.5";"14";"";"";"";"";"";"7.5";"5.2";"22"
"45";"2026-05-30 00:00:00";"Pull";"3101";"T Bar Row";"1";"30.0";"4";"7.2";"";"";"";"";"7.5";"5.2";"22"
"45";"2026-05-30 00:00:00";"Pull";"3101";"T Bar Row";"Rest Timer";"";"";"";"";"111";"";"";"7.5";"5.2";"22"
"45";"2026-05-30 00:00:00";"Pull";"3101";"T Bar Row";"2";"30.0";"5";"7.6";"";"";"";"";"7.5";"5.2";"22"
"45";"2026-05-30 00:00:00";"Pull";"3101";"T Bar Row";"Rest Timer";"";"";"";"";"144";"";"";"7.5";"5.2";"22"
"45";"2026-05-30 00:00:00";"Pull";"3101";"T Bar Row";"3";"32.5";"2";"8.0";"";"";"";"";"7.5";"5.2";"22"
"45";"2026-05-30 00:00:00";"Pull";"3101";"T Bar Row";"Rest Timer";"";"";"";"";"180";"";"";"7.5";"5.2";"22"
"45";"2026-05-30 00:00:00";"Pull";"3101";"T Bar Row";"4";"35.0";"4";"8.1";"";"";"";"";"7.5";"5.2";"22"
"45";"2026-05-30 00:00:00";"Pull";"3101";"T Bar Row";"Rest Timer";"";"";"";"";"138";"";"";"7.5";"5.2";"22"
"45";"2026-05-30 00:00:00";"Pull";"3101";"T Bar Row";"5";"37.5";"2";"9.5";"";"";"";"";"7.5";"5.2";"22"
"45";"2026-05-30 00:00:00";"Pull";"3101";"Reverse Fly (Cable)";"W";"30.0";"13";"";"";"";"";"";"7.5";"5.2";"22"
"45";"2026-05-30 00:00:00";"Pull";"3101";"Reverse Fly (Cable)";"1";"52.5";"14";"6.8";"";"";"";"";"7.5";"5.2";"22"
"45";"2026-05-30 00:00:00";"Pull";"3101";"Reverse Fly (Cable)";"Rest Timer";"";"";"";"";"160";"";"";"7.5";"5.2";"22"
"45";"2026-05-30 00:00:00";"Pull";"3101";"Reverse Fly (Cable)";"2";"52.5";"12";"7.3";"";"";"";"";"7.5";"5.2";"22"
"45";"2026-05-30 00:00:00";"Pull";"3101";"Reverse Fly (Cable)";"Rest Timer";"";"";"";"";"126";"";"";"7.5";"5.2";"22"
"45";"2026-05-30 00:00:00";"Pull";"3101";"Reverse Fly (Cable)";"3";"52.5";"10";"7.7";"";"";"";"";"7.5";"5.2";"22"
"46";"2026-06-01 00:00:00";"Upper";"4315";"Bench Press (Barbell)";"W";"67.5";"13";"";"";"";"";"";"7.6";"5.5";"23"
"46";"2026-06-01 00:00:00";"Upper";"4315";"Bench Press (Barbell)";"1";"102.5";"6";"7.0";"";"";"";"";"7.6";"5.5";"23"
"46";"2026-06-01 00:00:00";"Upper";"4315";"Bench Press (Barbell)";"Rest Timer";"";"";"";"";"112";"";"";"7.6";"5.5";"23"
"46";"2026-06-01 00:00:00";"Upper";"4315";"Bench Press (Barbell)";"2";"102.5";"8";"7.4";"";"";"";"";"7.6";"5.5";"23"
"46";"2026-06-01 00:00:00";"Upper";"4315";"Bench Press (Barbell)";"Rest Timer";"";"";"";"";"179";"";"";"7.6";"5.5";"23"
"46";"2026-06-01 00:00:00";"Upper";"4315";"Bench Press (Barbell)";"3";"102.5";"7";"8.1";"";"";"";"";"7.6";"5.5";"23"
"46";"2026-06-01 00:00:00";"Upper";"4315";"Bench Press (Barbell)";"Rest Timer";"";"";"";"";"151";"";"";"7.6";"5.5";"23"
"46";"2026-06-01 00:00:00";"Upper";"4315";"Bench Press (Barbell)";"4";"102.5";"7";"8.7";"";"";"";"";"7.6";"5.5";"23"
"46";"2026-06-01 00:00:00";"Upper";"4315";"Lat Pulldown (Cable)";"W";"37.5";"14";"";"";"";"";"";"7.6";"5.5";"23"
"46";"2026-06-01 00:00:00";"Upper";"4315";"Lat Pulldown (Cable)";"1";"60.0";"11";"6.8";"";"";"";"";"7.6";"5.5";"23"
"46";"2026-06-01 00:00:00";"Upper";"4315";"Lat Pulldown (Cable)";"Rest Timer";"";"";"";"";"99";"";"";"7.6";"5.5";"23"
"46";"2026-06-01 00:00:00";"Upper";"4315";"Lat Pulldown (Cable)";"2";"60.0";"10";"7.2";"";"";"";"";"7.6";"5.5";"23"
"46";"2026-06-01 00:00:00";"Upper";"4315";"Lat Pulldown (Cable)";"Rest Timer";"";"";"";"";"175";"";"";"7.6";"5.5";"23"
"46";"2026-06-01 00:00:00";"Upper";"4315";"Lat Pulldown (Cable)";"3";"60.0";"9";"7.8";"";"";"";"";"7.6";"5.5";"23"
"46";"2026-06-01 00:00:00";"Upper";"4315";"Lat Pulldown (Cable)";"Rest Timer";"";"";"";"";"155";"";"";"7.6";"5.5";"23"
"46";"2026-06-01 00:00:00";"Upper";"4315";"Lat Pulldown (Cable)";"4";"60.0";"10";"7.7";"";"";"";"";"7.6";"5.5";"23"
"46";"2026-06-01 00:00:00";"Upper";"4315";"Bent Over Row (Dumbbell)";"W";"20.0";"13";"";"";"";"";"";"7.6";"5.5";"23"
"46";"2026-06-01 00:00:00";"Upper";"4315";"Bent Over Row (Dumbbell)";"1";"30.0";"9";"7.2";"";"";"";"";"7.6";"5.5";"23"
"46";"2026-06-01 00:00:00";"Upper";"4315";"Bent Over Row (Dumbbell)";"Rest Timer";"";"";"";"";"153";"";"";"7.6";"5.5";"23"
"46";"2026-06-01 00:00:00";"Upper";"4315";"Bent Over Row (Dumbbell)";"2";"32.5";"5";"7.6";"";"";"";"";"7.6";"5.5";"23"
"46";"2026-06-01 00:00:00";"Upper";"4315";"Bent Over Row (Dumbbell)";"Rest Timer";"";"";"";"";"98";"";"";"7.6";"5.5";"23"
"46";"2026-06-01 00:00:00";"Upper";"4315";"Bent Over Row (Dumbbell)";"3";"35.0";"3";"7.9";"";"";"";"";"7.6";"5.5";"23"
"46";"2026-06-01 00:00:00";"Upper";"4315";"Bent Over Row (Dumbbell)";"Rest Timer";"";"";"";"";"148";"";"";"7.6";"5.5";"23"
"46";"2026-06-01 00:00:00";"Upper";"4315";"Bent Over Row (Dumbbell)";"4";"35.0";"5";"8.8";"";"";"";"";"7.6";"5.5";"23"
"46";"2026-06-01 00:00:00";"Upper";"4315";"Bench Skullcrucher";"W";"25.0";"12";"";"";"";"";"";"7.6";"5.5";"23"
"46";"2026-06-01 00:00:00";"Upper";"4315";"Bench Skullcrucher";"1";"40.0";"5";"6.5";"";"";"";"";"7.6";"5.5";"23"
"46";"2026-06-01 00:00:00";"Upper";"4315";"Bench Skullcrucher";"Rest Timer";"";"";"";"";"137";"";"";"7.6";"5.5";"23"
"46";"2026-06-01 00:00:00";"Upper";"4315";"Bench Skullcrucher";"2";"40.0";"5";"6.9";"";"";"";"";"7.6";"5.5";"23"
"46";"2026-06-01 00:00:00";"Upper";"4315";"Bench Skullcrucher";"Rest Timer";"";"";"";"";"129";"";"";"7.6";"5.5";"23"
"46";"2026-06-01 00:00:00";"Upper";"4315";"Bench Skullcrucher";"3";"40.0";"4";"7.2";"";"";"";"";"7.6";"5.5";"23"
"46";"2026-06-01 00:00:00";"Upper";"4315";"Bench Skullcrucher";"Rest Timer";"";"";"";"";"119";"";"";"7.6";"5.5";"23"
"46";"2026-06-01 00:00:00";"Upper";"4315";"Bench Skullcrucher";"4";"40.0";"1";"7.4";"";"";"";"";"7.6";"5.5";"23"
"46";"2026-06-01 00:00:00";"Upper";"4315";"Bench Skullcrucher";"Rest Timer";"";"";"";"";"100";"";"";"7.6";"5.5";"23"
"46";"2026-06-01 00:00:00";"Upper";"4315";"Bench Skullcrucher";"5";"40.0";"5";"8.3";"";"";"";"";"7.6";"5.5";"23"
"46";"2026-06-01 00:00:00";"Upper";"4315";"Bicep Curl (Machine)";"W";"20.0";"10";"";"";"";"";"";"7.6";"5.5";"23"
"46";"2026-06-01 00:00:00";"Upper";"4315";"Bicep Curl (Machine)";"1";"32.5";"12";"7.2";"";"";"";"";"7.6";"5.5";"23"
"46";"2026-06-01 00:00:00";"Upper";"4315";"Bicep Curl (Machine)";"Rest Timer";"";"";"";"";"152";"";"";"7.6";"5.5";"23"
"46";"2026-06-01 00:00:00";"Upper";"4315";"Bicep Curl (Machine)";"2";"32.5";"10";"7.7";"";"";"";"";"7.6";"5.5";"23"
"46";"2026-06-01 00:00:00";"Upper";"4315";"Bicep Curl (Machine)";"Rest Timer";"";"";"";"";"110";"";"";"7.6";"5.5";"23"
"46";"2026-06-01 00:00:00";"Upper";"4315";"Bicep Curl (Machine)";"3";"32.5";"7";"8.2";"";"";"";"";"7.6";"5.5";"23"
"46";"2026-06-01 00:00:00";"Upper";"4315";"Bicep Curl (Machine)";"Rest Timer";"";"";"";"";"118";"";"";"7.6";"5.5";"23"
"46";"2026-06-01 00:00:00";"Upper";"4315";"Bicep Curl (Machine)";"4";"32.5";"3";"8.3";"";"";"";"";"7.6";"5.5";"23"
"46";"2026-06-01 00:00:00";"Upper";"4315";"Lateral Raise (Dumbbell)";"W";"10.0";"13";"";"";"";"";"";"7.6";"5.5";"23"
"46";"2026-06-01 00:00:00";"Upper";"4315";"Lateral Raise (Dumbbell)";"1";"17.5";"5";"6.9";"";"";"";"";"7.6";"5.5";"23"
"46";"2026-06-01 00:00:00";"Upper";"4315";"Lateral Raise (Dumbbell)";"Rest Timer";"";"";"";"";"109";"";"";"7.6";"5.5";"23"
"46";"2026-06-01 00:00:00";"Upper";"4315";"Lateral Raise (Dumbbell)";"2";"17.5";"6";"7.4";"";"";"";"";"7.6";"5.5";"23"
"46";"2026-06-01 00:00:00";"Upper";"4315";"Lateral Raise (Dumbbell)";"Rest Timer";"";"";"";"";"95";"";"";"7.6";"5.5";"23"
"46";"2026-06-01 00:00:00";"Upper";"4315";"Lateral Raise (Dumbbell)";"3";"20.0";"4";"8.0";"";"";"";"";"7.6";"5.5";"23"
"46";"2026-06-01 00:00:00";"Upper";"4315";"Incline Chest Press (Machine)";"W";"35.0";"10";"";"";"";"";"";"7.6";"5.5";"23"
"46";"2026-06-01 00:00:00";"Upper";"4315";"Incline Chest Press (Machine)";"1";"60.0";"7";"7.3";"";"";"";"";"7.6";"5.5";"23"
"46";"2026-06-01 00:00:00";"Upper";"4315";"Incline Chest Press (Machine)";"Rest Timer";"";"";"";"";"157";"";"";"7.6";"5.5";"23"
"46";"2026-06-01 00:00:00";"Upper";"4315";"Incline Chest Press (Machine)";"2";"65.0";"6";"7.6";"";"";"";"";"7.6";"5.5";"23"
"46";"2026-06-01 00:00:00";"Upper";"4315";"Incline Chest Press (Machine)";"Rest Timer";"";"";"";"";"151";"";"";"7.6";"5.5";"23"
"46";"2026-06-01 00:00:00";"Upper";"4315";"Incline Chest Press (Machine)";"3";"67.5";"4";"8.2";"";"";"";"";"7.6";"5.5";"23"
"46";"2026-06-01 00:00:00";"Upper";"4315";"Incline Chest Press (Machine)";"Rest Timer";"";"";"";"";"153";"";"";"7.6";"5.5";"23"
"46";"2026-06-01 00:00:00";"Upper";"4315";"Incline Chest Press (Machine)";"4";"70.0";"7";"8.3";"";"";"";"";"7.6";"5.5";"23"
"46";"2026-06-01 00:00:00";"Upper";"4315";"Incline Chest Press (Machine)";"Rest Timer";"";"";"";"";"125";"";"";"7.6";"5.5";"23"
"46";"2026-06-01 00:00:00";"Upper";"4315";"Incline Chest Press (Machine)";"5";"70.0";"3";"8.5";"";"";"";"";"7.6";"5.5";"23"
"47";"2026-06-04 00:00:00";"Evening Workout";"1403";"Aerobics";"W";"32.5";"14";"";"";"";"";"";"7.1";"4.9";"24"
"47";"2026-06-04 00:00:00";"Evening Workout";"1403";"Aerobics";"1";"57.5";"10";"7.0";"";"";"";"";"7.1";"4.9";"24"
"47";"2026-06-04 00:00:00";"Evening Workout";"1403";"Aerobics";"Rest Timer";"";"";"";"";"168";"";"";"7.1";"4.9";"24"
"47";"2026-06-04 00:00:00";"Evening Workout";"1403";"Aerobics";"2";"57.5";"6";"7.6";"";"";"";"";"7.1";"4.9";"24"
"47";"2026-06-04 00:00:00";"Evening Workout";"1403";"Aerobics";"Rest Timer";"";"";"";"";"96";"";"";"7.1";"4.9";"24"
"47";"2026-06-04 00:00:00";"Evening Workout";"1403";"Aerobics";"3";"57.5";"6";"7.7";"";"";"";"";"7.1";"4.9";"24"
"48";"2026-06-06 00:00:00";"Day 1: Power Push (Heavy Chest & Shoulders)";"3972";"Bench Press (Barbell)";"W";"60.0";"10";"";"";"";"";"";"7.2";"4.8";"25"
"48";"2026-06-06 00:00:00";"Day 1: Power Push (Heavy Chest & Shoulders)";"3972";"Bench Press (Barbell)";"1";"102.5";"8";"6.7";"";"";"";"";"7.2";"4.8";"25"
"48";"2026-06-06 00:00:00";"Day 1: Power Push (Heavy Chest & Shoulders)";"3972";"Bench Press (Barbell)";"Rest Timer";"";"";"";"";"138";"";"";"7.2";"4.8";"25"
"48";"2026-06-06 00:00:00";"Day 1: Power Push (Heavy Chest & Shoulders)";"3972";"Bench Press (Barbell)";"2";"102.5";"6";"7.3";"";"";"";"";"7.2";"4.8";"25"
"48";"2026-06-06 00:00:00";"Day 1: Power Push (Heavy Chest & Shoulders)";"3972";"Bench Press (Barbell)";"Rest Timer";"";"";"";"";"172";"";"";"7.2";"4.8";"25"
"48";"2026-06-06 00:00:00";"Day 1: Power Push (Heavy Chest & Shoulders)";"3972";"Bench Press (Barbell)";"3";"102.5";"4";"7.9";"";"";"";"";"7.2";"4.8";"25"
"48";"2026-06-06 00:00:00";"Day 1: Power Push (Heavy Chest & Shoulders)";"3972";"Bench Press (Barbell)";"Rest Timer";"";"";"";"";"95";"";"";"7.2";"4.8";"25"
"48";"2026-06-06 00:00:00";"Day 1: Power Push (Heavy Chest & Shoulders)";"3972";"Bench Press (Barbell)";"4";"102.5";"1";"8.2";"";"";"";"";"7.2";"4.8";"25"
"48";"2026-06-06 00:00:00";"Day 1: Power Push (Heavy Chest & Shoulders)";"3972";"Bench Press (Barbell)";"Rest Timer";"";"";"";"";"151";"";"";"7.2";"4.8";"25"
"48";"2026-06-06 00:00:00";"Day 1: Power Push (Heavy Chest & Shoulders)";"3972";"Bench Press (Barbell)";"5";"102.5";"1";"8.2";"";"";"";"";"7.2";"4.8";"25"
"48";"2026-06-06 00:00:00";"Day 1: Power Push (Heavy Chest & Shoulders)";"3972";"Shoulder Press (Plate Loaded)";"W";"20.0";"12";"";"";"";"";"";"7.2";"4.8";"25"
"48";"2026-06-06 00:00:00";"Day 1: Power Push (Heavy Chest & Shoulders)";"3972";"Shoulder Press (Plate Loaded)";"1";"35.0";"8";"7.3";"";"";"";"";"7.2";"4.8";"25"
"48";"2026-06-06 00:00:00";"Day 1: Power Push (Heavy Chest & Shoulders)";"3972";"Shoulder Press (Plate Loaded)";"Rest Timer";"";"";"";"";"125";"";"";"7.2";"4.8";"25"
"48";"2026-06-06 00:00:00";"Day 1: Power Push (Heavy Chest & Shoulders)";"3972";"Shoulder Press (Plate Loaded)";"2";"37.5";"6";"7.8";"";"";"";"";"7.2";"4.8";"25"
"48";"2026-06-06 00:00:00";"Day 1: Power Push (Heavy Chest & Shoulders)";"3972";"Shoulder Press (Plate Loaded)";"Rest Timer";"";"";"";"";"157";"";"";"7.2";"4.8";"25"
"48";"2026-06-06 00:00:00";"Day 1: Power Push (Heavy Chest & Shoulders)";"3972";"Shoulder Press (Plate Loaded)";"3";"37.5";"3";"7.9";"";"";"";"";"7.2";"4.8";"25"
"48";"2026-06-06 00:00:00";"Day 1: Power Push (Heavy Chest & Shoulders)";"3972";"Shoulder Press (Plate Loaded)";"Rest Timer";"";"";"";"";"180";"";"";"7.2";"4.8";"25"
"48";"2026-06-06 00:00:00";"Day 1: Power Push (Heavy Chest & Shoulders)";"3972";"Shoulder Press (Plate Loaded)";"4";"40.0";"4";"8.8";"";"";"";"";"7.2";"4.8";"25"
"48";"2026-06-06 00:00:00";"Day 1: Power Push (Heavy Chest & Shoulders)";"3972";"Shoulder Press (Plate Loaded)";"Rest Timer";"";"";"";"";"148";"";"";"7.2";"4.8";"25"
"48";"2026-06-06 00:00:00";"Day 1: Power Push (Heavy Chest & Shoulders)";"3972";"Shoulder Press (Plate Loaded)";"5";"42.5";"4";"9.6";"";"";"";"";"7.2";"4.8";"25"
"48";"2026-06-06 00:00:00";"Day 1: Power Push (Heavy Chest & Shoulders)";"3972";"Incline Chest Fly (Dumbbell)";"W";"12.5";"11";"";"";"";"";"";"7.2";"4.8";"25"
"48";"2026-06-06 00:00:00";"Day 1: Power Push (Heavy Chest & Shoulders)";"3972";"Incline Chest Fly (Dumbbell)";"1";"22.5";"10";"6.8";"";"";"";"";"7.2";"4.8";"25"
"48";"2026-06-06 00:00:00";"Day 1: Power Push (Heavy Chest & Shoulders)";"3972";"Incline Chest Fly (Dumbbell)";"Rest Timer";"";"";"";"";"153";"";"";"7.2";"4.8";"25"
"48";"2026-06-06 00:00:00";"Day 1: Power Push (Heavy Chest & Shoulders)";"3972";"Incline Chest Fly (Dumbbell)";"2";"22.5";"8";"7.1";"";"";"";"";"7.2";"4.8";"25"
"48";"2026-06-06 00:00:00";"Day 1: Power Push (Heavy Chest & Shoulders)";"3972";"Incline Chest Fly (Dumbbell)";"Rest Timer";"";"";"";"";"97";"";"";"7.2";"4.8";"25"
"48";"2026-06-06 00:00:00";"Day 1: Power Push (Heavy Chest & Shoulders)";"3972";"Incline Chest Fly (Dumbbell)";"3";"22.5";"7";"8.0";"";"";"";"";"7.2";"4.8";"25"
"48";"2026-06-06 00:00:00";"Day 1: Power Push (Heavy Chest & Shoulders)";"3972";"Lateral Raise (Dumbbell)";"W";"10.0";"15";"";"";"";"";"";"7.2";"4.8";"25"
"48";"2026-06-06 00:00:00";"Day 1: Power Push (Heavy Chest & Shoulders)";"3972";"Lateral Raise (Dumbbell)";"1";"17.5";"3";"6.8";"";"";"";"";"7.2";"4.8";"25"
"48";"2026-06-06 00:00:00";"Day 1: Power Push (Heavy Chest & Shoulders)";"3972";"Lateral Raise (Dumbbell)";"Rest Timer";"";"";"";"";"162";"";"";"7.2";"4.8";"25"
"48";"2026-06-06 00:00:00";"Day 1: Power Push (Heavy Chest & Shoulders)";"3972";"Lateral Raise (Dumbbell)";"2";"17.5";"5";"7.1";"";"";"";"";"7.2";"4.8";"25"
"48";"2026-06-06 00:00:00";"Day 1: Power Push (Heavy Chest & Shoulders)";"3972";"Lateral Raise (Dumbbell)";"Rest Timer";"";"";"";"";"104";"";"";"7.2";"4.8";"25"
"48";"2026-06-06 00:00:00";"Day 1: Power Push (Heavy Chest & Shoulders)";"3972";"Lateral Raise (Dumbbell)";"3";"20.0";"5";"7.4";"";"";"";"";"7.2";"4.8";"25"
"48";"2026-06-06 00:00:00";"Day 1: Power Push (Heavy Chest & Shoulders)";"3972";"Triceps Extension (Cable)";"W";"25.0";"10";"";"";"";"";"";"7.2";"4.8";"25"
"48";"2026-06-06 00:00:00";"Day 1: Power Push (Heavy Chest & Shoulders)";"3972";"Triceps Extension (Cable)";"1";"45.0";"10";"7.2";"";"";"";"";"7.2";"4.8";"25"
"48";"2026-06-06 00:00:00";"Day 1: Power Push (Heavy Chest & Shoulders)";"3972";"Triceps Extension (Cable)";"Rest Timer";"";"";"";"";"158";"";"";"7.2";"4.8";"25"
"48";"2026-06-06 00:00:00";"Day 1: Power Push (Heavy Chest & Shoulders)";"3972";"Triceps Extension (Cable)";"2";"47.5";"9";"7.7";"";"";"";"";"7.2";"4.8";"25"
"48";"2026-06-06 00:00:00";"Day 1: Power Push (Heavy Chest & Shoulders)";"3972";"Triceps Extension (Cable)";"Rest Timer";"";"";"";"";"100";"";"";"7.2";"4.8";"25"
"48";"2026-06-06 00:00:00";"Day 1: Power Push (Heavy Chest & Shoulders)";"3972";"Triceps Extension (Cable)";"3";"50.0";"8";"8.3";"";"";"";"";"7.2";"4.8";"25"
"48";"2026-06-06 00:00:00";"Day 1: Power Push (Heavy Chest & Shoulders)";"3972";"Triceps Extension (Cable)";"Rest Timer";"";"";"";"";"146";"";"";"7.2";"4.8";"25"
"48";"2026-06-06 00:00:00";"Day 1: Power Push (Heavy Chest & Shoulders)";"3972";"Triceps Extension (Cable)";"4";"52.16308";"6";"8.2";"";"";"";"";"7.2";"4.8";"25"
"48";"2026-06-06 00:00:00";"Day 1: Power Push (Heavy Chest & Shoulders)";"3972";"Shoulder Press (Machine)";"W";"25.0";"15";"";"";"";"";"";"7.2";"4.8";"25"
"48";"2026-06-06 00:00:00";"Day 1: Power Push (Heavy Chest & Shoulders)";"3972";"Shoulder Press (Machine)";"1";"40.0";"9";"6.9";"";"";"";"";"7.2";"4.8";"25"
"48";"2026-06-06 00:00:00";"Day 1: Power Push (Heavy Chest & Shoulders)";"3972";"Shoulder Press (Machine)";"Rest Timer";"";"";"";"";"133";"";"";"7.2";"4.8";"25"
"48";"2026-06-06 00:00:00";"Day 1: Power Push (Heavy Chest & Shoulders)";"3972";"Shoulder Press (Machine)";"2";"40.0";"5";"7.2";"";"";"";"";"7.2";"4.8";"25"
"48";"2026-06-06 00:00:00";"Day 1: Power Push (Heavy Chest & Shoulders)";"3972";"Shoulder Press (Machine)";"Rest Timer";"";"";"";"";"179";"";"";"7.2";"4.8";"25"
"48";"2026-06-06 00:00:00";"Day 1: Power Push (Heavy Chest & Shoulders)";"3972";"Shoulder Press (Machine)";"3";"40.0";"7";"8.0";"";"";"";"";"7.2";"4.8";"25"
"48";"2026-06-06 00:00:00";"Day 1: Power Push (Heavy Chest & Shoulders)";"3972";"Shoulder Press (Machine)";"Rest Timer";"";"";"";"";"90";"";"";"7.2";"4.8";"25"
"48";"2026-06-06 00:00:00";"Day 1: Power Push (Heavy Chest & Shoulders)";"3972";"Shoulder Press (Machine)";"4";"40.0";"4";"8.1";"";"";"";"";"7.2";"4.8";"25"
"49";"2026-06-09 00:00:00";"Day 3: Power Pull (Heavy Back & Deadlifts)";"3305";"Lat Pulldown (Cable)";"W";"37.5";"14";"";"";"";"";"";"7.1";"5.6";"26"
"49";"2026-06-09 00:00:00";"Day 3: Power Pull (Heavy Back & Deadlifts)";"3305";"Lat Pulldown (Cable)";"1";"60.0";"9";"7.2";"";"";"";"";"7.1";"5.6";"26"
"49";"2026-06-09 00:00:00";"Day 3: Power Pull (Heavy Back & Deadlifts)";"3305";"Lat Pulldown (Cable)";"Rest Timer";"";"";"";"";"93";"";"";"7.1";"5.6";"26"
"49";"2026-06-09 00:00:00";"Day 3: Power Pull (Heavy Back & Deadlifts)";"3305";"Lat Pulldown (Cable)";"2";"60.0";"6";"7.6";"";"";"";"";"7.1";"5.6";"26"
"49";"2026-06-09 00:00:00";"Day 3: Power Pull (Heavy Back & Deadlifts)";"3305";"Lat Pulldown (Cable)";"Rest Timer";"";"";"";"";"101";"";"";"7.1";"5.6";"26"
"49";"2026-06-09 00:00:00";"Day 3: Power Pull (Heavy Back & Deadlifts)";"3305";"Lat Pulldown (Cable)";"3";"60.0";"6";"7.8";"";"";"";"";"7.1";"5.6";"26"
"49";"2026-06-09 00:00:00";"Day 3: Power Pull (Heavy Back & Deadlifts)";"3305";"Lat Pulldown (Cable)";"Rest Timer";"";"";"";"";"115";"";"";"7.1";"5.6";"26"
"49";"2026-06-09 00:00:00";"Day 3: Power Pull (Heavy Back & Deadlifts)";"3305";"Lat Pulldown (Cable)";"4";"60.0";"4";"8.2";"";"";"";"";"7.1";"5.6";"26"
"49";"2026-06-09 00:00:00";"Day 3: Power Pull (Heavy Back & Deadlifts)";"3305";"Seated Row (Cable)";"W";"17.5";"15";"";"";"";"";"";"7.1";"5.6";"26"
"49";"2026-06-09 00:00:00";"Day 3: Power Pull (Heavy Back & Deadlifts)";"3305";"Seated Row (Cable)";"1";"27.5";"10";"7.1";"";"";"";"";"7.1";"5.6";"26"
"49";"2026-06-09 00:00:00";"Day 3: Power Pull (Heavy Back & Deadlifts)";"3305";"Seated Row (Cable)";"Rest Timer";"";"";"";"";"171";"";"";"7.1";"5.6";"26"
"49";"2026-06-09 00:00:00";"Day 3: Power Pull (Heavy Back & Deadlifts)";"3305";"Seated Row (Cable)";"2";"27.5";"8";"7.6";"";"";"";"";"7.1";"5.6";"26"
"49";"2026-06-09 00:00:00";"Day 3: Power Pull (Heavy Back & Deadlifts)";"3305";"Seated Row (Cable)";"Rest Timer";"";"";"";"";"100";"";"";"7.1";"5.6";"26"
"49";"2026-06-09 00:00:00";"Day 3: Power Pull (Heavy Back & Deadlifts)";"3305";"Seated Row (Cable)";"3";"27.5";"9";"7.8";"";"";"";"";"7.1";"5.6";"26"
"49";"2026-06-09 00:00:00";"Day 3: Power Pull (Heavy Back & Deadlifts)";"3305";"Seated Row (Cable)";"Rest Timer";"";"";"";"";"128";"";"";"7.1";"5.6";"26"
"49";"2026-06-09 00:00:00";"Day 3: Power Pull (Heavy Back & Deadlifts)";"3305";"Seated Row (Cable)";"4";"27.5";"6";"8.8";"";"";"";"";"7.1";"5.6";"26"
"49";"2026-06-09 00:00:00";"Day 3: Power Pull (Heavy Back & Deadlifts)";"3305";"Reverse Fly (Cable)";"W";"30.0";"14";"";"";"";"";"";"7.1";"5.6";"26"
"49";"2026-06-09 00:00:00";"Day 3: Power Pull (Heavy Back & Deadlifts)";"3305";"Reverse Fly (Cable)";"1";"55.0";"10";"7.4";"";"";"";"";"7.1";"5.6";"26"
"49";"2026-06-09 00:00:00";"Day 3: Power Pull (Heavy Back & Deadlifts)";"3305";"Reverse Fly (Cable)";"Rest Timer";"";"";"";"";"148";"";"";"7.1";"5.6";"26"
"49";"2026-06-09 00:00:00";"Day 3: Power Pull (Heavy Back & Deadlifts)";"3305";"Reverse Fly (Cable)";"2";"55.0";"7";"7.7";"";"";"";"";"7.1";"5.6";"26"
"49";"2026-06-09 00:00:00";"Day 3: Power Pull (Heavy Back & Deadlifts)";"3305";"Reverse Fly (Cable)";"Rest Timer";"";"";"";"";"98";"";"";"7.1";"5.6";"26"
"49";"2026-06-09 00:00:00";"Day 3: Power Pull (Heavy Back & Deadlifts)";"3305";"Reverse Fly (Cable)";"3";"55.0";"7";"8.5";"";"";"";"";"7.1";"5.6";"26"
"49";"2026-06-09 00:00:00";"Day 3: Power Pull (Heavy Back & Deadlifts)";"3305";"Reverse Fly (Cable)";"Rest Timer";"";"";"";"";"134";"";"";"7.1";"5.6";"26"
"49";"2026-06-09 00:00:00";"Day 3: Power Pull (Heavy Back & Deadlifts)";"3305";"Reverse Fly (Cable)";"4";"55.0";"6";"9.0";"";"";"";"";"7.1";"5.6";"26"
"49";"2026-06-09 00:00:00";"Day 3: Power Pull (Heavy Back & Deadlifts)";"3305";"Bicep Curl (Machine)";"W";"20.0";"15";"";"";"";"";"";"7.1";"5.6";"26"
"49";"2026-06-09 00:00:00";"Day 3: Power Pull (Heavy Back & Deadlifts)";"3305";"Bicep Curl (Machine)";"1";"32.5";"10";"6.7";"";"";"";"";"7.1";"5.6";"26"
"49";"2026-06-09 00:00:00";"Day 3: Power Pull (Heavy Back & Deadlifts)";"3305";"Bicep Curl (Machine)";"Rest Timer";"";"";"";"";"174";"";"";"7.1";"5.6";"26"
"49";"2026-06-09 00:00:00";"Day 3: Power Pull (Heavy Back & Deadlifts)";"3305";"Bicep Curl (Machine)";"2";"32.5";"11";"7.1";"";"";"";"";"7.1";"5.6";"26"
"49";"2026-06-09 00:00:00";"Day 3: Power Pull (Heavy Back & Deadlifts)";"3305";"Bicep Curl (Machine)";"Rest Timer";"";"";"";"";"92";"";"";"7.1";"5.6";"26"
"49";"2026-06-09 00:00:00";"Day 3: Power Pull (Heavy Back & Deadlifts)";"3305";"Bicep Curl (Machine)";"3";"32.5";"8";"7.5";"";"";"";"";"7.1";"5.6";"26"
"49";"2026-06-09 00:00:00";"Day 3: Power Pull (Heavy Back & Deadlifts)";"3305";"Back Extension";"W";"32.5";"11";"";"";"";"";"";"7.1";"5.6";"26"
"49";"2026-06-09 00:00:00";"Day 3: Power Pull (Heavy Back & Deadlifts)";"3305";"Back Extension";"1";"52.5";"10";"7.1";"";"";"";"";"7.1";"5.6";"26"
"49";"2026-06-09 00:00:00";"Day 3: Power Pull (Heavy Back & Deadlifts)";"3305";"Back Extension";"Rest Timer";"";"";"";"";"137";"";"";"7.1";"5.6";"26"
"49";"2026-06-09 00:00:00";"Day 3: Power Pull (Heavy Back & Deadlifts)";"3305";"Back Extension";"2";"55.0";"11";"7.7";"";"";"";"";"7.1";"5.6";"26"
"49";"2026-06-09 00:00:00";"Day 3: Power Pull (Heavy Back & Deadlifts)";"3305";"Back Extension";"Rest Timer";"";"";"";"";"136";"";"";"7.1";"5.6";"26"
"49";"2026-06-09 00:00:00";"Day 3: Power Pull (Heavy Back & Deadlifts)";"3305";"Back Extension";"3";"57.5";"9";"8.0";"";"";"";"";"7.1";"5.6";"26"
"49";"2026-06-09 00:00:00";"Day 3: Power Pull (Heavy Back & Deadlifts)";"3305";"Shrug (Dumbbell)";"W";"17.5";"14";"";"";"";"";"";"7.1";"5.6";"26"
"49";"2026-06-09 00:00:00";"Day 3: Power Pull (Heavy Back & Deadlifts)";"3305";"Shrug (Dumbbell)";"1";"27.5";"8";"7.3";"";"";"";"";"7.1";"5.6";"26"
"49";"2026-06-09 00:00:00";"Day 3: Power Pull (Heavy Back & Deadlifts)";"3305";"Shrug (Dumbbell)";"Rest Timer";"";"";"";"";"169";"";"";"7.1";"5.6";"26"
"49";"2026-06-09 00:00:00";"Day 3: Power Pull (Heavy Back & Deadlifts)";"3305";"Shrug (Dumbbell)";"2";"30.0";"7";"7.8";"";"";"";"";"7.1";"5.6";"26"
"49";"2026-06-09 00:00:00";"Day 3: Power Pull (Heavy Back & Deadlifts)";"3305";"Shrug (Dumbbell)";"Rest Timer";"";"";"";"";"94";"";"";"7.1";"5.6";"26"
"49";"2026-06-09 00:00:00";"Day 3: Power Pull (Heavy Back & Deadlifts)";"3305";"Shrug (Dumbbell)";"3";"30.0";"7";"8.3";"";"";"";"";"7.1";"5.6";"26"
"49";"2026-06-09 00:00:00";"Day 3: Power Pull (Heavy Back & Deadlifts)";"3305";"Shrug (Dumbbell)";"Rest Timer";"";"";"";"";"122";"";"";"7.1";"5.6";"26"
"49";"2026-06-09 00:00:00";"Day 3: Power Pull (Heavy Back & Deadlifts)";"3305";"Shrug (Dumbbell)";"4";"32.5";"7";"8.3";"";"";"";"";"7.1";"5.6";"26"
"49";"2026-06-09 00:00:00";"Day 3: Power Pull (Heavy Back & Deadlifts)";"3305";"Back Cable Pull";"W";"32.5";"13";"";"";"";"";"";"7.1";"5.6";"26"
"49";"2026-06-09 00:00:00";"Day 3: Power Pull (Heavy Back & Deadlifts)";"3305";"Back Cable Pull";"1";"55.0";"10";"7.2";"";"";"";"";"7.1";"5.6";"26"
"49";"2026-06-09 00:00:00";"Day 3: Power Pull (Heavy Back & Deadlifts)";"3305";"Back Cable Pull";"Rest Timer";"";"";"";"";"180";"";"";"7.1";"5.6";"26"
"49";"2026-06-09 00:00:00";"Day 3: Power Pull (Heavy Back & Deadlifts)";"3305";"Back Cable Pull";"2";"57.5";"10";"7.7";"";"";"";"";"7.1";"5.6";"26"
"49";"2026-06-09 00:00:00";"Day 3: Power Pull (Heavy Back & Deadlifts)";"3305";"Back Cable Pull";"Rest Timer";"";"";"";"";"101";"";"";"7.1";"5.6";"26"
"49";"2026-06-09 00:00:00";"Day 3: Power Pull (Heavy Back & Deadlifts)";"3305";"Back Cable Pull";"3";"60.0";"8";"8.4";"";"";"";"";"7.1";"5.6";"26"
"49";"2026-06-09 00:00:00";"Day 3: Power Pull (Heavy Back & Deadlifts)";"3305";"Iso-Lateral Row (Machine)";"W";"27.5";"10";"";"";"";"";"";"7.1";"5.6";"26"
"49";"2026-06-09 00:00:00";"Day 3: Power Pull (Heavy Back & Deadlifts)";"3305";"Iso-Lateral Row (Machine)";"1";"45.0";"5";"6.5";"";"";"";"";"7.1";"5.6";"26"
"49";"2026-06-09 00:00:00";"Day 3: Power Pull (Heavy Back & Deadlifts)";"3305";"Iso-Lateral Row (Machine)";"Rest Timer";"";"";"";"";"176";"";"";"7.1";"5.6";"26"
"49";"2026-06-09 00:00:00";"Day 3: Power Pull (Heavy Back & Deadlifts)";"3305";"Iso-Lateral Row (Machine)";"2";"45.0";"4";"7.0";"";"";"";"";"7.1";"5.6";"26"
"49";"2026-06-09 00:00:00";"Day 3: Power Pull (Heavy Back & Deadlifts)";"3305";"Iso-Lateral Row (Machine)";"Rest Timer";"";"";"";"";"115";"";"";"7.1";"5.6";"26"
"49";"2026-06-09 00:00:00";"Day 3: Power Pull (Heavy Back & Deadlifts)";"3305";"Iso-Lateral Row (Machine)";"3";"45.0";"3";"7.2";"";"";"";"";"7.1";"5.6";"26"
"49";"2026-06-09 00:00:00";"Day 3: Power Pull (Heavy Back & Deadlifts)";"3305";"Iso-Lateral Row (Machine)";"Rest Timer";"";"";"";"";"123";"";"";"7.1";"5.6";"26"
"49";"2026-06-09 00:00:00";"Day 3: Power Pull (Heavy Back & Deadlifts)";"3305";"Iso-Lateral Row (Machine)";"4";"45.0";"2";"8.0";"";"";"";"";"7.1";"5.6";"26"
"49";"2026-06-09 00:00:00";"Day 3: Power Pull (Heavy Back & Deadlifts)";"3305";"Iso-Lateral Row (Machine)";"Rest Timer";"";"";"";"";"176";"";"";"7.1";"5.6";"26"
"49";"2026-06-09 00:00:00";"Day 3: Power Pull (Heavy Back & Deadlifts)";"3305";"Iso-Lateral Row (Machine)";"5";"45.0";"1";"8.0";"";"";"";"";"7.1";"5.6";"26"
"50";"2026-06-11 00:00:00";"Day 2: Power Legs (Awakening the Squat)";"3856";"Squat (Smith Machine)";"W";"40.0";"12";"";"";"";"";"";"7.8";"4.7";"27"
"50";"2026-06-11 00:00:00";"Day 2: Power Legs (Awakening the Squat)";"3856";"Squat (Smith Machine)";"1";"65.0";"5";"6.5";"";"";"";"";"7.8";"4.7";"27"
"50";"2026-06-11 00:00:00";"Day 2: Power Legs (Awakening the Squat)";"3856";"Squat (Smith Machine)";"Rest Timer";"";"";"";"";"111";"";"";"7.8";"4.7";"27"
"50";"2026-06-11 00:00:00";"Day 2: Power Legs (Awakening the Squat)";"3856";"Squat (Smith Machine)";"2";"67.5";"4";"6.9";"";"";"";"";"7.8";"4.7";"27"
"50";"2026-06-11 00:00:00";"Day 2: Power Legs (Awakening the Squat)";"3856";"Squat (Smith Machine)";"Rest Timer";"";"";"";"";"98";"";"";"7.8";"4.7";"27"
"50";"2026-06-11 00:00:00";"Day 2: Power Legs (Awakening the Squat)";"3856";"Squat (Smith Machine)";"3";"70.0";"7";"7.7";"";"";"";"";"7.8";"4.7";"27"
"50";"2026-06-11 00:00:00";"Day 2: Power Legs (Awakening the Squat)";"3856";"Squat (Smith Machine)";"Rest Timer";"";"";"";"";"137";"";"";"7.8";"4.7";"27"
"50";"2026-06-11 00:00:00";"Day 2: Power Legs (Awakening the Squat)";"3856";"Squat (Smith Machine)";"4";"72.5";"1";"7.9";"";"";"";"";"7.8";"4.7";"27"
"50";"2026-06-11 00:00:00";"Day 2: Power Legs (Awakening the Squat)";"3856";"Squat (Smith Machine)";"Rest Timer";"";"";"";"";"164";"";"";"7.8";"4.7";"27"
"50";"2026-06-11 00:00:00";"Day 2: Power Legs (Awakening the Squat)";"3856";"Squat (Smith Machine)";"5";"82.5";"5";"8.9";"";"";"";"";"7.8";"4.7";"27"
"50";"2026-06-11 00:00:00";"Day 2: Power Legs (Awakening the Squat)";"3856";"Leg Press";"W";"82.5";"15";"";"";"";"";"";"7.8";"4.7";"27"
"50";"2026-06-11 00:00:00";"Day 2: Power Legs (Awakening the Squat)";"3856";"Leg Press";"1";"127.5";"11";"7.0";"";"";"";"";"7.8";"4.7";"27"
"50";"2026-06-11 00:00:00";"Day 2: Power Legs (Awakening the Squat)";"3856";"Leg Press";"Rest Timer";"";"";"";"";"113";"";"";"7.8";"4.7";"27"
"50";"2026-06-11 00:00:00";"Day 2: Power Legs (Awakening the Squat)";"3856";"Leg Press";"2";"135.0";"8";"7.3";"";"";"";"";"7.8";"4.7";"27"
"50";"2026-06-11 00:00:00";"Day 2: Power Legs (Awakening the Squat)";"3856";"Leg Press";"Rest Timer";"";"";"";"";"135";"";"";"7.8";"4.7";"27"
"50";"2026-06-11 00:00:00";"Day 2: Power Legs (Awakening the Squat)";"3856";"Leg Press";"3";"145.0";"9";"7.9";"";"";"";"";"7.8";"4.7";"27"
"50";"2026-06-11 00:00:00";"Day 2: Power Legs (Awakening the Squat)";"3856";"Leg Press";"Rest Timer";"";"";"";"";"97";"";"";"7.8";"4.7";"27"
"50";"2026-06-11 00:00:00";"Day 2: Power Legs (Awakening the Squat)";"3856";"Leg Press";"4";"145.0";"9";"8.3";"";"";"";"";"7.8";"4.7";"27"
"50";"2026-06-11 00:00:00";"Day 2: Power Legs (Awakening the Squat)";"3856";"Lying Leg Curl (Machine)";"W";"20.0";"10";"";"";"";"";"";"7.8";"4.7";"27"
"50";"2026-06-11 00:00:00";"Day 2: Power Legs (Awakening the Squat)";"3856";"Lying Leg Curl (Machine)";"1";"32.5";"9";"7.3";"";"";"";"";"7.8";"4.7";"27"
"50";"2026-06-11 00:00:00";"Day 2: Power Legs (Awakening the Squat)";"3856";"Lying Leg Curl (Machine)";"Rest Timer";"";"";"";"";"175";"";"";"7.8";"4.7";"27"
"50";"2026-06-11 00:00:00";"Day 2: Power Legs (Awakening the Squat)";"3856";"Lying Leg Curl (Machine)";"2";"35.0";"10";"7.6";"";"";"";"";"7.8";"4.7";"27"
"50";"2026-06-11 00:00:00";"Day 2: Power Legs (Awakening the Squat)";"3856";"Lying Leg Curl (Machine)";"Rest Timer";"";"";"";"";"150";"";"";"7.8";"4.7";"27"
"50";"2026-06-11 00:00:00";"Day 2: Power Legs (Awakening the Squat)";"3856";"Lying Leg Curl (Machine)";"3";"37.5";"7";"8.5";"";"";"";"";"7.8";"4.7";"27"
"50";"2026-06-11 00:00:00";"Day 2: Power Legs (Awakening the Squat)";"3856";"Lying Leg Curl (Machine)";"Rest Timer";"";"";"";"";"155";"";"";"7.8";"4.7";"27"
"50";"2026-06-11 00:00:00";"Day 2: Power Legs (Awakening the Squat)";"3856";"Lying Leg Curl (Machine)";"4";"37.5";"5";"8.4";"";"";"";"";"7.8";"4.7";"27"
"50";"2026-06-11 00:00:00";"Day 2: Power Legs (Awakening the Squat)";"3856";"Standing Calf Raise (Bodyweight)";"W";"30.0";"11";"";"";"";"";"";"7.8";"4.7";"27"
"50";"2026-06-11 00:00:00";"Day 2: Power Legs (Awakening the Squat)";"3856";"Standing Calf Raise (Bodyweight)";"1";"55.0";"9";"6.7";"";"";"";"";"7.8";"4.7";"27"
"50";"2026-06-11 00:00:00";"Day 2: Power Legs (Awakening the Squat)";"3856";"Standing Calf Raise (Bodyweight)";"Rest Timer";"";"";"";"";"106";"";"";"7.8";"4.7";"27"
"50";"2026-06-11 00:00:00";"Day 2: Power Legs (Awakening the Squat)";"3856";"Standing Calf Raise (Bodyweight)";"2";"57.5";"7";"7.0";"";"";"";"";"7.8";"4.7";"27"
"50";"2026-06-11 00:00:00";"Day 2: Power Legs (Awakening the Squat)";"3856";"Standing Calf Raise (Bodyweight)";"Rest Timer";"";"";"";"";"99";"";"";"7.8";"4.7";"27"
"50";"2026-06-11 00:00:00";"Day 2: Power Legs (Awakening the Squat)";"3856";"Standing Calf Raise (Bodyweight)";"3";"60.0";"5";"7.4";"";"";"";"";"7.8";"4.7";"27"
"50";"2026-06-11 00:00:00";"Day 2: Power Legs (Awakening the Squat)";"3856";"Lateral Raise (Cable)";"W";"7.5";"14";"";"";"";"";"";"7.8";"4.7";"27"
"50";"2026-06-11 00:00:00";"Day 2: Power Legs (Awakening the Squat)";"3856";"Lateral Raise (Cable)";"1";"12.5";"7";"6.6";"";"";"";"";"7.8";"4.7";"27"
"50";"2026-06-11 00:00:00";"Day 2: Power Legs (Awakening the Squat)";"3856";"Lateral Raise (Cable)";"Rest Timer";"";"";"";"";"169";"";"";"7.8";"4.7";"27"
"50";"2026-06-11 00:00:00";"Day 2: Power Legs (Awakening the Squat)";"3856";"Lateral Raise (Cable)";"2";"12.5";"6";"7.2";"";"";"";"";"7.8";"4.7";"27"
"50";"2026-06-11 00:00:00";"Day 2: Power Legs (Awakening the Squat)";"3856";"Lateral Raise (Cable)";"Rest Timer";"";"";"";"";"105";"";"";"7.8";"4.7";"27"
"50";"2026-06-11 00:00:00";"Day 2: Power Legs (Awakening the Squat)";"3856";"Lateral Raise (Cable)";"3";"15.0";"9";"7.2";"";"";"";"";"7.8";"4.7";"27"
"50";"2026-06-11 00:00:00";"Day 2: Power Legs (Awakening the Squat)";"3856";"Lateral Raise (Cable)";"Rest Timer";"";"";"";"";"160";"";"";"7.8";"4.7";"27"
"50";"2026-06-11 00:00:00";"Day 2: Power Legs (Awakening the Squat)";"3856";"Lateral Raise (Cable)";"4";"15.0";"4";"7.9";"";"";"";"";"7.8";"4.7";"27"
"50";"2026-06-11 00:00:00";"Day 2: Power Legs (Awakening the Squat)";"3856";"Squat (Barbell)";"W";"52.5";"15";"";"";"";"";"";"7.8";"4.7";"27"
"50";"2026-06-11 00:00:00";"Day 2: Power Legs (Awakening the Squat)";"3856";"Squat (Barbell)";"1";"95.0";"9";"6.6";"";"";"";"";"7.8";"4.7";"27"
"50";"2026-06-11 00:00:00";"Day 2: Power Legs (Awakening the Squat)";"3856";"Squat (Barbell)";"Rest Timer";"";"";"";"";"102";"";"";"7.8";"4.7";"27"
"50";"2026-06-11 00:00:00";"Day 2: Power Legs (Awakening the Squat)";"3856";"Squat (Barbell)";"2";"100.0";"6";"7.0";"";"";"";"";"7.8";"4.7";"27"
"50";"2026-06-11 00:00:00";"Day 2: Power Legs (Awakening the Squat)";"3856";"Squat (Barbell)";"Rest Timer";"";"";"";"";"159";"";"";"7.8";"4.7";"27"
"50";"2026-06-11 00:00:00";"Day 2: Power Legs (Awakening the Squat)";"3856";"Squat (Barbell)";"3";"107.5";"4";"7.6";"";"";"";"";"7.8";"4.7";"27"
"50";"2026-06-11 00:00:00";"Day 2: Power Legs (Awakening the Squat)";"3856";"Squat (Barbell)";"Rest Timer";"";"";"";"";"150";"";"";"7.8";"4.7";"27"
"50";"2026-06-11 00:00:00";"Day 2: Power Legs (Awakening the Squat)";"3856";"Squat (Barbell)";"4";"115.0";"4";"7.5";"";"";"";"";"7.8";"4.7";"27"
"50";"2026-06-11 00:00:00";"Day 2: Power Legs (Awakening the Squat)";"3856";"One Leg Curl Plates Loaded";"W";"10.0";"12";"";"";"";"";"";"7.8";"4.7";"27"
"50";"2026-06-11 00:00:00";"Day 2: Power Legs (Awakening the Squat)";"3856";"One Leg Curl Plates Loaded";"1";"17.5";"11";"6.6";"";"";"";"";"7.8";"4.7";"27"
"50";"2026-06-11 00:00:00";"Day 2: Power Legs (Awakening the Squat)";"3856";"One Leg Curl Plates Loaded";"Rest Timer";"";"";"";"";"133";"";"";"7.8";"4.7";"27"
"50";"2026-06-11 00:00:00";"Day 2: Power Legs (Awakening the Squat)";"3856";"One Leg Curl Plates Loaded";"2";"17.5";"8";"6.9";"";"";"";"";"7.8";"4.7";"27"
"50";"2026-06-11 00:00:00";"Day 2: Power Legs (Awakening the Squat)";"3856";"One Leg Curl Plates Loaded";"Rest Timer";"";"";"";"";"150";"";"";"7.8";"4.7";"27"
"50";"2026-06-11 00:00:00";"Day 2: Power Legs (Awakening the Squat)";"3856";"One Leg Curl Plates Loaded";"3";"17.5";"7";"7.2";"";"";"";"";"7.8";"4.7";"27"
"50";"2026-06-11 00:00:00";"Day 2: Power Legs (Awakening the Squat)";"3856";"One Leg Curl Plates Loaded";"Rest Timer";"";"";"";"";"126";"";"";"7.8";"4.7";"27"
"50";"2026-06-11 00:00:00";"Day 2: Power Legs (Awakening the Squat)";"3856";"One Leg Curl Plates Loaded";"4";"17.5";"5";"8.3";"";"";"";"";"7.8";"4.7";"27"
"50";"2026-06-11 00:00:00";"Day 2: Power Legs (Awakening the Squat)";"3856";"Seated Calf Raise (Plate Loaded)";"W";"22.5";"15";"";"";"";"";"";"7.8";"4.7";"27"
"50";"2026-06-11 00:00:00";"Day 2: Power Legs (Awakening the Squat)";"3856";"Seated Calf Raise (Plate Loaded)";"1";"37.5";"8";"6.7";"";"";"";"";"7.8";"4.7";"27"
"50";"2026-06-11 00:00:00";"Day 2: Power Legs (Awakening the Squat)";"3856";"Seated Calf Raise (Plate Loaded)";"Rest Timer";"";"";"";"";"116";"";"";"7.8";"4.7";"27"
"50";"2026-06-11 00:00:00";"Day 2: Power Legs (Awakening the Squat)";"3856";"Seated Calf Raise (Plate Loaded)";"2";"37.5";"6";"7.2";"";"";"";"";"7.8";"4.7";"27"
"50";"2026-06-11 00:00:00";"Day 2: Power Legs (Awakening the Squat)";"3856";"Seated Calf Raise (Plate Loaded)";"Rest Timer";"";"";"";"";"100";"";"";"7.8";"4.7";"27"
"50";"2026-06-11 00:00:00";"Day 2: Power Legs (Awakening the Squat)";"3856";"Seated Calf Raise (Plate Loaded)";"3";"37.5";"6";"7.6";"";"";"";"";"7.8";"4.7";"27"
"51";"2026-06-14 00:00:00";"Push";"5244";"Bench Press (Barbell)";"W";"67.5";"15";"";"";"";"";"";"7.5";"5.7";"28"
"51";"2026-06-14 00:00:00";"Push";"5244";"Bench Press (Barbell)";"1";"112.5";"8";"6.6";"";"";"";"";"7.5";"5.7";"28"
"51";"2026-06-14 00:00:00";"Push";"5244";"Bench Press (Barbell)";"Rest Timer";"";"";"";"";"112";"";"";"7.5";"5.7";"28"
"51";"2026-06-14 00:00:00";"Push";"5244";"Bench Press (Barbell)";"2";"117.5";"9";"7.0";"";"";"";"";"7.5";"5.7";"28"
"51";"2026-06-14 00:00:00";"Push";"5244";"Bench Press (Barbell)";"Rest Timer";"";"";"";"";"155";"";"";"7.5";"5.7";"28"
"51";"2026-06-14 00:00:00";"Push";"5244";"Bench Press (Barbell)";"3";"125.0";"7";"7.7";"";"";"";"";"7.5";"5.7";"28"
"51";"2026-06-14 00:00:00";"Push";"5244";"Bench Press (Barbell)";"Rest Timer";"";"";"";"";"157";"";"";"7.5";"5.7";"28"
"51";"2026-06-14 00:00:00";"Push";"5244";"Bench Press (Barbell)";"4";"135.0";"5";"8.2";"";"";"";"";"7.5";"5.7";"28"
"51";"2026-06-14 00:00:00";"Push";"5244";"Seated Overhead Press (Dumbbell)";"W";"22.5";"10";"";"";"";"";"";"7.5";"5.7";"28"
"51";"2026-06-14 00:00:00";"Push";"5244";"Seated Overhead Press (Dumbbell)";"1";"37.5";"9";"7.0";"";"";"";"";"7.5";"5.7";"28"
"51";"2026-06-14 00:00:00";"Push";"5244";"Seated Overhead Press (Dumbbell)";"Rest Timer";"";"";"";"";"148";"";"";"7.5";"5.7";"28"
"51";"2026-06-14 00:00:00";"Push";"5244";"Seated Overhead Press (Dumbbell)";"2";"40.0";"6";"7.5";"";"";"";"";"7.5";"5.7";"28"
"51";"2026-06-14 00:00:00";"Push";"5244";"Seated Overhead Press (Dumbbell)";"Rest Timer";"";"";"";"";"160";"";"";"7.5";"5.7";"28"
"51";"2026-06-14 00:00:00";"Push";"5244";"Seated Overhead Press (Dumbbell)";"3";"42.5";"6";"7.9";"";"";"";"";"7.5";"5.7";"28"
"51";"2026-06-14 00:00:00";"Push";"5244";"Seated Overhead Press (Dumbbell)";"Rest Timer";"";"";"";"";"134";"";"";"7.5";"5.7";"28"
"51";"2026-06-14 00:00:00";"Push";"5244";"Seated Overhead Press (Dumbbell)";"4";"42.5";"6";"8.7";"";"";"";"";"7.5";"5.7";"28"
"51";"2026-06-14 00:00:00";"Push";"5244";"Seated Overhead Press (Dumbbell)";"Rest Timer";"";"";"";"";"115";"";"";"7.5";"5.7";"28"
"51";"2026-06-14 00:00:00";"Push";"5244";"Seated Overhead Press (Dumbbell)";"5";"46.0";"5";"9.3";"";"";"";"";"7.5";"5.7";"28"
"51";"2026-06-14 00:00:00";"Push";"5244";"Incline Chest Press (Machine)";"W";"35.0";"13";"";"";"";"";"";"7.5";"5.7";"28"
"51";"2026-06-14 00:00:00";"Push";"5244";"Incline Chest Press (Machine)";"1";"62.5";"8";"7.5";"";"";"";"";"7.5";"5.7";"28"
"51";"2026-06-14 00:00:00";"Push";"5244";"Incline Chest Press (Machine)";"Rest Timer";"";"";"";"";"124";"";"";"7.5";"5.7";"28"
"51";"2026-06-14 00:00:00";"Push";"5244";"Incline Chest Press (Machine)";"2";"62.5";"7";"7.8";"";"";"";"";"7.5";"5.7";"28"
"51";"2026-06-14 00:00:00";"Push";"5244";"Incline Chest Press (Machine)";"Rest Timer";"";"";"";"";"120";"";"";"7.5";"5.7";"28"
"51";"2026-06-14 00:00:00";"Push";"5244";"Incline Chest Press (Machine)";"3";"62.5";"8";"8.2";"";"";"";"";"7.5";"5.7";"28"
"51";"2026-06-14 00:00:00";"Push";"5244";"Incline Chest Press (Machine)";"Rest Timer";"";"";"";"";"157";"";"";"7.5";"5.7";"28"
"51";"2026-06-14 00:00:00";"Push";"5244";"Incline Chest Press (Machine)";"4";"62.5";"4";"8.5";"";"";"";"";"7.5";"5.7";"28"
"51";"2026-06-14 00:00:00";"Push";"5244";"Lateral Raise (Cable)";"W";"7.5";"14";"";"";"";"";"";"7.5";"5.7";"28"
"51";"2026-06-14 00:00:00";"Push";"5244";"Lateral Raise (Cable)";"1";"12.5";"7";"7.0";"";"";"";"";"7.5";"5.7";"28"
"51";"2026-06-14 00:00:00";"Push";"5244";"Lateral Raise (Cable)";"Rest Timer";"";"";"";"";"157";"";"";"7.5";"5.7";"28"
"51";"2026-06-14 00:00:00";"Push";"5244";"Lateral Raise (Cable)";"2";"12.5";"6";"7.4";"";"";"";"";"7.5";"5.7";"28"
"51";"2026-06-14 00:00:00";"Push";"5244";"Lateral Raise (Cable)";"Rest Timer";"";"";"";"";"169";"";"";"7.5";"5.7";"28"
"51";"2026-06-14 00:00:00";"Push";"5244";"Lateral Raise (Cable)";"3";"15.0";"4";"7.6";"";"";"";"";"7.5";"5.7";"28"
"51";"2026-06-14 00:00:00";"Push";"5244";"Lateral Raise (Cable)";"Rest Timer";"";"";"";"";"131";"";"";"7.5";"5.7";"28"
"51";"2026-06-14 00:00:00";"Push";"5244";"Lateral Raise (Cable)";"4";"15.0";"2";"8.2";"";"";"";"";"7.5";"5.7";"28"
"51";"2026-06-14 00:00:00";"Push";"5244";"Skullcrusher (Dumbbell)";"W";"7.5";"11";"";"";"";"";"";"7.5";"5.7";"28"
"51";"2026-06-14 00:00:00";"Push";"5244";"Skullcrusher (Dumbbell)";"1";"10.0";"9";"7.5";"";"";"";"";"7.5";"5.7";"28"
"51";"2026-06-14 00:00:00";"Push";"5244";"Skullcrusher (Dumbbell)";"Rest Timer";"";"";"";"";"108";"";"";"7.5";"5.7";"28"
"51";"2026-06-14 00:00:00";"Push";"5244";"Skullcrusher (Dumbbell)";"2";"10.0";"8";"7.8";"";"";"";"";"7.5";"5.7";"28"
"51";"2026-06-14 00:00:00";"Push";"5244";"Skullcrusher (Dumbbell)";"Rest Timer";"";"";"";"";"104";"";"";"7.5";"5.7";"28"
"51";"2026-06-14 00:00:00";"Push";"5244";"Skullcrusher (Dumbbell)";"3";"10.0";"8";"8.2";"";"";"";"";"7.5";"5.7";"28"
"51";"2026-06-14 00:00:00";"Push";"5244";"Triceps Extension";"W";"20.0";"15";"";"";"";"";"";"7.5";"5.7";"28"
"51";"2026-06-14 00:00:00";"Push";"5244";"Triceps Extension";"1";"35.0";"6";"7.0";"";"";"";"";"7.5";"5.7";"28"
"51";"2026-06-14 00:00:00";"Push";"5244";"Triceps Extension";"Rest Timer";"";"";"";"";"129";"";"";"7.5";"5.7";"28"
"51";"2026-06-14 00:00:00";"Push";"5244";"Triceps Extension";"2";"37.5";"7";"7.4";"";"";"";"";"7.5";"5.7";"28"
"51";"2026-06-14 00:00:00";"Push";"5244";"Triceps Extension";"Rest Timer";"";"";"";"";"155";"";"";"7.5";"5.7";"28"
"51";"2026-06-14 00:00:00";"Push";"5244";"Triceps Extension";"3";"37.5";"6";"8.2";"";"";"";"";"7.5";"5.7";"28"
"51";"2026-06-14 00:00:00";"Push";"5244";"Incline Chest Fly (Dumbbell)";"W";"12.5";"14";"";"";"";"";"";"7.5";"5.7";"28"
"51";"2026-06-14 00:00:00";"Push";"5244";"Incline Chest Fly (Dumbbell)";"1";"22.5";"5";"6.6";"";"";"";"";"7.5";"5.7";"28"
"51";"2026-06-14 00:00:00";"Push";"5244";"Incline Chest Fly (Dumbbell)";"Rest Timer";"";"";"";"";"131";"";"";"7.5";"5.7";"28"
"51";"2026-06-14 00:00:00";"Push";"5244";"Incline Chest Fly (Dumbbell)";"2";"22.5";"4";"6.9";"";"";"";"";"7.5";"5.7";"28"
"51";"2026-06-14 00:00:00";"Push";"5244";"Incline Chest Fly (Dumbbell)";"Rest Timer";"";"";"";"";"145";"";"";"7.5";"5.7";"28"
"51";"2026-06-14 00:00:00";"Push";"5244";"Incline Chest Fly (Dumbbell)";"3";"25.0";"5";"7.7";"";"";"";"";"7.5";"5.7";"28"
"51";"2026-06-14 00:00:00";"Push";"5244";"Incline Chest Fly (Dumbbell)";"Rest Timer";"";"";"";"";"115";"";"";"7.5";"5.7";"28"
"51";"2026-06-14 00:00:00";"Push";"5244";"Incline Chest Fly (Dumbbell)";"4";"25.0";"2";"7.9";"";"";"";"";"7.5";"5.7";"28"
"51";"2026-06-14 00:00:00";"Push";"5244";"Back Cable Pull";"W";"32.5";"15";"";"";"";"";"";"7.5";"5.7";"28"
"51";"2026-06-14 00:00:00";"Push";"5244";"Back Cable Pull";"1";"57.5";"7";"7.0";"";"";"";"";"7.5";"5.7";"28"
"51";"2026-06-14 00:00:00";"Push";"5244";"Back Cable Pull";"Rest Timer";"";"";"";"";"167";"";"";"7.5";"5.7";"28"
"51";"2026-06-14 00:00:00";"Push";"5244";"Back Cable Pull";"2";"57.5";"9";"7.3";"";"";"";"";"7.5";"5.7";"28"
"51";"2026-06-14 00:00:00";"Push";"5244";"Back Cable Pull";"Rest Timer";"";"";"";"";"152";"";"";"7.5";"5.7";"28"
"51";"2026-06-14 00:00:00";"Push";"5244";"Back Cable Pull";"3";"57.5";"8";"7.8";"";"";"";"";"7.5";"5.7";"28"
"52";"2026-06-16 00:00:00";"Pull";"3010";"Lat Pulldown (Cable)";"W";"35.0";"13";"";"";"";"";"";"7.3";"5.8";"29"
"52";"2026-06-16 00:00:00";"Pull";"3010";"Lat Pulldown (Cable)";"1";"60.0";"5";"7.1";"";"";"";"";"7.3";"5.8";"29"
"52";"2026-06-16 00:00:00";"Pull";"3010";"Lat Pulldown (Cable)";"Rest Timer";"";"";"";"";"122";"";"";"7.3";"5.8";"29"
"52";"2026-06-16 00:00:00";"Pull";"3010";"Lat Pulldown (Cable)";"2";"62.5";"7";"7.4";"";"";"";"";"7.3";"5.8";"29"
"52";"2026-06-16 00:00:00";"Pull";"3010";"Lat Pulldown (Cable)";"Rest Timer";"";"";"";"";"105";"";"";"7.3";"5.8";"29"
"52";"2026-06-16 00:00:00";"Pull";"3010";"Lat Pulldown (Cable)";"3";"65.0";"5";"7.7";"";"";"";"";"7.3";"5.8";"29"
"52";"2026-06-16 00:00:00";"Pull";"3010";"Seated Row (Machine)";"W";"45.0";"12";"";"";"";"";"";"7.3";"5.8";"29"
"52";"2026-06-16 00:00:00";"Pull";"3010";"Seated Row (Machine)";"1";"70.0";"10";"6.7";"";"";"";"";"7.3";"5.8";"29"
"52";"2026-06-16 00:00:00";"Pull";"3010";"Seated Row (Machine)";"Rest Timer";"";"";"";"";"142";"";"";"7.3";"5.8";"29"
"52";"2026-06-16 00:00:00";"Pull";"3010";"Seated Row (Machine)";"2";"70.0";"6";"7.3";"";"";"";"";"7.3";"5.8";"29"
"52";"2026-06-16 00:00:00";"Pull";"3010";"Seated Row (Machine)";"Rest Timer";"";"";"";"";"140";"";"";"7.3";"5.8";"29"
"52";"2026-06-16 00:00:00";"Pull";"3010";"Seated Row (Machine)";"3";"70.0";"4";"7.8";"";"";"";"";"7.3";"5.8";"29"
"52";"2026-06-16 00:00:00";"Pull";"3010";"Seated Row (Machine)";"Rest Timer";"";"";"";"";"134";"";"";"7.3";"5.8";"29"
"52";"2026-06-16 00:00:00";"Pull";"3010";"Seated Row (Machine)";"4";"70.0";"4";"7.9";"";"";"";"";"7.3";"5.8";"29"
"52";"2026-06-16 00:00:00";"Pull";"3010";"Seated Row (Machine)";"Rest Timer";"";"";"";"";"107";"";"";"7.3";"5.8";"29"
"52";"2026-06-16 00:00:00";"Pull";"3010";"Seated Row (Machine)";"5";"70.0";"1";"8.5";"";"";"";"";"7.3";"5.8";"29"
"52";"2026-06-16 00:00:00";"Pull";"3010";"Face Pull (Cable)";"W";"27.5";"12";"";"";"";"";"";"7.3";"5.8";"29"
"52";"2026-06-16 00:00:00";"Pull";"3010";"Face Pull (Cable)";"1";"45.0";"5";"7.0";"";"";"";"";"7.3";"5.8";"29"
"52";"2026-06-16 00:00:00";"Pull";"3010";"Face Pull (Cable)";"Rest Timer";"";"";"";"";"149";"";"";"7.3";"5.8";"29"
"52";"2026-06-16 00:00:00";"Pull";"3010";"Face Pull (Cable)";"2";"45.0";"4";"7.6";"";"";"";"";"7.3";"5.8";"29"
"52";"2026-06-16 00:00:00";"Pull";"3010";"Face Pull (Cable)";"Rest Timer";"";"";"";"";"172";"";"";"7.3";"5.8";"29"
"52";"2026-06-16 00:00:00";"Pull";"3010";"Face Pull (Cable)";"3";"45.0";"3";"8.2";"";"";"";"";"7.3";"5.8";"29"
"52";"2026-06-16 00:00:00";"Pull";"3010";"Face Pull (Cable)";"Rest Timer";"";"";"";"";"91";"";"";"7.3";"5.8";"29"
"52";"2026-06-16 00:00:00";"Pull";"3010";"Face Pull (Cable)";"4";"45.0";"4";"8.8";"";"";"";"";"7.3";"5.8";"29"
"52";"2026-06-16 00:00:00";"Pull";"3010";"Bicep Curl (Machine)";"W";"20.0";"15";"";"";"";"";"";"7.3";"5.8";"29"
"52";"2026-06-16 00:00:00";"Pull";"3010";"Bicep Curl (Machine)";"1";"32.5";"8";"7.4";"";"";"";"";"7.3";"5.8";"29"
"52";"2026-06-16 00:00:00";"Pull";"3010";"Bicep Curl (Machine)";"Rest Timer";"";"";"";"";"164";"";"";"7.3";"5.8";"29"
"52";"2026-06-16 00:00:00";"Pull";"3010";"Bicep Curl (Machine)";"2";"32.5";"8";"7.8";"";"";"";"";"7.3";"5.8";"29"
"52";"2026-06-16 00:00:00";"Pull";"3010";"Bicep Curl (Machine)";"Rest Timer";"";"";"";"";"105";"";"";"7.3";"5.8";"29"
"52";"2026-06-16 00:00:00";"Pull";"3010";"Bicep Curl (Machine)";"3";"32.5";"9";"8.3";"";"";"";"";"7.3";"5.8";"29"
"52";"2026-06-16 00:00:00";"Pull";"3010";"Bicep Curl (Dumbbell)";"W";"10.0";"11";"";"";"";"";"";"7.3";"5.8";"29"
"52";"2026-06-16 00:00:00";"Pull";"3010";"Bicep Curl (Dumbbell)";"1";"17.5";"9";"6.7";"";"";"";"";"7.3";"5.8";"29"
"52";"2026-06-16 00:00:00";"Pull";"3010";"Bicep Curl (Dumbbell)";"Rest Timer";"";"";"";"";"137";"";"";"7.3";"5.8";"29"
"52";"2026-06-16 00:00:00";"Pull";"3010";"Bicep Curl (Dumbbell)";"2";"17.5";"7";"7.3";"";"";"";"";"7.3";"5.8";"29"
"52";"2026-06-16 00:00:00";"Pull";"3010";"Bicep Curl (Dumbbell)";"Rest Timer";"";"";"";"";"98";"";"";"7.3";"5.8";"29"
"52";"2026-06-16 00:00:00";"Pull";"3010";"Bicep Curl (Dumbbell)";"3";"17.5";"5";"7.9";"";"";"";"";"7.3";"5.8";"29"
"52";"2026-06-16 00:00:00";"Pull";"3010";"Chest Fly";"W";"47.5";"15";"";"";"";"";"";"7.3";"5.8";"29"
"52";"2026-06-16 00:00:00";"Pull";"3010";"Chest Fly";"1";"80.0";"8";"7.4";"";"";"";"";"7.3";"5.8";"29"
"52";"2026-06-16 00:00:00";"Pull";"3010";"Chest Fly";"Rest Timer";"";"";"";"";"134";"";"";"7.3";"5.8";"29"
"52";"2026-06-16 00:00:00";"Pull";"3010";"Chest Fly";"2";"80.0";"9";"7.9";"";"";"";"";"7.3";"5.8";"29"
"52";"2026-06-16 00:00:00";"Pull";"3010";"Chest Fly";"Rest Timer";"";"";"";"";"131";"";"";"7.3";"5.8";"29"
"52";"2026-06-16 00:00:00";"Pull";"3010";"Chest Fly";"3";"80.0";"7";"8.3";"";"";"";"";"7.3";"5.8";"29"
"52";"2026-06-16 00:00:00";"Pull";"3010";"T Bar Row";"W";"17.5";"15";"";"";"";"";"";"7.3";"5.8";"29"
"52";"2026-06-16 00:00:00";"Pull";"3010";"T Bar Row";"1";"30.0";"2";"7.4";"";"";"";"";"7.3";"5.8";"29"
"52";"2026-06-16 00:00:00";"Pull";"3010";"T Bar Row";"Rest Timer";"";"";"";"";"94";"";"";"7.3";"5.8";"29"
"52";"2026-06-16 00:00:00";"Pull";"3010";"T Bar Row";"2";"30.0";"5";"7.9";"";"";"";"";"7.3";"5.8";"29"
"52";"2026-06-16 00:00:00";"Pull";"3010";"T Bar Row";"Rest Timer";"";"";"";"";"90";"";"";"7.3";"5.8";"29"
"52";"2026-06-16 00:00:00";"Pull";"3010";"T Bar Row";"3";"30.0";"3";"8.1";"";"";"";"";"7.3";"5.8";"29"
"52";"2026-06-16 00:00:00";"Pull";"3010";"T Bar Row";"Rest Timer";"";"";"";"";"92";"";"";"7.3";"5.8";"29"
"52";"2026-06-16 00:00:00";"Pull";"3010";"T Bar Row";"4";"30.0";"5";"8.4";"";"";"";"";"7.3";"5.8";"29"
"52";"2026-06-16 00:00:00";"Pull";"3010";"Reverse Fly (Cable)";"W";"30.0";"12";"";"";"";"";"";"7.3";"5.8";"29"
"52";"2026-06-16 00:00:00";"Pull";"3010";"Reverse Fly (Cable)";"1";"52.5";"5";"7.2";"";"";"";"";"7.3";"5.8";"29"
"52";"2026-06-16 00:00:00";"Pull";"3010";"Reverse Fly (Cable)";"Rest Timer";"";"";"";"";"116";"";"";"7.3";"5.8";"29"
"52";"2026-06-16 00:00:00";"Pull";"3010";"Reverse Fly (Cable)";"2";"55.0";"7";"7.7";"";"";"";"";"7.3";"5.8";"29"
"52";"2026-06-16 00:00:00";"Pull";"3010";"Reverse Fly (Cable)";"Rest Timer";"";"";"";"";"167";"";"";"7.3";"5.8";"29"
"52";"2026-06-16 00:00:00";"Pull";"3010";"Reverse Fly (Cable)";"3";"57.5";"5";"8.1";"";"";"";"";"7.3";"5.8";"29"
"52";"2026-06-16 00:00:00";"Pull";"3010";"Reverse Fly (Cable)";"Rest Timer";"";"";"";"";"144";"";"";"7.3";"5.8";"29"
"52";"2026-06-16 00:00:00";"Pull";"3010";"Reverse Fly (Cable)";"4";"60.0";"4";"8.7";"";"";"";"";"7.3";"5.8";"29"
"53";"2026-06-19 00:00:00";"Upper";"4090";"Bench Press (Barbell)";"W";"67.5";"11";"";"";"";"";"";"7.8";"3.9";"30"
"53";"2026-06-19 00:00:00";"Upper";"4090";"Bench Press (Barbell)";"1";"107.5";"6";"7.2";"";"";"";"";"7.8";"3.9";"30"
"53";"2026-06-19 00:00:00";"Upper";"4090";"Bench Press (Barbell)";"Rest Timer";"";"";"";"";"180";"";"";"7.8";"3.9";"30"
"53";"2026-06-19 00:00:00";"Upper";"4090";"Bench Press (Barbell)";"2";"107.5";"5";"7.7";"";"";"";"";"7.8";"3.9";"30"
"53";"2026-06-19 00:00:00";"Upper";"4090";"Bench Press (Barbell)";"Rest Timer";"";"";"";"";"172";"";"";"7.8";"3.9";"30"
"53";"2026-06-19 00:00:00";"Upper";"4090";"Bench Press (Barbell)";"3";"107.5";"5";"8.2";"";"";"";"";"7.8";"3.9";"30"
"53";"2026-06-19 00:00:00";"Upper";"4090";"Bench Press (Barbell)";"Rest Timer";"";"";"";"";"150";"";"";"7.8";"3.9";"30"
"53";"2026-06-19 00:00:00";"Upper";"4090";"Bench Press (Barbell)";"4";"107.5";"3";"8.4";"";"";"";"";"7.8";"3.9";"30"
"53";"2026-06-19 00:00:00";"Upper";"4090";"Lat Pulldown (Cable)";"W";"40.0";"14";"";"";"";"";"";"7.8";"3.9";"30"
"53";"2026-06-19 00:00:00";"Upper";"4090";"Lat Pulldown (Cable)";"1";"62.5";"8";"7.0";"";"";"";"";"7.8";"3.9";"30"
"53";"2026-06-19 00:00:00";"Upper";"4090";"Lat Pulldown (Cable)";"Rest Timer";"";"";"";"";"167";"";"";"7.8";"3.9";"30"
"53";"2026-06-19 00:00:00";"Upper";"4090";"Lat Pulldown (Cable)";"2";"65.0";"5";"7.3";"";"";"";"";"7.8";"3.9";"30"
"53";"2026-06-19 00:00:00";"Upper";"4090";"Lat Pulldown (Cable)";"Rest Timer";"";"";"";"";"146";"";"";"7.8";"3.9";"30"
"53";"2026-06-19 00:00:00";"Upper";"4090";"Lat Pulldown (Cable)";"3";"70.0";"7";"7.7";"";"";"";"";"7.8";"3.9";"30"
"53";"2026-06-19 00:00:00";"Upper";"4090";"Lat Pulldown (Cable)";"Rest Timer";"";"";"";"";"180";"";"";"7.8";"3.9";"30"
"53";"2026-06-19 00:00:00";"Upper";"4090";"Lat Pulldown (Cable)";"4";"72.5";"4";"8.4";"";"";"";"";"7.8";"3.9";"30"
"53";"2026-06-19 00:00:00";"Upper";"4090";"Bent Over Row (Dumbbell)";"W";"17.5";"13";"";"";"";"";"";"7.8";"3.9";"30"
"53";"2026-06-19 00:00:00";"Upper";"4090";"Bent Over Row (Dumbbell)";"1";"30.0";"7";"7.3";"";"";"";"";"7.8";"3.9";"30"
"53";"2026-06-19 00:00:00";"Upper";"4090";"Bent Over Row (Dumbbell)";"Rest Timer";"";"";"";"";"131";"";"";"7.8";"3.9";"30"
"53";"2026-06-19 00:00:00";"Upper";"4090";"Bent Over Row (Dumbbell)";"2";"30.0";"4";"7.8";"";"";"";"";"7.8";"3.9";"30"
"53";"2026-06-19 00:00:00";"Upper";"4090";"Bent Over Row (Dumbbell)";"Rest Timer";"";"";"";"";"125";"";"";"7.8";"3.9";"30"
"53";"2026-06-19 00:00:00";"Upper";"4090";"Bent Over Row (Dumbbell)";"3";"30.0";"5";"8.4";"";"";"";"";"7.8";"3.9";"30"
"53";"2026-06-19 00:00:00";"Upper";"4090";"Bent Over Row (Dumbbell)";"Rest Timer";"";"";"";"";"172";"";"";"7.8";"3.9";"30"
"53";"2026-06-19 00:00:00";"Upper";"4090";"Bent Over Row (Dumbbell)";"4";"30.0";"3";"8.6";"";"";"";"";"7.8";"3.9";"30"
"53";"2026-06-19 00:00:00";"Upper";"4090";"Bench Skullcrucher";"W";"25.0";"14";"";"";"";"";"";"7.8";"3.9";"30"
"53";"2026-06-19 00:00:00";"Upper";"4090";"Bench Skullcrucher";"1";"40.0";"10";"7.1";"";"";"";"";"7.8";"3.9";"30"
"53";"2026-06-19 00:00:00";"Upper";"4090";"Bench Skullcrucher";"Rest Timer";"";"";"";"";"165";"";"";"7.8";"3.9";"30"
"53";"2026-06-19 00:00:00";"Upper";"4090";"Bench Skullcrucher";"2";"42.5";"11";"7.5";"";"";"";"";"7.8";"3.9";"30"
"53";"2026-06-19 00:00:00";"Upper";"4090";"Bench Skullcrucher";"Rest Timer";"";"";"";"";"137";"";"";"7.8";"3.9";"30"
"53";"2026-06-19 00:00:00";"Upper";"4090";"Bench Skullcrucher";"3";"42.5";"6";"7.8";"";"";"";"";"7.8";"3.9";"30"
"53";"2026-06-19 00:00:00";"Upper";"4090";"Bench Skullcrucher";"Rest Timer";"";"";"";"";"134";"";"";"7.8";"3.9";"30"
"53";"2026-06-19 00:00:00";"Upper";"4090";"Bench Skullcrucher";"4";"45.0";"8";"8.9";"";"";"";"";"7.8";"3.9";"30"
"53";"2026-06-19 00:00:00";"Upper";"4090";"Bench Skullcrucher";"Rest Timer";"";"";"";"";"159";"";"";"7.8";"3.9";"30"
"53";"2026-06-19 00:00:00";"Upper";"4090";"Bench Skullcrucher";"5";"50.0";"7";"8.4";"";"";"";"";"7.8";"3.9";"30"
"53";"2026-06-19 00:00:00";"Upper";"4090";"Bicep Curl (Machine)";"W";"20.0";"11";"";"";"";"";"";"7.8";"3.9";"30"
"53";"2026-06-19 00:00:00";"Upper";"4090";"Bicep Curl (Machine)";"1";"32.5";"10";"6.6";"";"";"";"";"7.8";"3.9";"30"
"53";"2026-06-19 00:00:00";"Upper";"4090";"Bicep Curl (Machine)";"Rest Timer";"";"";"";"";"167";"";"";"7.8";"3.9";"30"
"53";"2026-06-19 00:00:00";"Upper";"4090";"Bicep Curl (Machine)";"2";"32.5";"10";"7.1";"";"";"";"";"7.8";"3.9";"30"
"53";"2026-06-19 00:00:00";"Upper";"4090";"Bicep Curl (Machine)";"Rest Timer";"";"";"";"";"163";"";"";"7.8";"3.9";"30"
"53";"2026-06-19 00:00:00";"Upper";"4090";"Bicep Curl (Machine)";"3";"32.5";"7";"7.8";"";"";"";"";"7.8";"3.9";"30"
"53";"2026-06-19 00:00:00";"Upper";"4090";"Lateral Raise (Dumbbell)";"W";"10.0";"15";"";"";"";"";"";"7.8";"3.9";"30"
"53";"2026-06-19 00:00:00";"Upper";"4090";"Lateral Raise (Dumbbell)";"1";"17.5";"12";"6.8";"";"";"";"";"7.8";"3.9";"30"
"53";"2026-06-19 00:00:00";"Upper";"4090";"Lateral Raise (Dumbbell)";"Rest Timer";"";"";"";"";"136";"";"";"7.8";"3.9";"30"
"53";"2026-06-19 00:00:00";"Upper";"4090";"Lateral Raise (Dumbbell)";"2";"17.5";"7";"7.2";"";"";"";"";"7.8";"3.9";"30"
"53";"2026-06-19 00:00:00";"Upper";"4090";"Lateral Raise (Dumbbell)";"Rest Timer";"";"";"";"";"106";"";"";"7.8";"3.9";"30"
"53";"2026-06-19 00:00:00";"Upper";"4090";"Lateral Raise (Dumbbell)";"3";"20.0";"6";"7.9";"";"";"";"";"7.8";"3.9";"30"
"53";"2026-06-19 00:00:00";"Upper";"4090";"Incline Chest Press (Machine)";"W";"35.0";"14";"";"";"";"";"";"7.8";"3.9";"30"
"53";"2026-06-19 00:00:00";"Upper";"4090";"Incline Chest Press (Machine)";"1";"60.0";"11";"6.6";"";"";"";"";"7.8";"3.9";"30"
"53";"2026-06-19 00:00:00";"Upper";"4090";"Incline Chest Press (Machine)";"Rest Timer";"";"";"";"";"179";"";"";"7.8";"3.9";"30"
"53";"2026-06-19 00:00:00";"Upper";"4090";"Incline Chest Press (Machine)";"2";"60.0";"10";"7.2";"";"";"";"";"7.8";"3.9";"30"
"53";"2026-06-19 00:00:00";"Upper";"4090";"Incline Chest Press (Machine)";"Rest Timer";"";"";"";"";"169";"";"";"7.8";"3.9";"30"
"53";"2026-06-19 00:00:00";"Upper";"4090";"Incline Chest Press (Machine)";"3";"60.0";"8";"7.5";"";"";"";"";"7.8";"3.9";"30"
"53";"2026-06-19 00:00:00";"Upper";"4090";"Incline Chest Press (Machine)";"Rest Timer";"";"";"";"";"140";"";"";"7.8";"3.9";"30"
"53";"2026-06-19 00:00:00";"Upper";"4090";"Incline Chest Press (Machine)";"4";"60.0";"7";"7.7";"";"";"";"";"7.8";"3.9";"30"
"53";"2026-06-19 00:00:00";"Upper";"4090";"Incline Chest Press (Machine)";"Rest Timer";"";"";"";"";"178";"";"";"7.8";"3.9";"30"
"53";"2026-06-19 00:00:00";"Upper";"4090";"Incline Chest Press (Machine)";"5";"60.0";"4";"8.3";"";"";"";"";"7.8";"3.9";"30"
"54";"2026-06-21 00:00:00";"Evening Workout";"833";"Aerobics";"W";"35.0";"12";"";"";"";"";"";"7.0";"5.1";"31"
"54";"2026-06-21 00:00:00";"Evening Workout";"833";"Aerobics";"1";"60.0";"9";"6.9";"";"";"";"";"7.0";"5.1";"31"
"54";"2026-06-21 00:00:00";"Evening Workout";"833";"Aerobics";"Rest Timer";"";"";"";"";"153";"";"";"7.0";"5.1";"31"
"54";"2026-06-21 00:00:00";"Evening Workout";"833";"Aerobics";"2";"62.5";"5";"7.5";"";"";"";"";"7.0";"5.1";"31"
"54";"2026-06-21 00:00:00";"Evening Workout";"833";"Aerobics";"Rest Timer";"";"";"";"";"168";"";"";"7.0";"5.1";"31"
"54";"2026-06-21 00:00:00";"Evening Workout";"833";"Aerobics";"3";"65.0";"7";"7.9";"";"";"";"";"7.0";"5.1";"31"
"54";"2026-06-21 00:00:00";"Evening Workout";"833";"Aerobics";"Rest Timer";"";"";"";"";"136";"";"";"7.0";"5.1";"31"
"54";"2026-06-21 00:00:00";"Evening Workout";"833";"Aerobics";"4";"72.5";"6";"8.0";"";"";"";"";"7.0";"5.1";"31"
"55";"2026-06-24 00:00:00";"Day 1: Power Push (Heavy Chest & Shoulders)";"3938";"Bench Press (Barbell)";"W";"57.5";"10";"";"";"";"";"";"7.9";"5.9";"32"
"55";"2026-06-24 00:00:00";"Day 1: Power Push (Heavy Chest & Shoulders)";"3938";"Bench Press (Barbell)";"1";"90.0";"11";"7.3";"";"";"";"";"7.9";"5.9";"32"
"55";"2026-06-24 00:00:00";"Day 1: Power Push (Heavy Chest & Shoulders)";"3938";"Bench Press (Barbell)";"Rest Timer";"";"";"";"";"126";"";"";"7.9";"5.9";"32"
"55";"2026-06-24 00:00:00";"Day 1: Power Push (Heavy Chest & Shoulders)";"3938";"Bench Press (Barbell)";"2";"90.0";"9";"7.8";"";"";"";"";"7.9";"5.9";"32"
"55";"2026-06-24 00:00:00";"Day 1: Power Push (Heavy Chest & Shoulders)";"3938";"Bench Press (Barbell)";"Rest Timer";"";"";"";"";"172";"";"";"7.9";"5.9";"32"
"55";"2026-06-24 00:00:00";"Day 1: Power Push (Heavy Chest & Shoulders)";"3938";"Bench Press (Barbell)";"3";"90.0";"7";"8.0";"";"";"";"";"7.9";"5.9";"32"
"55";"2026-06-24 00:00:00";"Day 1: Power Push (Heavy Chest & Shoulders)";"3938";"Bench Press (Barbell)";"Rest Timer";"";"";"";"";"160";"";"";"7.9";"5.9";"32"
"55";"2026-06-24 00:00:00";"Day 1: Power Push (Heavy Chest & Shoulders)";"3938";"Bench Press (Barbell)";"4";"90.0";"9";"9.0";"";"";"";"";"7.9";"5.9";"32"
"55";"2026-06-24 00:00:00";"Day 1: Power Push (Heavy Chest & Shoulders)";"3938";"Shoulder Press (Plate Loaded)";"W";"20.0";"10";"";"";"";"";"";"7.9";"5.9";"32"
"55";"2026-06-24 00:00:00";"Day 1: Power Push (Heavy Chest & Shoulders)";"3938";"Shoulder Press (Plate Loaded)";"1";"32.5";"7";"7.4";"";"";"";"";"7.9";"5.9";"32"
"55";"2026-06-24 00:00:00";"Day 1: Power Push (Heavy Chest & Shoulders)";"3938";"Shoulder Press (Plate Loaded)";"Rest Timer";"";"";"";"";"173";"";"";"7.9";"5.9";"32"
"55";"2026-06-24 00:00:00";"Day 1: Power Push (Heavy Chest & Shoulders)";"3938";"Shoulder Press (Plate Loaded)";"2";"32.5";"8";"7.9";"";"";"";"";"7.9";"5.9";"32"
"55";"2026-06-24 00:00:00";"Day 1: Power Push (Heavy Chest & Shoulders)";"3938";"Shoulder Press (Plate Loaded)";"Rest Timer";"";"";"";"";"167";"";"";"7.9";"5.9";"32"
"55";"2026-06-24 00:00:00";"Day 1: Power Push (Heavy Chest & Shoulders)";"3938";"Shoulder Press (Plate Loaded)";"3";"32.5";"6";"8.3";"";"";"";"";"7.9";"5.9";"32"
"55";"2026-06-24 00:00:00";"Day 1: Power Push (Heavy Chest & Shoulders)";"3938";"Shoulder Press (Plate Loaded)";"Rest Timer";"";"";"";"";"169";"";"";"7.9";"5.9";"32"
"55";"2026-06-24 00:00:00";"Day 1: Power Push (Heavy Chest & Shoulders)";"3938";"Shoulder Press (Plate Loaded)";"4";"32.5";"5";"8.5";"";"";"";"";"7.9";"5.9";"32"
"55";"2026-06-24 00:00:00";"Day 1: Power Push (Heavy Chest & Shoulders)";"3938";"Incline Chest Fly (Dumbbell)";"W";"15.0";"10";"";"";"";"";"";"7.9";"5.9";"32"
"55";"2026-06-24 00:00:00";"Day 1: Power Push (Heavy Chest & Shoulders)";"3938";"Incline Chest Fly (Dumbbell)";"1";"25.0";"7";"6.6";"";"";"";"";"7.9";"5.9";"32"
"55";"2026-06-24 00:00:00";"Day 1: Power Push (Heavy Chest & Shoulders)";"3938";"Incline Chest Fly (Dumbbell)";"Rest Timer";"";"";"";"";"108";"";"";"7.9";"5.9";"32"
"55";"2026-06-24 00:00:00";"Day 1: Power Push (Heavy Chest & Shoulders)";"3938";"Incline Chest Fly (Dumbbell)";"2";"27.5";"5";"7.0";"";"";"";"";"7.9";"5.9";"32"
"55";"2026-06-24 00:00:00";"Day 1: Power Push (Heavy Chest & Shoulders)";"3938";"Incline Chest Fly (Dumbbell)";"Rest Timer";"";"";"";"";"151";"";"";"7.9";"5.9";"32"
"55";"2026-06-24 00:00:00";"Day 1: Power Push (Heavy Chest & Shoulders)";"3938";"Incline Chest Fly (Dumbbell)";"3";"27.5";"7";"7.4";"";"";"";"";"7.9";"5.9";"32"
"55";"2026-06-24 00:00:00";"Day 1: Power Push (Heavy Chest & Shoulders)";"3938";"Lateral Raise (Dumbbell)";"W";"10.0";"14";"";"";"";"";"";"7.9";"5.9";"32"
"55";"2026-06-24 00:00:00";"Day 1: Power Push (Heavy Chest & Shoulders)";"3938";"Lateral Raise (Dumbbell)";"1";"17.5";"8";"6.9";"";"";"";"";"7.9";"5.9";"32"
"55";"2026-06-24 00:00:00";"Day 1: Power Push (Heavy Chest & Shoulders)";"3938";"Lateral Raise (Dumbbell)";"Rest Timer";"";"";"";"";"145";"";"";"7.9";"5.9";"32"
"55";"2026-06-24 00:00:00";"Day 1: Power Push (Heavy Chest & Shoulders)";"3938";"Lateral Raise (Dumbbell)";"2";"17.5";"6";"7.2";"";"";"";"";"7.9";"5.9";"32"
"55";"2026-06-24 00:00:00";"Day 1: Power Push (Heavy Chest & Shoulders)";"3938";"Lateral Raise (Dumbbell)";"Rest Timer";"";"";"";"";"148";"";"";"7.9";"5.9";"32"
"55";"2026-06-24 00:00:00";"Day 1: Power Push (Heavy Chest & Shoulders)";"3938";"Lateral Raise (Dumbbell)";"3";"17.5";"5";"7.9";"";"";"";"";"7.9";"5.9";"32"
"55";"2026-06-24 00:00:00";"Day 1: Power Push (Heavy Chest & Shoulders)";"3938";"Triceps Extension (Cable)";"W";"32.5";"13";"";"";"";"";"";"7.9";"5.9";"32"
"55";"2026-06-24 00:00:00";"Day 1: Power Push (Heavy Chest & Shoulders)";"3938";"Triceps Extension (Cable)";"1";"50.0";"10";"7.4";"";"";"";"";"7.9";"5.9";"32"
"55";"2026-06-24 00:00:00";"Day 1: Power Push (Heavy Chest & Shoulders)";"3938";"Triceps Extension (Cable)";"Rest Timer";"";"";"";"";"146";"";"";"7.9";"5.9";"32"
"55";"2026-06-24 00:00:00";"Day 1: Power Push (Heavy Chest & Shoulders)";"3938";"Triceps Extension (Cable)";"2";"50.0";"8";"7.9";"";"";"";"";"7.9";"5.9";"32"
"55";"2026-06-24 00:00:00";"Day 1: Power Push (Heavy Chest & Shoulders)";"3938";"Triceps Extension (Cable)";"Rest Timer";"";"";"";"";"108";"";"";"7.9";"5.9";"32"
"55";"2026-06-24 00:00:00";"Day 1: Power Push (Heavy Chest & Shoulders)";"3938";"Triceps Extension (Cable)";"3";"50.0";"7";"8.1";"";"";"";"";"7.9";"5.9";"32"
"55";"2026-06-24 00:00:00";"Day 1: Power Push (Heavy Chest & Shoulders)";"3938";"Triceps Extension (Cable)";"Rest Timer";"";"";"";"";"139";"";"";"7.9";"5.9";"32"
"55";"2026-06-24 00:00:00";"Day 1: Power Push (Heavy Chest & Shoulders)";"3938";"Triceps Extension (Cable)";"4";"50.0";"4";"8.9";"";"";"";"";"7.9";"5.9";"32"
"55";"2026-06-24 00:00:00";"Day 1: Power Push (Heavy Chest & Shoulders)";"3938";"Shoulder Press (Machine)";"W";"25.0";"11";"";"";"";"";"";"7.9";"5.9";"32"
"55";"2026-06-24 00:00:00";"Day 1: Power Push (Heavy Chest & Shoulders)";"3938";"Shoulder Press (Machine)";"1";"40.0";"10";"7.4";"";"";"";"";"7.9";"5.9";"32"
"55";"2026-06-24 00:00:00";"Day 1: Power Push (Heavy Chest & Shoulders)";"3938";"Shoulder Press (Machine)";"Rest Timer";"";"";"";"";"152";"";"";"7.9";"5.9";"32"
"55";"2026-06-24 00:00:00";"Day 1: Power Push (Heavy Chest & Shoulders)";"3938";"Shoulder Press (Machine)";"2";"42.5";"10";"7.9";"";"";"";"";"7.9";"5.9";"32"
"55";"2026-06-24 00:00:00";"Day 1: Power Push (Heavy Chest & Shoulders)";"3938";"Shoulder Press (Machine)";"Rest Timer";"";"";"";"";"159";"";"";"7.9";"5.9";"32"
"55";"2026-06-24 00:00:00";"Day 1: Power Push (Heavy Chest & Shoulders)";"3938";"Shoulder Press (Machine)";"3";"45.0";"6";"8.1";"";"";"";"";"7.9";"5.9";"32"
"55";"2026-06-24 00:00:00";"Day 1: Power Push (Heavy Chest & Shoulders)";"3938";"Shoulder Press (Machine)";"Rest Timer";"";"";"";"";"169";"";"";"7.9";"5.9";"32"
"55";"2026-06-24 00:00:00";"Day 1: Power Push (Heavy Chest & Shoulders)";"3938";"Shoulder Press (Machine)";"4";"45.0";"6";"8.9";"";"";"";"";"7.9";"5.9";"32"
"55";"2026-06-24 00:00:00";"Day 1: Power Push (Heavy Chest & Shoulders)";"3938";"Shoulder Press (Machine)";"Rest Timer";"";"";"";"";"151";"";"";"7.9";"5.9";"32"
"55";"2026-06-24 00:00:00";"Day 1: Power Push (Heavy Chest & Shoulders)";"3938";"Shoulder Press (Machine)";"5";"50.0";"7";"9.6";"";"";"";"";"7.9";"5.9";"32"
"56";"2026-06-26 00:00:00";"Day 3: Power Pull (Heavy Back & Deadlifts)";"3764";"Lat Pulldown (Cable)";"W";"37.5";"12";"";"";"";"";"";"7.3";"4.8";"33"
"56";"2026-06-26 00:00:00";"Day 3: Power Pull (Heavy Back & Deadlifts)";"3764";"Lat Pulldown (Cable)";"1";"62.5";"14";"6.8";"";"";"";"";"7.3";"4.8";"33"
"56";"2026-06-26 00:00:00";"Day 3: Power Pull (Heavy Back & Deadlifts)";"3764";"Lat Pulldown (Cable)";"Rest Timer";"";"";"";"";"172";"";"";"7.3";"4.8";"33"
"56";"2026-06-26 00:00:00";"Day 3: Power Pull (Heavy Back & Deadlifts)";"3764";"Lat Pulldown (Cable)";"2";"65.0";"12";"7.4";"";"";"";"";"7.3";"4.8";"33"
"56";"2026-06-26 00:00:00";"Day 3: Power Pull (Heavy Back & Deadlifts)";"3764";"Lat Pulldown (Cable)";"Rest Timer";"";"";"";"";"158";"";"";"7.3";"4.8";"33"
"56";"2026-06-26 00:00:00";"Day 3: Power Pull (Heavy Back & Deadlifts)";"3764";"Lat Pulldown (Cable)";"3";"70.0";"9";"7.9";"";"";"";"";"7.3";"4.8";"33"
"56";"2026-06-26 00:00:00";"Day 3: Power Pull (Heavy Back & Deadlifts)";"3764";"Lat Pulldown (Cable)";"Rest Timer";"";"";"";"";"151";"";"";"7.3";"4.8";"33"
"56";"2026-06-26 00:00:00";"Day 3: Power Pull (Heavy Back & Deadlifts)";"3764";"Lat Pulldown (Cable)";"4";"75.0";"7";"7.9";"";"";"";"";"7.3";"4.8";"33"
"56";"2026-06-26 00:00:00";"Day 3: Power Pull (Heavy Back & Deadlifts)";"3764";"Seated Row (Cable)";"W";"17.5";"13";"";"";"";"";"";"7.3";"4.8";"33"
"56";"2026-06-26 00:00:00";"Day 3: Power Pull (Heavy Back & Deadlifts)";"3764";"Seated Row (Cable)";"1";"27.5";"7";"6.6";"";"";"";"";"7.3";"4.8";"33"
"56";"2026-06-26 00:00:00";"Day 3: Power Pull (Heavy Back & Deadlifts)";"3764";"Seated Row (Cable)";"Rest Timer";"";"";"";"";"160";"";"";"7.3";"4.8";"33"
"56";"2026-06-26 00:00:00";"Day 3: Power Pull (Heavy Back & Deadlifts)";"3764";"Seated Row (Cable)";"2";"27.5";"10";"7.1";"";"";"";"";"7.3";"4.8";"33"
"56";"2026-06-26 00:00:00";"Day 3: Power Pull (Heavy Back & Deadlifts)";"3764";"Seated Row (Cable)";"Rest Timer";"";"";"";"";"128";"";"";"7.3";"4.8";"33"
"56";"2026-06-26 00:00:00";"Day 3: Power Pull (Heavy Back & Deadlifts)";"3764";"Seated Row (Cable)";"3";"27.5";"4";"7.3";"";"";"";"";"7.3";"4.8";"33"
"56";"2026-06-26 00:00:00";"Day 3: Power Pull (Heavy Back & Deadlifts)";"3764";"Seated Row (Cable)";"Rest Timer";"";"";"";"";"98";"";"";"7.3";"4.8";"33"
"56";"2026-06-26 00:00:00";"Day 3: Power Pull (Heavy Back & Deadlifts)";"3764";"Seated Row (Cable)";"4";"27.5";"4";"7.9";"";"";"";"";"7.3";"4.8";"33"
"56";"2026-06-26 00:00:00";"Day 3: Power Pull (Heavy Back & Deadlifts)";"3764";"Reverse Fly (Cable)";"W";"32.5";"14";"";"";"";"";"";"7.3";"4.8";"33"
"56";"2026-06-26 00:00:00";"Day 3: Power Pull (Heavy Back & Deadlifts)";"3764";"Reverse Fly (Cable)";"1";"55.0";"9";"6.7";"";"";"";"";"7.3";"4.8";"33"
"56";"2026-06-26 00:00:00";"Day 3: Power Pull (Heavy Back & Deadlifts)";"3764";"Reverse Fly (Cable)";"Rest Timer";"";"";"";"";"180";"";"";"7.3";"4.8";"33"
"56";"2026-06-26 00:00:00";"Day 3: Power Pull (Heavy Back & Deadlifts)";"3764";"Reverse Fly (Cable)";"2";"55.0";"8";"7.3";"";"";"";"";"7.3";"4.8";"33"
"56";"2026-06-26 00:00:00";"Day 3: Power Pull (Heavy Back & Deadlifts)";"3764";"Reverse Fly (Cable)";"Rest Timer";"";"";"";"";"121";"";"";"7.3";"4.8";"33"
"56";"2026-06-26 00:00:00";"Day 3: Power Pull (Heavy Back & Deadlifts)";"3764";"Reverse Fly (Cable)";"3";"55.0";"8";"7.8";"";"";"";"";"7.3";"4.8";"33"
"56";"2026-06-26 00:00:00";"Day 3: Power Pull (Heavy Back & Deadlifts)";"3764";"Reverse Fly (Cable)";"Rest Timer";"";"";"";"";"166";"";"";"7.3";"4.8";"33"
"56";"2026-06-26 00:00:00";"Day 3: Power Pull (Heavy Back & Deadlifts)";"3764";"Reverse Fly (Cable)";"4";"55.0";"6";"8.3";"";"";"";"";"7.3";"4.8";"33"
"56";"2026-06-26 00:00:00";"Day 3: Power Pull (Heavy Back & Deadlifts)";"3764";"Bicep Curl (Machine)";"W";"20.0";"15";"";"";"";"";"";"7.3";"4.8";"33"
"56";"2026-06-26 00:00:00";"Day 3: Power Pull (Heavy Back & Deadlifts)";"3764";"Bicep Curl (Machine)";"1";"35.0";"6";"6.6";"";"";"";"";"7.3";"4.8";"33"
"56";"2026-06-26 00:00:00";"Day 3: Power Pull (Heavy Back & Deadlifts)";"3764";"Bicep Curl (Machine)";"Rest Timer";"";"";"";"";"161";"";"";"7.3";"4.8";"33"
"56";"2026-06-26 00:00:00";"Day 3: Power Pull (Heavy Back & Deadlifts)";"3764";"Bicep Curl (Machine)";"2";"35.0";"6";"7.2";"";"";"";"";"7.3";"4.8";"33"
"56";"2026-06-26 00:00:00";"Day 3: Power Pull (Heavy Back & Deadlifts)";"3764";"Bicep Curl (Machine)";"Rest Timer";"";"";"";"";"139";"";"";"7.3";"4.8";"33"
"56";"2026-06-26 00:00:00";"Day 3: Power Pull (Heavy Back & Deadlifts)";"3764";"Bicep Curl (Machine)";"3";"35.0";"4";"7.7";"";"";"";"";"7.3";"4.8";"33"
"56";"2026-06-26 00:00:00";"Day 3: Power Pull (Heavy Back & Deadlifts)";"3764";"Back Extension";"W";"30.0";"15";"";"";"";"";"";"7.3";"4.8";"33"
"56";"2026-06-26 00:00:00";"Day 3: Power Pull (Heavy Back & Deadlifts)";"3764";"Back Extension";"1";"50.0";"5";"6.8";"";"";"";"";"7.3";"4.8";"33"
"56";"2026-06-26 00:00:00";"Day 3: Power Pull (Heavy Back & Deadlifts)";"3764";"Back Extension";"Rest Timer";"";"";"";"";"96";"";"";"7.3";"4.8";"33"
"56";"2026-06-26 00:00:00";"Day 3: Power Pull (Heavy Back & Deadlifts)";"3764";"Back Extension";"2";"52.5";"6";"7.2";"";"";"";"";"7.3";"4.8";"33"
"56";"2026-06-26 00:00:00";"Day 3: Power Pull (Heavy Back & Deadlifts)";"3764";"Back Extension";"Rest Timer";"";"";"";"";"165";"";"";"7.3";"4.8";"33"
"56";"2026-06-26 00:00:00";"Day 3: Power Pull (Heavy Back & Deadlifts)";"3764";"Back Extension";"3";"57.5";"7";"7.7";"";"";"";"";"7.3";"4.8";"33"
"56";"2026-06-26 00:00:00";"Day 3: Power Pull (Heavy Back & Deadlifts)";"3764";"Shrug (Dumbbell)";"W";"22.5";"14";"";"";"";"";"";"7.3";"4.8";"33"
"56";"2026-06-26 00:00:00";"Day 3: Power Pull (Heavy Back & Deadlifts)";"3764";"Shrug (Dumbbell)";"1";"35.0";"8";"7.2";"";"";"";"";"7.3";"4.8";"33"
"56";"2026-06-26 00:00:00";"Day 3: Power Pull (Heavy Back & Deadlifts)";"3764";"Shrug (Dumbbell)";"Rest Timer";"";"";"";"";"108";"";"";"7.3";"4.8";"33"
"56";"2026-06-26 00:00:00";"Day 3: Power Pull (Heavy Back & Deadlifts)";"3764";"Shrug (Dumbbell)";"2";"35.0";"4";"7.7";"";"";"";"";"7.3";"4.8";"33"
"56";"2026-06-26 00:00:00";"Day 3: Power Pull (Heavy Back & Deadlifts)";"3764";"Shrug (Dumbbell)";"Rest Timer";"";"";"";"";"175";"";"";"7.3";"4.8";"33"
"56";"2026-06-26 00:00:00";"Day 3: Power Pull (Heavy Back & Deadlifts)";"3764";"Shrug (Dumbbell)";"3";"35.0";"5";"8.4";"";"";"";"";"7.3";"4.8";"33"
"56";"2026-06-26 00:00:00";"Day 3: Power Pull (Heavy Back & Deadlifts)";"3764";"Shrug (Dumbbell)";"Rest Timer";"";"";"";"";"159";"";"";"7.3";"4.8";"33"
"56";"2026-06-26 00:00:00";"Day 3: Power Pull (Heavy Back & Deadlifts)";"3764";"Shrug (Dumbbell)";"4";"35.0";"2";"8.9";"";"";"";"";"7.3";"4.8";"33"
"56";"2026-06-26 00:00:00";"Day 3: Power Pull (Heavy Back & Deadlifts)";"3764";"Back Cable Pull";"W";"32.5";"15";"";"";"";"";"";"7.3";"4.8";"33"
"56";"2026-06-26 00:00:00";"Day 3: Power Pull (Heavy Back & Deadlifts)";"3764";"Back Cable Pull";"1";"55.0";"9";"7.5";"";"";"";"";"7.3";"4.8";"33"
"56";"2026-06-26 00:00:00";"Day 3: Power Pull (Heavy Back & Deadlifts)";"3764";"Back Cable Pull";"Rest Timer";"";"";"";"";"163";"";"";"7.3";"4.8";"33"
"56";"2026-06-26 00:00:00";"Day 3: Power Pull (Heavy Back & Deadlifts)";"3764";"Back Cable Pull";"2";"55.0";"6";"7.9";"";"";"";"";"7.3";"4.8";"33"
"56";"2026-06-26 00:00:00";"Day 3: Power Pull (Heavy Back & Deadlifts)";"3764";"Back Cable Pull";"Rest Timer";"";"";"";"";"116";"";"";"7.3";"4.8";"33"
"56";"2026-06-26 00:00:00";"Day 3: Power Pull (Heavy Back & Deadlifts)";"3764";"Back Cable Pull";"3";"55.0";"8";"8.2";"";"";"";"";"7.3";"4.8";"33"
"56";"2026-06-26 00:00:00";"Day 3: Power Pull (Heavy Back & Deadlifts)";"3764";"Iso-Lateral Row (Machine)";"W";"30.0";"15";"";"";"";"";"";"7.3";"4.8";"33"
"56";"2026-06-26 00:00:00";"Day 3: Power Pull (Heavy Back & Deadlifts)";"3764";"Iso-Lateral Row (Machine)";"1";"47.5";"4";"7.0";"";"";"";"";"7.3";"4.8";"33"
"56";"2026-06-26 00:00:00";"Day 3: Power Pull (Heavy Back & Deadlifts)";"3764";"Iso-Lateral Row (Machine)";"Rest Timer";"";"";"";"";"165";"";"";"7.3";"4.8";"33"
"56";"2026-06-26 00:00:00";"Day 3: Power Pull (Heavy Back & Deadlifts)";"3764";"Iso-Lateral Row (Machine)";"2";"47.5";"3";"7.5";"";"";"";"";"7.3";"4.8";"33"
"56";"2026-06-26 00:00:00";"Day 3: Power Pull (Heavy Back & Deadlifts)";"3764";"Iso-Lateral Row (Machine)";"Rest Timer";"";"";"";"";"152";"";"";"7.3";"4.8";"33"
"56";"2026-06-26 00:00:00";"Day 3: Power Pull (Heavy Back & Deadlifts)";"3764";"Iso-Lateral Row (Machine)";"3";"47.5";"1";"8.1";"";"";"";"";"7.3";"4.8";"33"
"56";"2026-06-26 00:00:00";"Day 3: Power Pull (Heavy Back & Deadlifts)";"3764";"Iso-Lateral Row (Machine)";"Rest Timer";"";"";"";"";"129";"";"";"7.3";"4.8";"33"
"56";"2026-06-26 00:00:00";"Day 3: Power Pull (Heavy Back & Deadlifts)";"3764";"Iso-Lateral Row (Machine)";"4";"47.5";"2";"8.5";"";"";"";"";"7.3";"4.8";"33"
"57";"2026-06-29 00:00:00";"Day 2: Power Legs (Awakening the Squat)";"3527";"Squat (Smith Machine)";"W";"42.5";"14";"";"";"";"";"";"7.2";"6.4";"34"
"57";"2026-06-29 00:00:00";"Day 2: Power Legs (Awakening the Squat)";"3527";"Squat (Smith Machine)";"1";"67.5";"8";"7.3";"";"";"";"";"7.2";"6.4";"34"
"57";"2026-06-29 00:00:00";"Day 2: Power Legs (Awakening the Squat)";"3527";"Squat (Smith Machine)";"Rest Timer";"";"";"";"";"152";"";"";"7.2";"6.4";"34"
"57";"2026-06-29 00:00:00";"Day 2: Power Legs (Awakening the Squat)";"3527";"Squat (Smith Machine)";"2";"67.5";"6";"7.8";"";"";"";"";"7.2";"6.4";"34"
"57";"2026-06-29 00:00:00";"Day 2: Power Legs (Awakening the Squat)";"3527";"Squat (Smith Machine)";"Rest Timer";"";"";"";"";"110";"";"";"7.2";"6.4";"34"
"57";"2026-06-29 00:00:00";"Day 2: Power Legs (Awakening the Squat)";"3527";"Squat (Smith Machine)";"3";"67.5";"6";"8.2";"";"";"";"";"7.2";"6.4";"34"
"57";"2026-06-29 00:00:00";"Day 2: Power Legs (Awakening the Squat)";"3527";"Squat (Smith Machine)";"Rest Timer";"";"";"";"";"108";"";"";"7.2";"6.4";"34"
"57";"2026-06-29 00:00:00";"Day 2: Power Legs (Awakening the Squat)";"3527";"Squat (Smith Machine)";"4";"67.5";"5";"8.3";"";"";"";"";"7.2";"6.4";"34"
"57";"2026-06-29 00:00:00";"Day 2: Power Legs (Awakening the Squat)";"3527";"Squat (Smith Machine)";"Rest Timer";"";"";"";"";"140";"";"";"7.2";"6.4";"34"
"57";"2026-06-29 00:00:00";"Day 2: Power Legs (Awakening the Squat)";"3527";"Squat (Smith Machine)";"5";"67.5";"6";"8.8";"";"";"";"";"7.2";"6.4";"34"
"57";"2026-06-29 00:00:00";"Day 2: Power Legs (Awakening the Squat)";"3527";"Leg Press";"W";"72.5";"12";"";"";"";"";"";"7.2";"6.4";"34"
"57";"2026-06-29 00:00:00";"Day 2: Power Legs (Awakening the Squat)";"3527";"Leg Press";"1";"130.0";"9";"6.5";"";"";"";"";"7.2";"6.4";"34"
"57";"2026-06-29 00:00:00";"Day 2: Power Legs (Awakening the Squat)";"3527";"Leg Press";"Rest Timer";"";"";"";"";"110";"";"";"7.2";"6.4";"34"
"57";"2026-06-29 00:00:00";"Day 2: Power Legs (Awakening the Squat)";"3527";"Leg Press";"2";"130.0";"8";"7.1";"";"";"";"";"7.2";"6.4";"34"
"57";"2026-06-29 00:00:00";"Day 2: Power Legs (Awakening the Squat)";"3527";"Leg Press";"Rest Timer";"";"";"";"";"143";"";"";"7.2";"6.4";"34"
"57";"2026-06-29 00:00:00";"Day 2: Power Legs (Awakening the Squat)";"3527";"Leg Press";"3";"130.0";"7";"7.5";"";"";"";"";"7.2";"6.4";"34"
"57";"2026-06-29 00:00:00";"Day 2: Power Legs (Awakening the Squat)";"3527";"Leg Press";"Rest Timer";"";"";"";"";"140";"";"";"7.2";"6.4";"34"
"57";"2026-06-29 00:00:00";"Day 2: Power Legs (Awakening the Squat)";"3527";"Leg Press";"4";"130.0";"6";"7.7";"";"";"";"";"7.2";"6.4";"34"
"57";"2026-06-29 00:00:00";"Day 2: Power Legs (Awakening the Squat)";"3527";"Leg Press";"Rest Timer";"";"";"";"";"101";"";"";"7.2";"6.4";"34"
"57";"2026-06-29 00:00:00";"Day 2: Power Legs (Awakening the Squat)";"3527";"Leg Press";"5";"130.0";"4";"8.3";"";"";"";"";"7.2";"6.4";"34"
"57";"2026-06-29 00:00:00";"Day 2: Power Legs (Awakening the Squat)";"3527";"Lying Leg Curl (Machine)";"W";"20.0";"14";"";"";"";"";"";"7.2";"6.4";"34"
"57";"2026-06-29 00:00:00";"Day 2: Power Legs (Awakening the Squat)";"3527";"Lying Leg Curl (Machine)";"1";"32.5";"4";"7.5";"";"";"";"";"7.2";"6.4";"34"
"57";"2026-06-29 00:00:00";"Day 2: Power Legs (Awakening the Squat)";"3527";"Lying Leg Curl (Machine)";"Rest Timer";"";"";"";"";"136";"";"";"7.2";"6.4";"34"
"57";"2026-06-29 00:00:00";"Day 2: Power Legs (Awakening the Squat)";"3527";"Lying Leg Curl (Machine)";"2";"32.5";"4";"7.8";"";"";"";"";"7.2";"6.4";"34"
"57";"2026-06-29 00:00:00";"Day 2: Power Legs (Awakening the Squat)";"3527";"Lying Leg Curl (Machine)";"Rest Timer";"";"";"";"";"96";"";"";"7.2";"6.4";"34"
"57";"2026-06-29 00:00:00";"Day 2: Power Legs (Awakening the Squat)";"3527";"Lying Leg Curl (Machine)";"3";"32.5";"5";"8.2";"";"";"";"";"7.2";"6.4";"34"
"57";"2026-06-29 00:00:00";"Day 2: Power Legs (Awakening the Squat)";"3527";"Lying Leg Curl (Machine)";"Rest Timer";"";"";"";"";"140";"";"";"7.2";"6.4";"34"
"57";"2026-06-29 00:00:00";"Day 2: Power Legs (Awakening the Squat)";"3527";"Lying Leg Curl (Machine)";"4";"32.5";"3";"8.8";"";"";"";"";"7.2";"6.4";"34"
"57";"2026-06-29 00:00:00";"Day 2: Power Legs (Awakening the Squat)";"3527";"Standing Calf Raise (Bodyweight)";"W";"35.0";"15";"";"";"";"";"";"7.2";"6.4";"34"
"57";"2026-06-29 00:00:00";"Day 2: Power Legs (Awakening the Squat)";"3527";"Standing Calf Raise (Bodyweight)";"1";"55.0";"6";"6.8";"";"";"";"";"7.2";"6.4";"34"
"57";"2026-06-29 00:00:00";"Day 2: Power Legs (Awakening the Squat)";"3527";"Standing Calf Raise (Bodyweight)";"Rest Timer";"";"";"";"";"165";"";"";"7.2";"6.4";"34"
"57";"2026-06-29 00:00:00";"Day 2: Power Legs (Awakening the Squat)";"3527";"Standing Calf Raise (Bodyweight)";"2";"55.0";"8";"7.4";"";"";"";"";"7.2";"6.4";"34"
"57";"2026-06-29 00:00:00";"Day 2: Power Legs (Awakening the Squat)";"3527";"Standing Calf Raise (Bodyweight)";"Rest Timer";"";"";"";"";"111";"";"";"7.2";"6.4";"34"
"57";"2026-06-29 00:00:00";"Day 2: Power Legs (Awakening the Squat)";"3527";"Standing Calf Raise (Bodyweight)";"3";"55.0";"8";"7.5";"";"";"";"";"7.2";"6.4";"34"
"57";"2026-06-29 00:00:00";"Day 2: Power Legs (Awakening the Squat)";"3527";"Lateral Raise (Cable)";"W";"7.5";"13";"";"";"";"";"";"7.2";"6.4";"34"
"57";"2026-06-29 00:00:00";"Day 2: Power Legs (Awakening the Squat)";"3527";"Lateral Raise (Cable)";"1";"12.5";"11";"6.6";"";"";"";"";"7.2";"6.4";"34"
"57";"2026-06-29 00:00:00";"Day 2: Power Legs (Awakening the Squat)";"3527";"Lateral Raise (Cable)";"Rest Timer";"";"";"";"";"130";"";"";"7.2";"6.4";"34"
"57";"2026-06-29 00:00:00";"Day 2: Power Legs (Awakening the Squat)";"3527";"Lateral Raise (Cable)";"2";"12.5";"13";"7.1";"";"";"";"";"7.2";"6.4";"34"
"57";"2026-06-29 00:00:00";"Day 2: Power Legs (Awakening the Squat)";"3527";"Lateral Raise (Cable)";"Rest Timer";"";"";"";"";"121";"";"";"7.2";"6.4";"34"
"57";"2026-06-29 00:00:00";"Day 2: Power Legs (Awakening the Squat)";"3527";"Lateral Raise (Cable)";"3";"12.5";"11";"7.4";"";"";"";"";"7.2";"6.4";"34"
"57";"2026-06-29 00:00:00";"Day 2: Power Legs (Awakening the Squat)";"3527";"Squat (Barbell)";"W";"62.5";"12";"";"";"";"";"";"7.2";"6.4";"34"
"57";"2026-06-29 00:00:00";"Day 2: Power Legs (Awakening the Squat)";"3527";"Squat (Barbell)";"1";"105.0";"5";"7.2";"";"";"";"";"7.2";"6.4";"34"
"57";"2026-06-29 00:00:00";"Day 2: Power Legs (Awakening the Squat)";"3527";"Squat (Barbell)";"Rest Timer";"";"";"";"";"127";"";"";"7.2";"6.4";"34"
"57";"2026-06-29 00:00:00";"Day 2: Power Legs (Awakening the Squat)";"3527";"Squat (Barbell)";"2";"105.0";"5";"7.6";"";"";"";"";"7.2";"6.4";"34"
"57";"2026-06-29 00:00:00";"Day 2: Power Legs (Awakening the Squat)";"3527";"Squat (Barbell)";"Rest Timer";"";"";"";"";"119";"";"";"7.2";"6.4";"34"
"57";"2026-06-29 00:00:00";"Day 2: Power Legs (Awakening the Squat)";"3527";"Squat (Barbell)";"3";"105.0";"3";"7.8";"";"";"";"";"7.2";"6.4";"34"
"57";"2026-06-29 00:00:00";"Day 2: Power Legs (Awakening the Squat)";"3527";"Squat (Barbell)";"Rest Timer";"";"";"";"";"120";"";"";"7.2";"6.4";"34"
"57";"2026-06-29 00:00:00";"Day 2: Power Legs (Awakening the Squat)";"3527";"Squat (Barbell)";"4";"105.0";"1";"8.7";"";"";"";"";"7.2";"6.4";"34"
"57";"2026-06-29 00:00:00";"Day 2: Power Legs (Awakening the Squat)";"3527";"Squat (Barbell)";"Rest Timer";"";"";"";"";"137";"";"";"7.2";"6.4";"34"
"57";"2026-06-29 00:00:00";"Day 2: Power Legs (Awakening the Squat)";"3527";"Squat (Barbell)";"5";"105.0";"1";"9.3";"";"";"";"";"7.2";"6.4";"34"
"57";"2026-06-29 00:00:00";"Day 2: Power Legs (Awakening the Squat)";"3527";"One Leg Curl Plates Loaded";"W";"10.0";"14";"";"";"";"";"";"7.2";"6.4";"34"
"57";"2026-06-29 00:00:00";"Day 2: Power Legs (Awakening the Squat)";"3527";"One Leg Curl Plates Loaded";"1";"17.25";"7";"7.2";"";"";"";"";"7.2";"6.4";"34"
"57";"2026-06-29 00:00:00";"Day 2: Power Legs (Awakening the Squat)";"3527";"One Leg Curl Plates Loaded";"Rest Timer";"";"";"";"";"164";"";"";"7.2";"6.4";"34"
"57";"2026-06-29 00:00:00";"Day 2: Power Legs (Awakening the Squat)";"3527";"One Leg Curl Plates Loaded";"2";"17.25";"8";"7.7";"";"";"";"";"7.2";"6.4";"34"
"57";"2026-06-29 00:00:00";"Day 2: Power Legs (Awakening the Squat)";"3527";"One Leg Curl Plates Loaded";"Rest Timer";"";"";"";"";"149";"";"";"7.2";"6.4";"34"
"57";"2026-06-29 00:00:00";"Day 2: Power Legs (Awakening the Squat)";"3527";"One Leg Curl Plates Loaded";"3";"17.25";"7";"8.4";"";"";"";"";"7.2";"6.4";"34"
"57";"2026-06-29 00:00:00";"Day 2: Power Legs (Awakening the Squat)";"3527";"One Leg Curl Plates Loaded";"Rest Timer";"";"";"";"";"127";"";"";"7.2";"6.4";"34"
"57";"2026-06-29 00:00:00";"Day 2: Power Legs (Awakening the Squat)";"3527";"One Leg Curl Plates Loaded";"4";"17.25";"7";"8.6";"";"";"";"";"7.2";"6.4";"34"
"57";"2026-06-29 00:00:00";"Day 2: Power Legs (Awakening the Squat)";"3527";"Seated Calf Raise (Plate Loaded)";"W";"17.5";"13";"";"";"";"";"";"7.2";"6.4";"34"
"57";"2026-06-29 00:00:00";"Day 2: Power Legs (Awakening the Squat)";"3527";"Seated Calf Raise (Plate Loaded)";"1";"32.5";"11";"7.3";"";"";"";"";"7.2";"6.4";"34"
"57";"2026-06-29 00:00:00";"Day 2: Power Legs (Awakening the Squat)";"3527";"Seated Calf Raise (Plate Loaded)";"Rest Timer";"";"";"";"";"128";"";"";"7.2";"6.4";"34"
"57";"2026-06-29 00:00:00";"Day 2: Power Legs (Awakening the Squat)";"3527";"Seated Calf Raise (Plate Loaded)";"2";"34.5";"8";"7.9";"";"";"";"";"7.2";"6.4";"34"
"57";"2026-06-29 00:00:00";"Day 2: Power Legs (Awakening the Squat)";"3527";"Seated Calf Raise (Plate Loaded)";"Rest Timer";"";"";"";"";"131";"";"";"7.2";"6.4";"34"
"57";"2026-06-29 00:00:00";"Day 2: Power Legs (Awakening the Squat)";"3527";"Seated Calf Raise (Plate Loaded)";"3";"34.5";"8";"8.3";"";"";"";"";"7.2";"6.4";"34"
"58";"2026-07-01 00:00:00";"Push";"6392";"Bench Press (Barbell)";"W";"65.0";"14";"";"";"";"";"";"6.9";"5.8";"35"
"58";"2026-07-01 00:00:00";"Push";"6392";"Bench Press (Barbell)";"1";"112.5";"7";"7.2";"";"";"";"";"6.9";"5.8";"35"
"58";"2026-07-01 00:00:00";"Push";"6392";"Bench Press (Barbell)";"Rest Timer";"";"";"";"";"134";"";"";"6.9";"5.8";"35"
"58";"2026-07-01 00:00:00";"Push";"6392";"Bench Press (Barbell)";"2";"117.5";"7";"7.7";"";"";"";"";"6.9";"5.8";"35"
"58";"2026-07-01 00:00:00";"Push";"6392";"Bench Press (Barbell)";"Rest Timer";"";"";"";"";"100";"";"";"6.9";"5.8";"35"
"58";"2026-07-01 00:00:00";"Push";"6392";"Bench Press (Barbell)";"3";"122.5";"4";"7.8";"";"";"";"";"6.9";"5.8";"35"
"58";"2026-07-01 00:00:00";"Push";"6392";"Bench Press (Barbell)";"Rest Timer";"";"";"";"";"145";"";"";"6.9";"5.8";"35"
"58";"2026-07-01 00:00:00";"Push";"6392";"Bench Press (Barbell)";"4";"132.5";"1";"8.9";"";"";"";"";"6.9";"5.8";"35"
"58";"2026-07-01 00:00:00";"Push";"6392";"Bench Press (Barbell)";"Rest Timer";"";"";"";"";"155";"";"";"6.9";"5.8";"35"
"58";"2026-07-01 00:00:00";"Push";"6392";"Bench Press (Barbell)";"5";"138.0";"1";"8.9";"";"";"";"";"6.9";"5.8";"35"
"58";"2026-07-01 00:00:00";"Push";"6392";"Seated Overhead Press (Dumbbell)";"W";"22.5";"11";"";"";"";"";"";"6.9";"5.8";"35"
"58";"2026-07-01 00:00:00";"Push";"6392";"Seated Overhead Press (Dumbbell)";"1";"37.5";"7";"7.4";"";"";"";"";"6.9";"5.8";"35"
"58";"2026-07-01 00:00:00";"Push";"6392";"Seated Overhead Press (Dumbbell)";"Rest Timer";"";"";"";"";"140";"";"";"6.9";"5.8";"35"
"58";"2026-07-01 00:00:00";"Push";"6392";"Seated Overhead Press (Dumbbell)";"2";"37.5";"8";"7.8";"";"";"";"";"6.9";"5.8";"35"
"58";"2026-07-01 00:00:00";"Push";"6392";"Seated Overhead Press (Dumbbell)";"Rest Timer";"";"";"";"";"124";"";"";"6.9";"5.8";"35"
"58";"2026-07-01 00:00:00";"Push";"6392";"Seated Overhead Press (Dumbbell)";"3";"37.5";"7";"8.1";"";"";"";"";"6.9";"5.8";"35"
"58";"2026-07-01 00:00:00";"Push";"6392";"Seated Overhead Press (Dumbbell)";"Rest Timer";"";"";"";"";"112";"";"";"6.9";"5.8";"35"
"58";"2026-07-01 00:00:00";"Push";"6392";"Seated Overhead Press (Dumbbell)";"4";"37.5";"6";"8.6";"";"";"";"";"6.9";"5.8";"35"
"58";"2026-07-01 00:00:00";"Push";"6392";"Incline Chest Press (Machine)";"W";"40.0";"10";"";"";"";"";"";"6.9";"5.8";"35"
"58";"2026-07-01 00:00:00";"Push";"6392";"Incline Chest Press (Machine)";"1";"65.0";"10";"7.1";"";"";"";"";"6.9";"5.8";"35"
"58";"2026-07-01 00:00:00";"Push";"6392";"Incline Chest Press (Machine)";"Rest Timer";"";"";"";"";"151";"";"";"6.9";"5.8";"35"
"58";"2026-07-01 00:00:00";"Push";"6392";"Incline Chest Press (Machine)";"2";"65.0";"7";"7.5";"";"";"";"";"6.9";"5.8";"35"
"58";"2026-07-01 00:00:00";"Push";"6392";"Incline Chest Press (Machine)";"Rest Timer";"";"";"";"";"173";"";"";"6.9";"5.8";"35"
"58";"2026-07-01 00:00:00";"Push";"6392";"Incline Chest Press (Machine)";"3";"65.0";"9";"7.8";"";"";"";"";"6.9";"5.8";"35"
"58";"2026-07-01 00:00:00";"Push";"6392";"Incline Chest Press (Machine)";"Rest Timer";"";"";"";"";"112";"";"";"6.9";"5.8";"35"
"58";"2026-07-01 00:00:00";"Push";"6392";"Incline Chest Press (Machine)";"4";"65.0";"4";"8.2";"";"";"";"";"6.9";"5.8";"35"
"58";"2026-07-01 00:00:00";"Push";"6392";"Incline Chest Press (Machine)";"Rest Timer";"";"";"";"";"111";"";"";"6.9";"5.8";"35"
"58";"2026-07-01 00:00:00";"Push";"6392";"Incline Chest Press (Machine)";"5";"65.0";"4";"8.4";"";"";"";"";"6.9";"5.8";"35"
"58";"2026-07-01 00:00:00";"Push";"6392";"Lateral Raise (Cable)";"W";"10.0";"10";"";"";"";"";"";"6.9";"5.8";"35"
"58";"2026-07-01 00:00:00";"Push";"6392";"Lateral Raise (Cable)";"1";"15.0";"7";"6.7";"";"";"";"";"6.9";"5.8";"35"
"58";"2026-07-01 00:00:00";"Push";"6392";"Lateral Raise (Cable)";"Rest Timer";"";"";"";"";"163";"";"";"6.9";"5.8";"35"
"58";"2026-07-01 00:00:00";"Push";"6392";"Lateral Raise (Cable)";"2";"15.0";"6";"7.2";"";"";"";"";"6.9";"5.8";"35"
"58";"2026-07-01 00:00:00";"Push";"6392";"Lateral Raise (Cable)";"Rest Timer";"";"";"";"";"170";"";"";"6.9";"5.8";"35"
"58";"2026-07-01 00:00:00";"Push";"6392";"Lateral Raise (Cable)";"3";"17.5";"5";"7.6";"";"";"";"";"6.9";"5.8";"35"
"58";"2026-07-01 00:00:00";"Push";"6392";"Lateral Raise (Cable)";"Rest Timer";"";"";"";"";"98";"";"";"6.9";"5.8";"35"
"58";"2026-07-01 00:00:00";"Push";"6392";"Lateral Raise (Cable)";"4";"17.5";"6";"8.5";"";"";"";"";"6.9";"5.8";"35"
"58";"2026-07-01 00:00:00";"Push";"6392";"Skullcrusher (Dumbbell)";"W";"7.5";"13";"";"";"";"";"";"6.9";"5.8";"35"
"58";"2026-07-01 00:00:00";"Push";"6392";"Skullcrusher (Dumbbell)";"1";"10.0";"9";"7.0";"";"";"";"";"6.9";"5.8";"35"
"58";"2026-07-01 00:00:00";"Push";"6392";"Skullcrusher (Dumbbell)";"Rest Timer";"";"";"";"";"119";"";"";"6.9";"5.8";"35"
"58";"2026-07-01 00:00:00";"Push";"6392";"Skullcrusher (Dumbbell)";"2";"10.0";"9";"7.5";"";"";"";"";"6.9";"5.8";"35"
"58";"2026-07-01 00:00:00";"Push";"6392";"Skullcrusher (Dumbbell)";"Rest Timer";"";"";"";"";"122";"";"";"6.9";"5.8";"35"
"58";"2026-07-01 00:00:00";"Push";"6392";"Skullcrusher (Dumbbell)";"3";"12.5";"7";"7.9";"";"";"";"";"6.9";"5.8";"35"
"58";"2026-07-01 00:00:00";"Push";"6392";"Triceps Extension";"W";"20.0";"14";"";"";"";"";"";"6.9";"5.8";"35"
"58";"2026-07-01 00:00:00";"Push";"6392";"Triceps Extension";"1";"35.0";"11";"6.5";"";"";"";"";"6.9";"5.8";"35"
"58";"2026-07-01 00:00:00";"Push";"6392";"Triceps Extension";"Rest Timer";"";"";"";"";"97";"";"";"6.9";"5.8";"35"
"58";"2026-07-01 00:00:00";"Push";"6392";"Triceps Extension";"2";"37.5";"11";"6.9";"";"";"";"";"6.9";"5.8";"35"
"58";"2026-07-01 00:00:00";"Push";"6392";"Triceps Extension";"Rest Timer";"";"";"";"";"106";"";"";"6.9";"5.8";"35"
"58";"2026-07-01 00:00:00";"Push";"6392";"Triceps Extension";"3";"40.0";"9";"7.6";"";"";"";"";"6.9";"5.8";"35"
"58";"2026-07-01 00:00:00";"Push";"6392";"Triceps Extension";"Rest Timer";"";"";"";"";"145";"";"";"6.9";"5.8";"35"
"58";"2026-07-01 00:00:00";"Push";"6392";"Triceps Extension";"4";"42.5";"9";"7.7";"";"";"";"";"6.9";"5.8";"35"
"58";"2026-07-01 00:00:00";"Push";"6392";"Incline Chest Fly (Dumbbell)";"W";"15.0";"15";"";"";"";"";"";"6.9";"5.8";"35"
"58";"2026-07-01 00:00:00";"Push";"6392";"Incline Chest Fly (Dumbbell)";"1";"22.5";"9";"7.2";"";"";"";"";"6.9";"5.8";"35"
"58";"2026-07-01 00:00:00";"Push";"6392";"Incline Chest Fly (Dumbbell)";"Rest Timer";"";"";"";"";"101";"";"";"6.9";"5.8";"35"
"58";"2026-07-01 00:00:00";"Push";"6392";"Incline Chest Fly (Dumbbell)";"2";"25.0";"10";"7.7";"";"";"";"";"6.9";"5.8";"35"
"58";"2026-07-01 00:00:00";"Push";"6392";"Incline Chest Fly (Dumbbell)";"Rest Timer";"";"";"";"";"174";"";"";"6.9";"5.8";"35"
"58";"2026-07-01 00:00:00";"Push";"6392";"Incline Chest Fly (Dumbbell)";"3";"25.0";"7";"7.9";"";"";"";"";"6.9";"5.8";"35"
"58";"2026-07-01 00:00:00";"Push";"6392";"Skullcrusher (Barbell)";"W";"12.5";"14";"";"";"";"";"";"6.9";"5.8";"35"
"58";"2026-07-01 00:00:00";"Push";"6392";"Skullcrusher (Barbell)";"1";"20.0";"11";"6.7";"";"";"";"";"6.9";"5.8";"35"
"58";"2026-07-01 00:00:00";"Push";"6392";"Skullcrusher (Barbell)";"Rest Timer";"";"";"";"";"101";"";"";"6.9";"5.8";"35"
"58";"2026-07-01 00:00:00";"Push";"6392";"Skullcrusher (Barbell)";"2";"20.0";"9";"7.3";"";"";"";"";"6.9";"5.8";"35"
"58";"2026-07-01 00:00:00";"Push";"6392";"Skullcrusher (Barbell)";"Rest Timer";"";"";"";"";"125";"";"";"6.9";"5.8";"35"
"58";"2026-07-01 00:00:00";"Push";"6392";"Skullcrusher (Barbell)";"3";"20.0";"10";"7.9";"";"";"";"";"6.9";"5.8";"35"
"58";"2026-07-01 00:00:00";"Push";"6392";"Skullcrusher (Barbell)";"Rest Timer";"";"";"";"";"107";"";"";"6.9";"5.8";"35"
"58";"2026-07-01 00:00:00";"Push";"6392";"Skullcrusher (Barbell)";"4";"20.0";"6";"8.2";"";"";"";"";"6.9";"5.8";"35"
"59";"2026-07-04 00:00:00";"Pull";"3795";"Lat Pulldown (Cable)";"W";"37.5";"13";"";"";"";"";"";"7.4";"5.2";"36"
"59";"2026-07-04 00:00:00";"Pull";"3795";"Lat Pulldown (Cable)";"1";"57.5";"9";"6.6";"";"";"";"";"7.4";"5.2";"36"
"59";"2026-07-04 00:00:00";"Pull";"3795";"Lat Pulldown (Cable)";"Rest Timer";"";"";"";"";"109";"";"";"7.4";"5.2";"36"
"59";"2026-07-04 00:00:00";"Pull";"3795";"Lat Pulldown (Cable)";"2";"60.0";"7";"7.1";"";"";"";"";"7.4";"5.2";"36"
"59";"2026-07-04 00:00:00";"Pull";"3795";"Lat Pulldown (Cable)";"Rest Timer";"";"";"";"";"150";"";"";"7.4";"5.2";"36"
"59";"2026-07-04 00:00:00";"Pull";"3795";"Lat Pulldown (Cable)";"3";"65.0";"8";"7.5";"";"";"";"";"7.4";"5.2";"36"
"59";"2026-07-04 00:00:00";"Pull";"3795";"Seated Row (Machine)";"W";"45.0";"12";"";"";"";"";"";"7.4";"5.2";"36"
"59";"2026-07-04 00:00:00";"Pull";"3795";"Seated Row (Machine)";"1";"72.5";"9";"7.3";"";"";"";"";"7.4";"5.2";"36"
"59";"2026-07-04 00:00:00";"Pull";"3795";"Seated Row (Machine)";"Rest Timer";"";"";"";"";"128";"";"";"7.4";"5.2";"36"
"59";"2026-07-04 00:00:00";"Pull";"3795";"Seated Row (Machine)";"2";"72.5";"9";"7.7";"";"";"";"";"7.4";"5.2";"36"
"59";"2026-07-04 00:00:00";"Pull";"3795";"Seated Row (Machine)";"Rest Timer";"";"";"";"";"152";"";"";"7.4";"5.2";"36"
"59";"2026-07-04 00:00:00";"Pull";"3795";"Seated Row (Machine)";"3";"72.5";"7";"7.9";"";"";"";"";"7.4";"5.2";"36"
"59";"2026-07-04 00:00:00";"Pull";"3795";"Seated Row (Machine)";"Rest Timer";"";"";"";"";"141";"";"";"7.4";"5.2";"36"
"59";"2026-07-04 00:00:00";"Pull";"3795";"Seated Row (Machine)";"4";"72.5";"5";"8.8";"";"";"";"";"7.4";"5.2";"36"
"59";"2026-07-04 00:00:00";"Pull";"3795";"Seated Row (Machine)";"Rest Timer";"";"";"";"";"93";"";"";"7.4";"5.2";"36"
"59";"2026-07-04 00:00:00";"Pull";"3795";"Seated Row (Machine)";"5";"72.5";"4";"8.5";"";"";"";"";"7.4";"5.2";"36"
"59";"2026-07-04 00:00:00";"Pull";"3795";"Face Pull (Cable)";"W";"27.5";"14";"";"";"";"";"";"7.4";"5.2";"36"
"59";"2026-07-04 00:00:00";"Pull";"3795";"Face Pull (Cable)";"1";"47.5";"7";"6.8";"";"";"";"";"7.4";"5.2";"36"
"59";"2026-07-04 00:00:00";"Pull";"3795";"Face Pull (Cable)";"Rest Timer";"";"";"";"";"120";"";"";"7.4";"5.2";"36"
"59";"2026-07-04 00:00:00";"Pull";"3795";"Face Pull (Cable)";"2";"47.5";"7";"7.2";"";"";"";"";"7.4";"5.2";"36"
"59";"2026-07-04 00:00:00";"Pull";"3795";"Face Pull (Cable)";"Rest Timer";"";"";"";"";"145";"";"";"7.4";"5.2";"36"
"59";"2026-07-04 00:00:00";"Pull";"3795";"Face Pull (Cable)";"3";"47.5";"2";"7.4";"";"";"";"";"7.4";"5.2";"36"
"59";"2026-07-04 00:00:00";"Pull";"3795";"Face Pull (Cable)";"Rest Timer";"";"";"";"";"180";"";"";"7.4";"5.2";"36"
"59";"2026-07-04 00:00:00";"Pull";"3795";"Face Pull (Cable)";"4";"47.5";"3";"8.0";"";"";"";"";"7.4";"5.2";"36"
"59";"2026-07-04 00:00:00";"Pull";"3795";"Bicep Curl (Machine)";"W";"20.0";"13";"";"";"";"";"";"7.4";"5.2";"36"
"59";"2026-07-04 00:00:00";"Pull";"3795";"Bicep Curl (Machine)";"1";"32.5";"10";"7.3";"";"";"";"";"7.4";"5.2";"36"
"59";"2026-07-04 00:00:00";"Pull";"3795";"Bicep Curl (Machine)";"Rest Timer";"";"";"";"";"141";"";"";"7.4";"5.2";"36"
"59";"2026-07-04 00:00:00";"Pull";"3795";"Bicep Curl (Machine)";"2";"35.0";"6";"7.7";"";"";"";"";"7.4";"5.2";"36"
"59";"2026-07-04 00:00:00";"Pull";"3795";"Bicep Curl (Machine)";"Rest Timer";"";"";"";"";"126";"";"";"7.4";"5.2";"36"
"59";"2026-07-04 00:00:00";"Pull";"3795";"Bicep Curl (Machine)";"3";"35.0";"5";"8.3";"";"";"";"";"7.4";"5.2";"36"
"59";"2026-07-04 00:00:00";"Pull";"3795";"Bicep Curl (Dumbbell)";"W";"10.0";"10";"";"";"";"";"";"7.4";"5.2";"36"
"59";"2026-07-04 00:00:00";"Pull";"3795";"Bicep Curl (Dumbbell)";"1";"17.5";"7";"7.2";"";"";"";"";"7.4";"5.2";"36"
"59";"2026-07-04 00:00:00";"Pull";"3795";"Bicep Curl (Dumbbell)";"Rest Timer";"";"";"";"";"109";"";"";"7.4";"5.2";"36"
"59";"2026-07-04 00:00:00";"Pull";"3795";"Bicep Curl (Dumbbell)";"2";"17.5";"9";"7.6";"";"";"";"";"7.4";"5.2";"36"
"59";"2026-07-04 00:00:00";"Pull";"3795";"Bicep Curl (Dumbbell)";"Rest Timer";"";"";"";"";"135";"";"";"7.4";"5.2";"36"
"59";"2026-07-04 00:00:00";"Pull";"3795";"Bicep Curl (Dumbbell)";"3";"17.5";"8";"8.0";"";"";"";"";"7.4";"5.2";"36"
"59";"2026-07-04 00:00:00";"Pull";"3795";"Bicep Curl (Dumbbell)";"Rest Timer";"";"";"";"";"170";"";"";"7.4";"5.2";"36"
"59";"2026-07-04 00:00:00";"Pull";"3795";"Bicep Curl (Dumbbell)";"4";"17.5";"7";"8.4";"";"";"";"";"7.4";"5.2";"36"
"59";"2026-07-04 00:00:00";"Pull";"3795";"Inverted Row (Bodyweight)";"W";"35.0";"15";"";"";"";"";"";"7.4";"5.2";"36"
"59";"2026-07-04 00:00:00";"Pull";"3795";"Inverted Row (Bodyweight)";"1";"60.0";"8";"7.0";"";"";"";"";"7.4";"5.2";"36"
"59";"2026-07-04 00:00:00";"Pull";"3795";"Inverted Row (Bodyweight)";"Rest Timer";"";"";"";"";"161";"";"";"7.4";"5.2";"36"
"59";"2026-07-04 00:00:00";"Pull";"3795";"Inverted Row (Bodyweight)";"2";"60.0";"5";"7.4";"";"";"";"";"7.4";"5.2";"36"
"59";"2026-07-04 00:00:00";"Pull";"3795";"Inverted Row (Bodyweight)";"Rest Timer";"";"";"";"";"165";"";"";"7.4";"5.2";"36"
"59";"2026-07-04 00:00:00";"Pull";"3795";"Inverted Row (Bodyweight)";"3";"60.0";"6";"7.6";"";"";"";"";"7.4";"5.2";"36"
"59";"2026-07-04 00:00:00";"Pull";"3795";"Inverted Row (Bodyweight)";"Rest Timer";"";"";"";"";"131";"";"";"7.4";"5.2";"36"
"59";"2026-07-04 00:00:00";"Pull";"3795";"Inverted Row (Bodyweight)";"4";"60.0";"2";"8.4";"";"";"";"";"7.4";"5.2";"36"
"59";"2026-07-04 00:00:00";"Pull";"3795";"T Bar Row";"W";"17.5";"14";"";"";"";"";"";"7.4";"5.2";"36"
"59";"2026-07-04 00:00:00";"Pull";"3795";"T Bar Row";"1";"30.0";"10";"7.3";"";"";"";"";"7.4";"5.2";"36"
"59";"2026-07-04 00:00:00";"Pull";"3795";"T Bar Row";"Rest Timer";"";"";"";"";"113";"";"";"7.4";"5.2";"36"
"59";"2026-07-04 00:00:00";"Pull";"3795";"T Bar Row";"2";"30.0";"6";"7.8";"";"";"";"";"7.4";"5.2";"36"
"59";"2026-07-04 00:00:00";"Pull";"3795";"T Bar Row";"Rest Timer";"";"";"";"";"116";"";"";"7.4";"5.2";"36"
"59";"2026-07-04 00:00:00";"Pull";"3795";"T Bar Row";"3";"30.0";"6";"7.9";"";"";"";"";"7.4";"5.2";"36"
"59";"2026-07-04 00:00:00";"Pull";"3795";"T Bar Row";"Rest Timer";"";"";"";"";"162";"";"";"7.4";"5.2";"36"
"59";"2026-07-04 00:00:00";"Pull";"3795";"T Bar Row";"4";"30.0";"4";"8.8";"";"";"";"";"7.4";"5.2";"36"
"59";"2026-07-04 00:00:00";"Pull";"3795";"T Bar Row";"Rest Timer";"";"";"";"";"170";"";"";"7.4";"5.2";"36"
"59";"2026-07-04 00:00:00";"Pull";"3795";"T Bar Row";"5";"30.0";"7";"9.4";"";"";"";"";"7.4";"5.2";"36"
"59";"2026-07-04 00:00:00";"Pull";"3795";"Reverse Fly (Cable)";"W";"32.5";"14";"";"";"";"";"";"7.4";"5.2";"36"
"59";"2026-07-04 00:00:00";"Pull";"3795";"Reverse Fly (Cable)";"1";"55.0";"9";"6.7";"";"";"";"";"7.4";"5.2";"36"
"59";"2026-07-04 00:00:00";"Pull";"3795";"Reverse Fly (Cable)";"Rest Timer";"";"";"";"";"178";"";"";"7.4";"5.2";"36"
"59";"2026-07-04 00:00:00";"Pull";"3795";"Reverse Fly (Cable)";"2";"55.0";"7";"7.3";"";"";"";"";"7.4";"5.2";"36"
"59";"2026-07-04 00:00:00";"Pull";"3795";"Reverse Fly (Cable)";"Rest Timer";"";"";"";"";"168";"";"";"7.4";"5.2";"36"
"59";"2026-07-04 00:00:00";"Pull";"3795";"Reverse Fly (Cable)";"3";"55.0";"5";"7.4";"";"";"";"";"7.4";"5.2";"36"
"59";"2026-07-04 00:00:00";"Pull";"3795";"Reverse Fly (Cable)";"Rest Timer";"";"";"";"";"105";"";"";"7.4";"5.2";"36"
"59";"2026-07-04 00:00:00";"Pull";"3795";"Reverse Fly (Cable)";"4";"55.0";"7";"7.8";"";"";"";"";"7.4";"5.2";"36"
"60";"2026-07-06 00:00:00";"Upper";"4118";"Bench Press (Barbell)";"W";"75.0";"11";"";"";"";"";"";"7.5";"5.9";"37"
"60";"2026-07-06 00:00:00";"Upper";"4118";"Bench Press (Barbell)";"1";"115.0";"7";"6.8";"";"";"";"";"7.5";"5.9";"37"
"60";"2026-07-06 00:00:00";"Upper";"4118";"Bench Press (Barbell)";"Rest Timer";"";"";"";"";"156";"";"";"7.5";"5.9";"37"
"60";"2026-07-06 00:00:00";"Upper";"4118";"Bench Press (Barbell)";"2";"120.0";"5";"7.1";"";"";"";"";"7.5";"5.9";"37"
"60";"2026-07-06 00:00:00";"Upper";"4118";"Bench Press (Barbell)";"Rest Timer";"";"";"";"";"119";"";"";"7.5";"5.9";"37"
"60";"2026-07-06 00:00:00";"Upper";"4118";"Bench Press (Barbell)";"3";"127.5";"4";"7.7";"";"";"";"";"7.5";"5.9";"37"
"60";"2026-07-06 00:00:00";"Upper";"4118";"Bench Press (Barbell)";"Rest Timer";"";"";"";"";"147";"";"";"7.5";"5.9";"37"
"60";"2026-07-06 00:00:00";"Upper";"4118";"Bench Press (Barbell)";"4";"132.5";"2";"8.4";"";"";"";"";"7.5";"5.9";"37"
"60";"2026-07-06 00:00:00";"Upper";"4118";"Lat Pulldown (Cable)";"W";"35.0";"14";"";"";"";"";"";"7.5";"5.9";"37"
"60";"2026-07-06 00:00:00";"Upper";"4118";"Lat Pulldown (Cable)";"1";"60.0";"9";"7.4";"";"";"";"";"7.5";"5.9";"37"
"60";"2026-07-06 00:00:00";"Upper";"4118";"Lat Pulldown (Cable)";"Rest Timer";"";"";"";"";"167";"";"";"7.5";"5.9";"37"
"60";"2026-07-06 00:00:00";"Upper";"4118";"Lat Pulldown (Cable)";"2";"62.5";"4";"7.7";"";"";"";"";"7.5";"5.9";"37"
"60";"2026-07-06 00:00:00";"Upper";"4118";"Lat Pulldown (Cable)";"Rest Timer";"";"";"";"";"121";"";"";"7.5";"5.9";"37"
"60";"2026-07-06 00:00:00";"Upper";"4118";"Lat Pulldown (Cable)";"3";"67.5";"5";"8.0";"";"";"";"";"7.5";"5.9";"37"
"60";"2026-07-06 00:00:00";"Upper";"4118";"Lat Pulldown (Cable)";"Rest Timer";"";"";"";"";"155";"";"";"7.5";"5.9";"37"
"60";"2026-07-06 00:00:00";"Upper";"4118";"Lat Pulldown (Cable)";"4";"70.0";"1";"8.8";"";"";"";"";"7.5";"5.9";"37"
"60";"2026-07-06 00:00:00";"Upper";"4118";"Bent Over Row (Dumbbell)";"W";"20.0";"15";"";"";"";"";"";"7.5";"5.9";"37"
"60";"2026-07-06 00:00:00";"Upper";"4118";"Bent Over Row (Dumbbell)";"1";"30.0";"11";"6.8";"";"";"";"";"7.5";"5.9";"37"
"60";"2026-07-06 00:00:00";"Upper";"4118";"Bent Over Row (Dumbbell)";"Rest Timer";"";"";"";"";"98";"";"";"7.5";"5.9";"37"
"60";"2026-07-06 00:00:00";"Upper";"4118";"Bent Over Row (Dumbbell)";"2";"32.5";"8";"7.1";"";"";"";"";"7.5";"5.9";"37"
"60";"2026-07-06 00:00:00";"Upper";"4118";"Bent Over Row (Dumbbell)";"Rest Timer";"";"";"";"";"173";"";"";"7.5";"5.9";"37"
"60";"2026-07-06 00:00:00";"Upper";"4118";"Bent Over Row (Dumbbell)";"3";"32.5";"5";"7.9";"";"";"";"";"7.5";"5.9";"37"
"60";"2026-07-06 00:00:00";"Upper";"4118";"Bent Over Row (Dumbbell)";"Rest Timer";"";"";"";"";"169";"";"";"7.5";"5.9";"37"
"60";"2026-07-06 00:00:00";"Upper";"4118";"Bent Over Row (Dumbbell)";"4";"35.0";"9";"8.2";"";"";"";"";"7.5";"5.9";"37"
"60";"2026-07-06 00:00:00";"Upper";"4118";"Bench Skullcrucher";"W";"25.0";"10";"";"";"";"";"";"7.5";"5.9";"37"
"60";"2026-07-06 00:00:00";"Upper";"4118";"Bench Skullcrucher";"1";"42.5";"9";"7.0";"";"";"";"";"7.5";"5.9";"37"
"60";"2026-07-06 00:00:00";"Upper";"4118";"Bench Skullcrucher";"Rest Timer";"";"";"";"";"122";"";"";"7.5";"5.9";"37"
"60";"2026-07-06 00:00:00";"Upper";"4118";"Bench Skullcrucher";"2";"45.0";"5";"7.3";"";"";"";"";"7.5";"5.9";"37"
"60";"2026-07-06 00:00:00";"Upper";"4118";"Bench Skullcrucher";"Rest Timer";"";"";"";"";"155";"";"";"7.5";"5.9";"37"
"60";"2026-07-06 00:00:00";"Upper";"4118";"Bench Skullcrucher";"3";"47.5";"4";"8.1";"";"";"";"";"7.5";"5.9";"37"
"60";"2026-07-06 00:00:00";"Upper";"4118";"Bench Skullcrucher";"Rest Timer";"";"";"";"";"153";"";"";"7.5";"5.9";"37"
"60";"2026-07-06 00:00:00";"Upper";"4118";"Bench Skullcrucher";"4";"50.0";"3";"8.5";"";"";"";"";"7.5";"5.9";"37"
"60";"2026-07-06 00:00:00";"Upper";"4118";"Bench Skullcrucher";"Rest Timer";"";"";"";"";"117";"";"";"7.5";"5.9";"37"
"60";"2026-07-06 00:00:00";"Upper";"4118";"Bench Skullcrucher";"5";"50.0";"3";"8.2";"";"";"";"";"7.5";"5.9";"37"
"60";"2026-07-06 00:00:00";"Upper";"4118";"Bicep Curl (Machine)";"W";"20.0";"11";"";"";"";"";"";"7.5";"5.9";"37"
"60";"2026-07-06 00:00:00";"Upper";"4118";"Bicep Curl (Machine)";"1";"37.5";"10";"7.3";"";"";"";"";"7.5";"5.9";"37"
"60";"2026-07-06 00:00:00";"Upper";"4118";"Bicep Curl (Machine)";"Rest Timer";"";"";"";"";"119";"";"";"7.5";"5.9";"37"
"60";"2026-07-06 00:00:00";"Upper";"4118";"Bicep Curl (Machine)";"2";"37.5";"10";"7.7";"";"";"";"";"7.5";"5.9";"37"
"60";"2026-07-06 00:00:00";"Upper";"4118";"Bicep Curl (Machine)";"Rest Timer";"";"";"";"";"124";"";"";"7.5";"5.9";"37"
"60";"2026-07-06 00:00:00";"Upper";"4118";"Bicep Curl (Machine)";"3";"37.5";"7";"8.0";"";"";"";"";"7.5";"5.9";"37"
"60";"2026-07-06 00:00:00";"Upper";"4118";"Lateral Raise (Dumbbell)";"W";"10.0";"15";"";"";"";"";"";"7.5";"5.9";"37"
"60";"2026-07-06 00:00:00";"Upper";"4118";"Lateral Raise (Dumbbell)";"1";"17.5";"8";"6.9";"";"";"";"";"7.5";"5.9";"37"
"60";"2026-07-06 00:00:00";"Upper";"4118";"Lateral Raise (Dumbbell)";"Rest Timer";"";"";"";"";"115";"";"";"7.5";"5.9";"37"
"60";"2026-07-06 00:00:00";"Upper";"4118";"Lateral Raise (Dumbbell)";"2";"17.5";"10";"7.3";"";"";"";"";"7.5";"5.9";"37"
"60";"2026-07-06 00:00:00";"Upper";"4118";"Lateral Raise (Dumbbell)";"Rest Timer";"";"";"";"";"106";"";"";"7.5";"5.9";"37"
"60";"2026-07-06 00:00:00";"Upper";"4118";"Lateral Raise (Dumbbell)";"3";"17.5";"7";"7.7";"";"";"";"";"7.5";"5.9";"37"
"60";"2026-07-06 00:00:00";"Upper";"4118";"Incline Chest Press (Machine)";"W";"37.5";"15";"";"";"";"";"";"7.5";"5.9";"37"
"60";"2026-07-06 00:00:00";"Upper";"4118";"Incline Chest Press (Machine)";"1";"65.0";"5";"6.8";"";"";"";"";"7.5";"5.9";"37"
"60";"2026-07-06 00:00:00";"Upper";"4118";"Incline Chest Press (Machine)";"Rest Timer";"";"";"";"";"175";"";"";"7.5";"5.9";"37"
"60";"2026-07-06 00:00:00";"Upper";"4118";"Incline Chest Press (Machine)";"2";"67.5";"6";"7.3";"";"";"";"";"7.5";"5.9";"37"
"60";"2026-07-06 00:00:00";"Upper";"4118";"Incline Chest Press (Machine)";"Rest Timer";"";"";"";"";"153";"";"";"7.5";"5.9";"37"
"60";"2026-07-06 00:00:00";"Upper";"4118";"Incline Chest Press (Machine)";"3";"72.5";"5";"8.0";"";"";"";"";"7.5";"5.9";"37"
"60";"2026-07-06 00:00:00";"Upper";"4118";"Incline Chest Press (Machine)";"Rest Timer";"";"";"";"";"94";"";"";"7.5";"5.9";"37"
"60";"2026-07-06 00:00:00";"Upper";"4118";"Incline Chest Press (Machine)";"4";"75.0";"3";"8.5";"";"";"";"";"7.5";"5.9";"37"
"61";"2026-07-09 00:00:00";"Evening Workout";"744";"Aerobics";"W";"40.0";"10";"";"";"";"";"";"7.1";"5.1";"38"
"61";"2026-07-09 00:00:00";"Evening Workout";"744";"Aerobics";"1";"60.0";"8";"6.8";"";"";"";"";"7.1";"5.1";"38"
"61";"2026-07-09 00:00:00";"Evening Workout";"744";"Aerobics";"Rest Timer";"";"";"";"";"174";"";"";"7.1";"5.1";"38"
"61";"2026-07-09 00:00:00";"Evening Workout";"744";"Aerobics";"2";"60.0";"6";"7.1";"";"";"";"";"7.1";"5.1";"38"
"61";"2026-07-09 00:00:00";"Evening Workout";"744";"Aerobics";"Rest Timer";"";"";"";"";"95";"";"";"7.1";"5.1";"38"
"61";"2026-07-09 00:00:00";"Evening Workout";"744";"Aerobics";"3";"60.0";"4";"7.7";"";"";"";"";"7.1";"5.1";"38"
"61";"2026-07-09 00:00:00";"Evening Workout";"744";"Aerobics";"Rest Timer";"";"";"";"";"107";"";"";"7.1";"5.1";"38"
"61";"2026-07-09 00:00:00";"Evening Workout";"744";"Aerobics";"4";"60.0";"4";"8.4";"";"";"";"";"7.1";"5.1";"38"
"62";"2026-07-11 00:00:00";"Day 1: Power Push (Heavy Chest & Shoulders)";"4115";"Bench Press (Barbell)";"W";"65.0";"11";"";"";"";"";"";"6.5";"5.1";"39"
"62";"2026-07-11 00:00:00";"Day 1: Power Push (Heavy Chest & Shoulders)";"4115";"Bench Press (Barbell)";"1";"102.5";"7";"6.6";"";"";"";"";"6.5";"5.1";"39"
"62";"2026-07-11 00:00:00";"Day 1: Power Push (Heavy Chest & Shoulders)";"4115";"Bench Press (Barbell)";"Rest Timer";"";"";"";"";"180";"";"";"6.5";"5.1";"39"
"62";"2026-07-11 00:00:00";"Day 1: Power Push (Heavy Chest & Shoulders)";"4115";"Bench Press (Barbell)";"2";"102.5";"4";"7.1";"";"";"";"";"6.5";"5.1";"39"
"62";"2026-07-11 00:00:00";"Day 1: Power Push (Heavy Chest & Shoulders)";"4115";"Bench Press (Barbell)";"Rest Timer";"";"";"";"";"178";"";"";"6.5";"5.1";"39"
"62";"2026-07-11 00:00:00";"Day 1: Power Push (Heavy Chest & Shoulders)";"4115";"Bench Press (Barbell)";"3";"102.5";"3";"7.3";"";"";"";"";"6.5";"5.1";"39"
"62";"2026-07-11 00:00:00";"Day 1: Power Push (Heavy Chest & Shoulders)";"4115";"Bench Press (Barbell)";"Rest Timer";"";"";"";"";"127";"";"";"6.5";"5.1";"39"
"62";"2026-07-11 00:00:00";"Day 1: Power Push (Heavy Chest & Shoulders)";"4115";"Bench Press (Barbell)";"4";"102.5";"2";"7.7";"";"";"";"";"6.5";"5.1";"39"
"62";"2026-07-11 00:00:00";"Day 1: Power Push (Heavy Chest & Shoulders)";"4115";"Shoulder Press (Plate Loaded)";"W";"20.0";"10";"";"";"";"";"";"6.5";"5.1";"39"
"62";"2026-07-11 00:00:00";"Day 1: Power Push (Heavy Chest & Shoulders)";"4115";"Shoulder Press (Plate Loaded)";"1";"32.5";"7";"6.6";"";"";"";"";"6.5";"5.1";"39"
"62";"2026-07-11 00:00:00";"Day 1: Power Push (Heavy Chest & Shoulders)";"4115";"Shoulder Press (Plate Loaded)";"Rest Timer";"";"";"";"";"146";"";"";"6.5";"5.1";"39"
"62";"2026-07-11 00:00:00";"Day 1: Power Push (Heavy Chest & Shoulders)";"4115";"Shoulder Press (Plate Loaded)";"2";"32.5";"5";"7.0";"";"";"";"";"6.5";"5.1";"39"
"62";"2026-07-11 00:00:00";"Day 1: Power Push (Heavy Chest & Shoulders)";"4115";"Shoulder Press (Plate Loaded)";"Rest Timer";"";"";"";"";"133";"";"";"6.5";"5.1";"39"
"62";"2026-07-11 00:00:00";"Day 1: Power Push (Heavy Chest & Shoulders)";"4115";"Shoulder Press (Plate Loaded)";"3";"32.5";"5";"7.7";"";"";"";"";"6.5";"5.1";"39"
"62";"2026-07-11 00:00:00";"Day 1: Power Push (Heavy Chest & Shoulders)";"4115";"Shoulder Press (Plate Loaded)";"Rest Timer";"";"";"";"";"178";"";"";"6.5";"5.1";"39"
"62";"2026-07-11 00:00:00";"Day 1: Power Push (Heavy Chest & Shoulders)";"4115";"Shoulder Press (Plate Loaded)";"4";"32.5";"6";"7.5";"";"";"";"";"6.5";"5.1";"39"
"62";"2026-07-11 00:00:00";"Day 1: Power Push (Heavy Chest & Shoulders)";"4115";"Shoulder Press (Plate Loaded)";"Rest Timer";"";"";"";"";"176";"";"";"6.5";"5.1";"39"
"62";"2026-07-11 00:00:00";"Day 1: Power Push (Heavy Chest & Shoulders)";"4115";"Shoulder Press (Plate Loaded)";"5";"32.5";"3";"8.8";"";"";"";"";"6.5";"5.1";"39"
"62";"2026-07-11 00:00:00";"Day 1: Power Push (Heavy Chest & Shoulders)";"4115";"Incline Chest Fly (Dumbbell)";"W";"15.0";"14";"";"";"";"";"";"6.5";"5.1";"39"
"62";"2026-07-11 00:00:00";"Day 1: Power Push (Heavy Chest & Shoulders)";"4115";"Incline Chest Fly (Dumbbell)";"1";"22.5";"10";"6.5";"";"";"";"";"6.5";"5.1";"39"
"62";"2026-07-11 00:00:00";"Day 1: Power Push (Heavy Chest & Shoulders)";"4115";"Incline Chest Fly (Dumbbell)";"Rest Timer";"";"";"";"";"179";"";"";"6.5";"5.1";"39"
"62";"2026-07-11 00:00:00";"Day 1: Power Push (Heavy Chest & Shoulders)";"4115";"Incline Chest Fly (Dumbbell)";"2";"22.5";"12";"7.1";"";"";"";"";"6.5";"5.1";"39"
"62";"2026-07-11 00:00:00";"Day 1: Power Push (Heavy Chest & Shoulders)";"4115";"Incline Chest Fly (Dumbbell)";"Rest Timer";"";"";"";"";"149";"";"";"6.5";"5.1";"39"
"62";"2026-07-11 00:00:00";"Day 1: Power Push (Heavy Chest & Shoulders)";"4115";"Incline Chest Fly (Dumbbell)";"3";"25.0";"9";"7.3";"";"";"";"";"6.5";"5.1";"39"
"62";"2026-07-11 00:00:00";"Day 1: Power Push (Heavy Chest & Shoulders)";"4115";"Incline Chest Fly (Dumbbell)";"Rest Timer";"";"";"";"";"144";"";"";"6.5";"5.1";"39"
"62";"2026-07-11 00:00:00";"Day 1: Power Push (Heavy Chest & Shoulders)";"4115";"Incline Chest Fly (Dumbbell)";"4";"27.5";"7";"7.9";"";"";"";"";"6.5";"5.1";"39"
"62";"2026-07-11 00:00:00";"Day 1: Power Push (Heavy Chest & Shoulders)";"4115";"Lateral Raise (Dumbbell)";"W";"10.0";"15";"";"";"";"";"";"6.5";"5.1";"39"
"62";"2026-07-11 00:00:00";"Day 1: Power Push (Heavy Chest & Shoulders)";"4115";"Lateral Raise (Dumbbell)";"1";"17.5";"10";"7.3";"";"";"";"";"6.5";"5.1";"39"
"62";"2026-07-11 00:00:00";"Day 1: Power Push (Heavy Chest & Shoulders)";"4115";"Lateral Raise (Dumbbell)";"Rest Timer";"";"";"";"";"141";"";"";"6.5";"5.1";"39"
"62";"2026-07-11 00:00:00";"Day 1: Power Push (Heavy Chest & Shoulders)";"4115";"Lateral Raise (Dumbbell)";"2";"17.5";"9";"7.8";"";"";"";"";"6.5";"5.1";"39"
"62";"2026-07-11 00:00:00";"Day 1: Power Push (Heavy Chest & Shoulders)";"4115";"Lateral Raise (Dumbbell)";"Rest Timer";"";"";"";"";"119";"";"";"6.5";"5.1";"39"
"62";"2026-07-11 00:00:00";"Day 1: Power Push (Heavy Chest & Shoulders)";"4115";"Lateral Raise (Dumbbell)";"3";"20.0";"9";"7.9";"";"";"";"";"6.5";"5.1";"39"
"62";"2026-07-11 00:00:00";"Day 1: Power Push (Heavy Chest & Shoulders)";"4115";"Triceps Extension (Cable)";"W";"25.0";"10";"";"";"";"";"";"6.5";"5.1";"39"
"62";"2026-07-11 00:00:00";"Day 1: Power Push (Heavy Chest & Shoulders)";"4115";"Triceps Extension (Cable)";"1";"47.5";"7";"7.2";"";"";"";"";"6.5";"5.1";"39"
"62";"2026-07-11 00:00:00";"Day 1: Power Push (Heavy Chest & Shoulders)";"4115";"Triceps Extension (Cable)";"Rest Timer";"";"";"";"";"114";"";"";"6.5";"5.1";"39"
"62";"2026-07-11 00:00:00";"Day 1: Power Push (Heavy Chest & Shoulders)";"4115";"Triceps Extension (Cable)";"2";"47.5";"6";"7.6";"";"";"";"";"6.5";"5.1";"39"
"62";"2026-07-11 00:00:00";"Day 1: Power Push (Heavy Chest & Shoulders)";"4115";"Triceps Extension (Cable)";"Rest Timer";"";"";"";"";"155";"";"";"6.5";"5.1";"39"
"62";"2026-07-11 00:00:00";"Day 1: Power Push (Heavy Chest & Shoulders)";"4115";"Triceps Extension (Cable)";"3";"47.5";"6";"8.1";"";"";"";"";"6.5";"5.1";"39"
"62";"2026-07-11 00:00:00";"Day 1: Power Push (Heavy Chest & Shoulders)";"4115";"Triceps Extension (Cable)";"Rest Timer";"";"";"";"";"138";"";"";"6.5";"5.1";"39"
"62";"2026-07-11 00:00:00";"Day 1: Power Push (Heavy Chest & Shoulders)";"4115";"Triceps Extension (Cable)";"4";"47.5";"3";"8.8";"";"";"";"";"6.5";"5.1";"39"
"62";"2026-07-11 00:00:00";"Day 1: Power Push (Heavy Chest & Shoulders)";"4115";"Shoulder Press (Machine)";"W";"27.5";"13";"";"";"";"";"";"6.5";"5.1";"39"
"62";"2026-07-11 00:00:00";"Day 1: Power Push (Heavy Chest & Shoulders)";"4115";"Shoulder Press (Machine)";"1";"42.5";"5";"6.7";"";"";"";"";"6.5";"5.1";"39"
"62";"2026-07-11 00:00:00";"Day 1: Power Push (Heavy Chest & Shoulders)";"4115";"Shoulder Press (Machine)";"Rest Timer";"";"";"";"";"97";"";"";"6.5";"5.1";"39"
"62";"2026-07-11 00:00:00";"Day 1: Power Push (Heavy Chest & Shoulders)";"4115";"Shoulder Press (Machine)";"2";"45.0";"1";"7.3";"";"";"";"";"6.5";"5.1";"39"
"62";"2026-07-11 00:00:00";"Day 1: Power Push (Heavy Chest & Shoulders)";"4115";"Shoulder Press (Machine)";"Rest Timer";"";"";"";"";"115";"";"";"6.5";"5.1";"39"
"62";"2026-07-11 00:00:00";"Day 1: Power Push (Heavy Chest & Shoulders)";"4115";"Shoulder Press (Machine)";"3";"45.0";"3";"7.8";"";"";"";"";"6.5";"5.1";"39"
"62";"2026-07-11 00:00:00";"Day 1: Power Push (Heavy Chest & Shoulders)";"4115";"Shoulder Press (Machine)";"Rest Timer";"";"";"";"";"148";"";"";"6.5";"5.1";"39"
"62";"2026-07-11 00:00:00";"Day 1: Power Push (Heavy Chest & Shoulders)";"4115";"Shoulder Press (Machine)";"4";"47.5";"1";"7.9";"";"";"";"";"6.5";"5.1";"39"
"63";"2026-07-14 00:00:00";"Day 3: Power Pull (Heavy Back & Deadlifts)";"3712";"Lat Pulldown (Cable)";"W";"30.0";"13";"";"";"";"";"";"6.6";"5.2";"40"
"63";"2026-07-14 00:00:00";"Day 3: Power Pull (Heavy Back & Deadlifts)";"3712";"Lat Pulldown (Cable)";"1";"55.0";"8";"7.3";"";"";"";"";"6.6";"5.2";"40"
"63";"2026-07-14 00:00:00";"Day 3: Power Pull (Heavy Back & Deadlifts)";"3712";"Lat Pulldown (Cable)";"Rest Timer";"";"";"";"";"155";"";"";"6.6";"5.2";"40"
"63";"2026-07-14 00:00:00";"Day 3: Power Pull (Heavy Back & Deadlifts)";"3712";"Lat Pulldown (Cable)";"2";"57.5";"8";"7.9";"";"";"";"";"6.6";"5.2";"40"
"63";"2026-07-14 00:00:00";"Day 3: Power Pull (Heavy Back & Deadlifts)";"3712";"Lat Pulldown (Cable)";"Rest Timer";"";"";"";"";"136";"";"";"6.6";"5.2";"40"
"63";"2026-07-14 00:00:00";"Day 3: Power Pull (Heavy Back & Deadlifts)";"3712";"Lat Pulldown (Cable)";"3";"60.0";"4";"8.2";"";"";"";"";"6.6";"5.2";"40"
"63";"2026-07-14 00:00:00";"Day 3: Power Pull (Heavy Back & Deadlifts)";"3712";"Lat Pulldown (Cable)";"Rest Timer";"";"";"";"";"164";"";"";"6.6";"5.2";"40"
"63";"2026-07-14 00:00:00";"Day 3: Power Pull (Heavy Back & Deadlifts)";"3712";"Lat Pulldown (Cable)";"4";"62.5";"4";"8.7";"";"";"";"";"6.6";"5.2";"40"
"63";"2026-07-14 00:00:00";"Day 3: Power Pull (Heavy Back & Deadlifts)";"3712";"Seated Row (Cable)";"W";"15.0";"15";"";"";"";"";"";"6.6";"5.2";"40"
"63";"2026-07-14 00:00:00";"Day 3: Power Pull (Heavy Back & Deadlifts)";"3712";"Seated Row (Cable)";"1";"25.0";"11";"7.4";"";"";"";"";"6.6";"5.2";"40"
"63";"2026-07-14 00:00:00";"Day 3: Power Pull (Heavy Back & Deadlifts)";"3712";"Seated Row (Cable)";"Rest Timer";"";"";"";"";"176";"";"";"6.6";"5.2";"40"
"63";"2026-07-14 00:00:00";"Day 3: Power Pull (Heavy Back & Deadlifts)";"3712";"Seated Row (Cable)";"2";"25.0";"8";"7.9";"";"";"";"";"6.6";"5.2";"40"
"63";"2026-07-14 00:00:00";"Day 3: Power Pull (Heavy Back & Deadlifts)";"3712";"Seated Row (Cable)";"Rest Timer";"";"";"";"";"99";"";"";"6.6";"5.2";"40"
"63";"2026-07-14 00:00:00";"Day 3: Power Pull (Heavy Back & Deadlifts)";"3712";"Seated Row (Cable)";"3";"25.0";"6";"8.5";"";"";"";"";"6.6";"5.2";"40"
"63";"2026-07-14 00:00:00";"Day 3: Power Pull (Heavy Back & Deadlifts)";"3712";"Seated Row (Cable)";"Rest Timer";"";"";"";"";"148";"";"";"6.6";"5.2";"40"
"63";"2026-07-14 00:00:00";"Day 3: Power Pull (Heavy Back & Deadlifts)";"3712";"Seated Row (Cable)";"4";"25.0";"7";"8.8";"";"";"";"";"6.6";"5.2";"40"
"63";"2026-07-14 00:00:00";"Day 3: Power Pull (Heavy Back & Deadlifts)";"3712";"Seated Row (Cable)";"Rest Timer";"";"";"";"";"161";"";"";"6.6";"5.2";"40"
"63";"2026-07-14 00:00:00";"Day 3: Power Pull (Heavy Back & Deadlifts)";"3712";"Seated Row (Cable)";"5";"25.0";"5";"8.8";"";"";"";"";"6.6";"5.2";"40"
"63";"2026-07-14 00:00:00";"Day 3: Power Pull (Heavy Back & Deadlifts)";"3712";"Reverse Fly (Cable)";"W";"32.5";"10";"";"";"";"";"";"6.6";"5.2";"40"
"63";"2026-07-14 00:00:00";"Day 3: Power Pull (Heavy Back & Deadlifts)";"3712";"Reverse Fly (Cable)";"1";"52.5";"11";"7.4";"";"";"";"";"6.6";"5.2";"40"
"63";"2026-07-14 00:00:00";"Day 3: Power Pull (Heavy Back & Deadlifts)";"3712";"Reverse Fly (Cable)";"Rest Timer";"";"";"";"";"91";"";"";"6.6";"5.2";"40"
"63";"2026-07-14 00:00:00";"Day 3: Power Pull (Heavy Back & Deadlifts)";"3712";"Reverse Fly (Cable)";"2";"52.5";"15";"7.7";"";"";"";"";"6.6";"5.2";"40"
"63";"2026-07-14 00:00:00";"Day 3: Power Pull (Heavy Back & Deadlifts)";"3712";"Reverse Fly (Cable)";"Rest Timer";"";"";"";"";"164";"";"";"6.6";"5.2";"40"
"63";"2026-07-14 00:00:00";"Day 3: Power Pull (Heavy Back & Deadlifts)";"3712";"Reverse Fly (Cable)";"3";"52.5";"9";"8.0";"";"";"";"";"6.6";"5.2";"40"
"63";"2026-07-14 00:00:00";"Day 3: Power Pull (Heavy Back & Deadlifts)";"3712";"Bicep Curl (Machine)";"W";"17.5";"11";"";"";"";"";"";"6.6";"5.2";"40"
"63";"2026-07-14 00:00:00";"Day 3: Power Pull (Heavy Back & Deadlifts)";"3712";"Bicep Curl (Machine)";"1";"27.5";"9";"7.3";"";"";"";"";"6.6";"5.2";"40"
"63";"2026-07-14 00:00:00";"Day 3: Power Pull (Heavy Back & Deadlifts)";"3712";"Bicep Curl (Machine)";"Rest Timer";"";"";"";"";"109";"";"";"6.6";"5.2";"40"
"63";"2026-07-14 00:00:00";"Day 3: Power Pull (Heavy Back & Deadlifts)";"3712";"Bicep Curl (Machine)";"2";"27.5";"7";"7.8";"";"";"";"";"6.6";"5.2";"40"
"63";"2026-07-14 00:00:00";"Day 3: Power Pull (Heavy Back & Deadlifts)";"3712";"Bicep Curl (Machine)";"Rest Timer";"";"";"";"";"92";"";"";"6.6";"5.2";"40"
"63";"2026-07-14 00:00:00";"Day 3: Power Pull (Heavy Back & Deadlifts)";"3712";"Bicep Curl (Machine)";"3";"30.0";"6";"8.4";"";"";"";"";"6.6";"5.2";"40"
"63";"2026-07-14 00:00:00";"Day 3: Power Pull (Heavy Back & Deadlifts)";"3712";"Bicep Curl (Machine)";"Rest Timer";"";"";"";"";"172";"";"";"6.6";"5.2";"40"
"63";"2026-07-14 00:00:00";"Day 3: Power Pull (Heavy Back & Deadlifts)";"3712";"Bicep Curl (Machine)";"4";"32.5";"5";"8.6";"";"";"";"";"6.6";"5.2";"40"
"63";"2026-07-14 00:00:00";"Day 3: Power Pull (Heavy Back & Deadlifts)";"3712";"Back Extension";"W";"35.0";"15";"";"";"";"";"";"6.6";"5.2";"40"
"63";"2026-07-14 00:00:00";"Day 3: Power Pull (Heavy Back & Deadlifts)";"3712";"Back Extension";"1";"57.5";"11";"7.2";"";"";"";"";"6.6";"5.2";"40"
"63";"2026-07-14 00:00:00";"Day 3: Power Pull (Heavy Back & Deadlifts)";"3712";"Back Extension";"Rest Timer";"";"";"";"";"155";"";"";"6.6";"5.2";"40"
"63";"2026-07-14 00:00:00";"Day 3: Power Pull (Heavy Back & Deadlifts)";"3712";"Back Extension";"2";"57.5";"9";"7.5";"";"";"";"";"6.6";"5.2";"40"
"63";"2026-07-14 00:00:00";"Day 3: Power Pull (Heavy Back & Deadlifts)";"3712";"Back Extension";"Rest Timer";"";"";"";"";"160";"";"";"6.6";"5.2";"40"
"63";"2026-07-14 00:00:00";"Day 3: Power Pull (Heavy Back & Deadlifts)";"3712";"Back Extension";"3";"57.5";"10";"8.1";"";"";"";"";"6.6";"5.2";"40"
"63";"2026-07-14 00:00:00";"Day 3: Power Pull (Heavy Back & Deadlifts)";"3712";"Back Extension";"Rest Timer";"";"";"";"";"147";"";"";"6.6";"5.2";"40"
"63";"2026-07-14 00:00:00";"Day 3: Power Pull (Heavy Back & Deadlifts)";"3712";"Back Extension";"4";"57.5";"11";"8.7";"";"";"";"";"6.6";"5.2";"40"
"63";"2026-07-14 00:00:00";"Day 3: Power Pull (Heavy Back & Deadlifts)";"3712";"Shrug (Dumbbell)";"W";"17.5";"15";"";"";"";"";"";"6.6";"5.2";"40"
"63";"2026-07-14 00:00:00";"Day 3: Power Pull (Heavy Back & Deadlifts)";"3712";"Shrug (Dumbbell)";"1";"27.5";"11";"6.9";"";"";"";"";"6.6";"5.2";"40"
"63";"2026-07-14 00:00:00";"Day 3: Power Pull (Heavy Back & Deadlifts)";"3712";"Shrug (Dumbbell)";"Rest Timer";"";"";"";"";"97";"";"";"6.6";"5.2";"40"
"63";"2026-07-14 00:00:00";"Day 3: Power Pull (Heavy Back & Deadlifts)";"3712";"Shrug (Dumbbell)";"2";"27.5";"10";"7.4";"";"";"";"";"6.6";"5.2";"40"
"63";"2026-07-14 00:00:00";"Day 3: Power Pull (Heavy Back & Deadlifts)";"3712";"Shrug (Dumbbell)";"Rest Timer";"";"";"";"";"170";"";"";"6.6";"5.2";"40"
"63";"2026-07-14 00:00:00";"Day 3: Power Pull (Heavy Back & Deadlifts)";"3712";"Shrug (Dumbbell)";"3";"27.5";"7";"7.8";"";"";"";"";"6.6";"5.2";"40"
"63";"2026-07-14 00:00:00";"Day 3: Power Pull (Heavy Back & Deadlifts)";"3712";"Shrug (Dumbbell)";"Rest Timer";"";"";"";"";"151";"";"";"6.6";"5.2";"40"
"63";"2026-07-14 00:00:00";"Day 3: Power Pull (Heavy Back & Deadlifts)";"3712";"Shrug (Dumbbell)";"4";"27.5";"7";"8.3";"";"";"";"";"6.6";"5.2";"40"
"63";"2026-07-14 00:00:00";"Day 3: Power Pull (Heavy Back & Deadlifts)";"3712";"Back Cable Pull";"W";"35.0";"11";"";"";"";"";"";"6.6";"5.2";"40"
"63";"2026-07-14 00:00:00";"Day 3: Power Pull (Heavy Back & Deadlifts)";"3712";"Back Cable Pull";"1";"55.0";"9";"7.2";"";"";"";"";"6.6";"5.2";"40"
"63";"2026-07-14 00:00:00";"Day 3: Power Pull (Heavy Back & Deadlifts)";"3712";"Back Cable Pull";"Rest Timer";"";"";"";"";"173";"";"";"6.6";"5.2";"40"
"63";"2026-07-14 00:00:00";"Day 3: Power Pull (Heavy Back & Deadlifts)";"3712";"Back Cable Pull";"2";"57.5";"9";"7.6";"";"";"";"";"6.6";"5.2";"40"
"63";"2026-07-14 00:00:00";"Day 3: Power Pull (Heavy Back & Deadlifts)";"3712";"Back Cable Pull";"Rest Timer";"";"";"";"";"126";"";"";"6.6";"5.2";"40"
"63";"2026-07-14 00:00:00";"Day 3: Power Pull (Heavy Back & Deadlifts)";"3712";"Back Cable Pull";"3";"60.949999999999996";"6";"8.2";"";"";"";"";"6.6";"5.2";"40"
"63";"2026-07-14 00:00:00";"Day 3: Power Pull (Heavy Back & Deadlifts)";"3712";"Back Cable Pull";"Rest Timer";"";"";"";"";"94";"";"";"6.6";"5.2";"40"
"63";"2026-07-14 00:00:00";"Day 3: Power Pull (Heavy Back & Deadlifts)";"3712";"Back Cable Pull";"4";"60.949999999999996";"7";"8.3";"";"";"";"";"6.6";"5.2";"40"
"63";"2026-07-14 00:00:00";"Day 3: Power Pull (Heavy Back & Deadlifts)";"3712";"Iso-Lateral Row (Machine)";"W";"30.0";"13";"";"";"";"";"";"6.6";"5.2";"40"
"63";"2026-07-14 00:00:00";"Day 3: Power Pull (Heavy Back & Deadlifts)";"3712";"Iso-Lateral Row (Machine)";"1";"47.5";"4";"6.7";"";"";"";"";"6.6";"5.2";"40"
"63";"2026-07-14 00:00:00";"Day 3: Power Pull (Heavy Back & Deadlifts)";"3712";"Iso-Lateral Row (Machine)";"Rest Timer";"";"";"";"";"146";"";"";"6.6";"5.2";"40"
"63";"2026-07-14 00:00:00";"Day 3: Power Pull (Heavy Back & Deadlifts)";"3712";"Iso-Lateral Row (Machine)";"2";"47.5";"6";"7.2";"";"";"";"";"6.6";"5.2";"40"
"63";"2026-07-14 00:00:00";"Day 3: Power Pull (Heavy Back & Deadlifts)";"3712";"Iso-Lateral Row (Machine)";"Rest Timer";"";"";"";"";"143";"";"";"6.6";"5.2";"40"
"63";"2026-07-14 00:00:00";"Day 3: Power Pull (Heavy Back & Deadlifts)";"3712";"Iso-Lateral Row (Machine)";"3";"47.5";"4";"7.3";"";"";"";"";"6.6";"5.2";"40"
"63";"2026-07-14 00:00:00";"Day 3: Power Pull (Heavy Back & Deadlifts)";"3712";"Iso-Lateral Row (Machine)";"Rest Timer";"";"";"";"";"174";"";"";"6.6";"5.2";"40"
"63";"2026-07-14 00:00:00";"Day 3: Power Pull (Heavy Back & Deadlifts)";"3712";"Iso-Lateral Row (Machine)";"4";"47.5";"3";"8.1";"";"";"";"";"6.6";"5.2";"40"
"63";"2026-07-14 00:00:00";"Day 3: Power Pull (Heavy Back & Deadlifts)";"3712";"Iso-Lateral Row (Machine)";"Rest Timer";"";"";"";"";"180";"";"";"6.6";"5.2";"40"
"63";"2026-07-14 00:00:00";"Day 3: Power Pull (Heavy Back & Deadlifts)";"3712";"Iso-Lateral Row (Machine)";"5";"47.5";"1";"8.2";"";"";"";"";"6.6";"5.2";"40"
